Project Geographic District,Project Building Identifier,Project School Name,Project Type,Project Description,Project Phase Name,Project Status Name,Project Phase Actual Start Date,Project Phase Planned End Date,Project Phase Actual End Date,Project Budget Amount,Final Estimate of Actual Costs Through End of Phase Amount,Total Phase Actual Spending Amount,DSF Number(s),orcamento_base,custo_final,gasto_real,dt_inicio,dt_plan_fim,dt_real_fim,fator_custo,atraso_dias,duracao_plan,ano_inicio,alto_risco,distrito,borough,log_orcamento,esc_eletrica,esc_hvac,esc_estrutural,esc_seguranca,esc_acessibilidade
15,K001,P.S. 1 - BROOKLYN,SCA CIP,PUBLIC ADDRESS/CLOCK SYSTEM,"CM,F&E",Complete,6/19/2019,3/14/2020,9/18/2020,169020,78465,77101,DSF0000868414,169020.0,78465.0,77101.0,2019-06-19,2020-03-14,2020-09-18,0.46423500177493787,188,269,2019,1,15,Brooklyn,5.227938097369417,0,0,0,0,0
15,K001,P.S. 1 - BROOKLYN,SCA CIP,PUBLIC ADDRESS/CLOCK SYSTEM,Construction,Complete,6/19/2019,3/14/2020,9/18/2020,729290,666561,532299,DSF0000868414,729290.0,666561.0,532299.0,2019-06-19,2020-03-14,2020-09-18,0.9139862057617683,188,269,2019,1,15,Brooklyn,5.862900258572467,0,0,0,0,0
15,K001,P.S. 1 - BROOKLYN,SCA CIP,PUBLIC ADDRESS/CLOCK SYSTEM,Design,Complete,7/23/2018,12/24/2018,3/18/2019,68860,60903,22230,DSF0000868414,68860.0,60903.0,22230.0,2018-07-23,2018-12-24,2019-03-18,0.8844467034562882,84,154,2018,0,15,Brooklyn,4.837967018368655,0,0,0,0,0
15,K001,P.S. 1 - BROOKLYN,SCA CIP,PUBLIC ADDRESS/CLOCK SYSTEM,Scope,Complete,5/3/2018,8/2/2018,6/26/2018,18780,12755,12755,DSF0000868414,18780.0,12755.0,12755.0,2018-05-03,2018-08-02,2018-06-26,0.6791799787007454,-37,91,2018,0,15,Brooklyn,4.273695587930092,0,0,0,0,0
15,K001,P.S. 1 - BROOKLYN,SCA CIP RESOA,FY19 RESO A AUDITORIUM UPGRADE,Design,Complete,4/17/2019,9/17/2019,5/16/2019,28455,49314,21696,DSF0000890739,28455.0,49314.0,21696.0,2019-04-17,2019-09-17,2019-05-16,1.7330521876647338,-124,153,2019,1,15,Brooklyn,4.454158589944344,0,0,0,0,0
17,K002,I.S. 2 - BROOKLYN,SCA CIP,CONDENSING UNITS DX COILS REPLACEMENT / VENTILATION / CLIMATE CONTROL / LOW-VOLTAGE ELECTRICAL SYSTEM,Design,Complete,2/20/2019,7/11/2019,6/30/2020,567195,384402,365868,"DSF0000891044, DSF0000891163, DSF0000891142, DSF0000891143",567195.0,384402.0,365868.0,2019-02-20,2019-07-11,2020-06-30,0.6777245920715098,355,141,2019,1,17,Brooklyn,5.753732393751208,1,1,0,0,0
17,K002,I.S. 2 - BROOKLYN,SCA CIP,ROOFS / PARAPETS / EXTERIOR MASONRY,Design,Complete,2/20/2019,7/22/2019,6/30/2020,84681,162297,16074,"DSF0000868429, DSF0000868430, DSF0000868432",84681.0,162297.0,16074.0,2019-02-20,2019-07-22,2020-06-30,1.9165692422149005,344,152,2019,1,17,Brooklyn,4.927785977971815,0,0,1,0,0
17,K002,I.S. 2 - BROOKLYN,SCA CIP,IPDVS CAMERA INSTALLATION,Design,Complete,6/19/2020,12/16/2020,12/1/2020,12711,9940,9940,DSF0000960733,12711.0,9940.0,9940.0,2020-06-19,2020-12-16,2020-12-01,0.7819998426559672,-15,180,2020,0,17,Brooklyn,4.104179718720652,0,0,0,0,0
17,K002,I.S. 2 - BROOKLYN,SCA CIP,CONDENSING UNITS DX COILS REPLACEMENT / VENTILATION / CLIMATE CONTROL / LOW-VOLTAGE ELECTRICAL SYSTEM,Scope,Complete,10/16/2018,2/15/2019,2/20/2019,113439,124875,124875,"DSF0000891044, DSF0000891163, DSF0000891142, DSF0000891143",113439.0,124875.0,124875.0,2018-10-16,2019-02-15,2019-02-20,1.1008118900907096,5,122,2018,1,17,Brooklyn,5.054762389415189,1,1,0,0,0
17,K002,I.S. 2 - BROOKLYN,SCA CIP,ROOFS / PARAPETS / EXTERIOR MASONRY,Scope,Complete,10/16/2018,3/6/2019,2/20/2019,18818,95698,4517,"DSF0000868429, DSF0000868430, DSF0000868432",18818.0,95698.0,4517.0,2018-10-16,2019-03-06,2019-02-20,5.085450100967159,-14,141,2018,1,17,Brooklyn,4.274573464196471,0,0,1,0,0
16,K005,P.S. 5 - BROOKLYN,SCA CIP,PLANYC CLIMATE CONTROL / PLANYC BOILER CONVERSION,Scope,Complete,9/17/2020,2/18/2021,12/9/2020,90737,47369,40754,"DSF0000936438, DSF0000961025",90737.0,47369.0,40754.0,2020-09-17,2021-02-18,2020-12-09,0.5220472354166437,-71,154,2020,0,16,Brooklyn,4.957784416268065,0,1,0,0,0
19,K007,P.S. 7 - BROOKLYN,SCA CIP,TCU REMOVAL/PLAYGROUND REDEVELOPMENT,Scope,Complete,6/24/2019,9/23/2019,9/13/2019,13127,49432,49282,DSF0000912614,13127.0,49432.0,49282.0,2019-06-24,2019-09-23,2019-09-13,3.765673802087301,-10,91,2019,1,19,Brooklyn,4.118165485243124,0,0,0,0,0
13,K009,PUBLIC SCHOOL 9 THE SARAH SMITH GARNET SCHOOL - BROOKLYN,SCA CIP RESOA,FY18 RESO A AUDITORIUM UPGRADE,Design,Complete,2/26/2019,7/26/2019,8/19/2019,21000,36276,35019,DSF0000867254,21000.0,36276.0,35019.0,2019-02-26,2019-07-26,2019-08-19,1.7274285714285715,24,150,2019,1,13,Brooklyn,4.3222192947339195,0,0,0,0,0
15,K010,P.S. 10 - BROOKLYN,SCA CIP,WINDOWS / FLOOD ELIMINATION / ROOFS / PARAPETS / EXTERIOR MASONRY,Scope,Complete,6/2/2020,11/30/2020,10/8/2020,186915,224226,180337,"DSF0000936536, DSF0000936532, DSF0000936534, DSF0000936535, DSF0000936537",186915.0,224226.0,180337.0,2020-06-02,2020-11-30,2020-10-08,1.1996147981702914,-53,181,2020,1,15,Brooklyn,5.271644155075083,0,0,1,0,0
13,K011,P.S. 11 - BROOKLYN,SCA CIP,FLOOD ELIMINATION / ROOFS / PARAPETS / EXTERIOR MASONRY,Design,Complete,1/30/2019,7/1/2019,5/13/2019,462221,352691,284681,"DSF0000868551, DSF0000868553, DSF0000868554, DSF0000868555",462221.0,352691.0,284681.0,2019-01-30,2019-07-01,2019-05-13,0.7630354311033034,-49,152,2019,0,13,Brooklyn,5.6648496728110675,0,0,1,0,0
13,K011,P.S. 11 - BROOKLYN,SCA CIP,ELECTRICAL WORK FOR A/C INITIATIVE / LL26 CODE COMPLIANCE/EXIT SIGN REPLACEMENT,Design,Complete,8/13/2019,1/16/2020,1/15/2020,20553,5062,5062,"DSF0000912670, DSF0000912951",20553.0,5062.0,5062.0,2019-08-13,2020-01-16,2020-01-15,0.2462900793071571,-1,156,2019,0,13,Brooklyn,4.312875222239046,1,0,0,0,0
13,K011,P.S. 11 - BROOKLYN,SCA CIP,FLOOD ELIMINATION / ROOFS / PARAPETS / EXTERIOR MASONRY,Scope,Complete,10/2/2018,2/21/2019,1/24/2019,116367,129019,116070,"DSF0000868551, DSF0000868553, DSF0000868554, DSF0000868555",116367.0,129019.0,116070.0,2018-10-02,2019-02-21,2019-01-24,1.1087249821684841,-28,142,2018,1,13,Brooklyn,5.065829838133072,0,0,1,0,0
22,K014,I.S. 14 - BROOKLYN,SCA CIP,WATER PENETRATION INTO BOILER ROOM / PLANYC BOILER CONVERSION / PLANYC CLIMATE CONTROL,"CM,F&E",Complete,2/21/2017,8/14/2018,2/3/2020,660150,1514914,1509367,"DSF0000801384, DSF0000798243, DSF0000778032",660150.0,1514914.0,1509367.0,2017-02-21,2018-08-14,2020-02-03,2.2948026963568884,538,539,2017,1,22,Brooklyn,5.819642627618626,0,1,0,0,0
22,K014,I.S. 14 - BROOKLYN,SCA CIP,WATER PENETRATION INTO BOILER ROOM / PLANYC BOILER CONVERSION / PLANYC CLIMATE CONTROL,Construction,Complete,2/21/2017,8/14/2018,2/3/2020,9263340,9216762,8280802,"DSF0000801384, DSF0000798243, DSF0000778032",9263340.0,9216762.0,8280802.0,2017-02-21,2018-08-14,2020-02-03,0.9949717920318157,538,539,2017,1,22,Brooklyn,6.9667676046121,0,1,0,0,0
22,K014,I.S. 14 - BROOKLYN,SCA CIP,ELECTRICAL WORK FOR A/C INITIATIVE / LL26 CODE COMPLIANCE/EXIT SIGN REPLACEMENT,Design,Complete,7/24/2019,12/26/2019,12/18/2019,40611,13401,13401,"DSF0000912041, DSF0000912801",40611.0,13401.0,13401.0,2019-07-24,2019-12-26,2019-12-18,0.32998448696166066,-8,155,2019,0,22,Brooklyn,4.6086436836327325,1,0,0,0,0
22,K014,I.S. 14 - BROOKLYN,SCA CIP,WATER PENETRATION INTO BOILER ROOM / PLANYC BOILER CONVERSION / PLANYC CLIMATE CONTROL,Design,Complete,3/11/2016,8/10/2016,6/30/2016,514345,551128,546674,"DSF0000801384, DSF0000798243, DSF0000778032",514345.0,551128.0,546674.0,2016-03-11,2016-08-10,2016-06-30,1.0715142559954893,-41,152,2016,0,22,Brooklyn,5.711254522370365,0,1,0,0,0
22,K014,I.S. 14 - BROOKLYN,SCA CIP,WATER PENETRATION INTO BOILER ROOM / PLANYC BOILER CONVERSION / PLANYC CLIMATE CONTROL,Scope,Complete,12/16/2015,5/18/2016,3/3/2016,129646,167497,152174,"DSF0000801384, DSF0000798243, DSF0000778032",129646.0,167497.0,152174.0,2015-12-16,2016-05-18,2016-03-03,1.2919565586288817,-76,154,2015,1,22,Brooklyn,5.112759121917356,0,1,0,0,0
14,K017,P.S. 17 - BROOKLYN,SCA CIP,BUILDING FAN REPLACEMENT / ELECTRICAL UPGRADE,Design,Complete,1/29/2014,6/30/2014,12/17/2014,375158,608777,528873,"DSF0000755637, DSF0000778097",375158.0,608777.0,528873.0,2014-01-29,2014-06-30,2014-12-17,1.622721626621317,170,152,2014,1,14,Brooklyn,5.574214211931888,1,0,0,0,0
14,K017,P.S. 17 - BROOKLYN,SCA CIP,BUILDING FAN REPLACEMENT / ELECTRICAL UPGRADE,Scope,Complete,6/24/2013,10/25/2013,11/12/2013,95463,57505,57505,"DSF0000755637, DSF0000778097",95463.0,57505.0,57505.0,2013-06-24,2013-10-25,2013-11-12,0.6023799796779904,18,123,2013,0,14,Brooklyn,4.979835078290998,1,0,0,0,0
14,K017,I.S. 577 - BROOKLYN,SCA CIP,CERTIFICATE OF OCCUPANCY,Scope,Complete,4/6/2017,11/2/2017,12/19/2017,172905,130915,130915,DSF0000865947,172905.0,130915.0,130915.0,2017-04-06,2017-11-02,2017-12-19,0.7571498799919031,47,210,2017,0,14,Brooklyn,5.237807552215578,0,0,0,0,0
16,K021,P.S. 21 - BROOKLYN,SCA CIP,PLANYC BOILER CONVERSION / PLANYC CLIMATE CONTROL,Design,Complete,5/4/2020,10/2/2020,7/22/2020,435590,169147,147612,"DSF0000798392, DSF0000936743",435590.0,169147.0,147612.0,2020-05-04,2020-10-02,2020-07-22,0.38831699533965425,-72,151,2020,0,16,Brooklyn,5.639077900939867,0,1,0,0,0
16,K021,P.S. 21 - BROOKLYN,SCA CIP,PLANYC BOILER CONVERSION / PLANYC CLIMATE CONTROL,Scope,Complete,1/31/2020,7/1/2020,4/30/2020,87118,50911,50911,"DSF0000798392, DSF0000936743",87118.0,50911.0,50911.0,2020-01-31,2020-07-01,2020-04-30,0.5843912853830436,-62,152,2020,0,16,Brooklyn,4.940107896603848,0,1,0,0,0
17,K022,P.S. 705 - BROOKLYN,SCA CIP,HVAC,Design,Complete,6/19/2018,12/19/2018,4/16/2019,161340,177588,116862,DSF0000868772,161340.0,177588.0,116862.0,2018-06-19,2018-12-19,2019-04-16,1.1007065823726292,118,183,2018,1,17,Brooklyn,5.207742052606945,0,1,0,0,0
17,K022,P.S. 705 - BROOKLYN,SCA CIP,PARAPETS / ROOFS,Design,Complete,12/24/2019,5/27/2020,6/30/2020,228471,172474,29157,"DSF0000891499, DSF0000936767",228471.0,172474.0,29157.0,2019-12-24,2020-05-27,2020-06-30,0.7549054365761957,34,155,2019,0,17,Brooklyn,5.358831082571039,0,0,1,0,0
17,K022,P.S. 705 - BROOKLYN,SCA CIP,PARAPETS / ROOFS,Scope,Complete,7/18/2019,12/4/2019,12/24/2019,45694,40511,40511,"DSF0000891499, DSF0000936767",45694.0,40511.0,40511.0,2019-07-18,2019-12-04,2019-12-24,0.8865715411213726,20,139,2019,0,17,Brooklyn,4.659859177357306,0,0,1,0,0
17,K022,P.S. 705 - BROOKLYN,SCA CIP,HVAC,Scope,Complete,3/29/2018,7/30/2018,6/4/2018,40335,29558,29558,DSF0000868772,40335.0,29558.0,29558.0,2018-03-29,2018-07-30,2018-06-04,0.7328126936903434,-56,123,2018,0,17,Brooklyn,4.605682061278983,0,1,0,0,0
15,K024,P.S. 24 - BROOKLYN,SCA CIP,PARAPETS / DOORS,Design,Complete,1/30/2019,7/1/2019,5/6/2020,111806,74385,63190,"DSF0000868795, DSF0000891548",111806.0,74385.0,63190.0,2019-01-30,2019-07-01,2020-05-06,0.6653041876106828,310,152,2019,1,15,Brooklyn,5.048465110321171,0,0,1,0,0
15,K024,P.S. 24 - BROOKLYN,SCA CIP,PARAPETS / DOORS,Scope,Complete,10/16/2018,3/6/2019,1/22/2019,24845,23982,23965,"DSF0000868795, DSF0000891548",24845.0,23982.0,23965.0,2018-10-16,2019-03-06,2019-01-22,0.9652646407727913,-43,141,2018,0,15,Brooklyn,4.395239001081552,0,0,1,0,0
15,K024,P.S. 24 - BROOKLYN,SCA CIP RESOA,FY18 RESO A PLAYGROUNDS,"CM,F&E",Complete,6/25/2019,4/19/2020,4/19/2020,30000,37351,36937,DSF0000867346,30000.0,37351.0,36937.0,2019-06-25,2020-04-19,2020-04-19,1.2450333333333334,0,299,2019,1,15,Brooklyn,4.477121254719663,0,0,0,0,0
15,K024,P.S. 24 - BROOKLYN,SCA CIP RESOA,FY18 RESO A PLAYGROUNDS,Construction,Complete,6/25/2019,4/19/2020,4/19/2020,440000,376440,283076,DSF0000867346,440000.0,376440.0,283076.0,2019-06-25,2020-04-19,2020-04-19,0.8555454545454545,0,299,2019,0,15,Brooklyn,5.643452676486188,0,0,0,0,0
15,K024,P.S. 24 - BROOKLYN,SCA CIP RESOA,FY18 RESO A PLAYGROUNDS,Design,Complete,11/14/2018,4/3/2019,4/25/2019,30000,41091,38129,DSF0000867346,30000.0,41091.0,38129.0,2018-11-14,2019-04-03,2019-04-25,1.3697,22,140,2018,1,15,Brooklyn,4.477121254719663,0,0,0,0,0
16,K025,P.S. 25 - BROOKLYN,SCA CIP,PLAY YARD,Design,Complete,12/18/2018,5/6/2019,5/13/2020,102684,86455,86455,DSF0000889320,102684.0,86455.0,86455.0,2018-12-18,2019-05-06,2020-05-13,0.8419520081025281,373,139,2018,1,16,Brooklyn,5.011502778036918,0,0,0,0,0
16,K025,P.S. 25 - BROOKLYN,SCA CIP,PLAY YARD,Scope,Complete,7/5/2018,10/3/2018,12/18/2018,25671,58267,57740,DSF0000889320,25671.0,58267.0,57740.0,2018-07-05,2018-10-03,2018-12-18,2.2697596509680182,76,90,2018,1,16,Brooklyn,4.409442786708955,0,0,0,0,0
15,K027,RED HOOK NEIGHBORHOOD SCHOOL  - K,SCA CIP,AUDITORIUM UPGRADE / PATH OF TRAVEL AUDITORIUM UPGRADE,Design,Complete,9/27/2019,12/3/2019,3/20/2020,76174,41395,38255,"DSF0000868850, DSF0000912554",76174.0,41395.0,38255.0,2019-09-27,2019-12-03,2020-03-20,0.5434268910651928,108,67,2019,1,15,Brooklyn,4.8818067615841425,0,0,0,0,1
15,K027,SUMMIT ACADEMY CHARTER SCHOOL - K,SCA CIP,RPZ BACKFLOW PREVENTION DEVICES,Design,Complete,9/25/2019,3/25/2020,4/13/2020,65451,40381,40381,DSF0000888997,65451.0,40381.0,40381.0,2019-09-25,2020-03-25,2020-04-13,0.6169653634016287,19,182,2019,0,15,Brooklyn,4.8159162863514675,0,0,0,0,0
15,K027,RED HOOK NEIGHBORHOOD SCHOOL  - K,SCA CIP,AUDITORIUM UPGRADE / PATH OF TRAVEL AUDITORIUM UPGRADE,Scope,Complete,2/13/2019,8/5/2019,9/17/2019,16928,15486,15486,"DSF0000868850, DSF0000912554",16928.0,15486.0,15486.0,2019-02-13,2019-08-05,2019-09-17,0.9148156899810964,43,173,2019,0,15,Brooklyn,4.2286056503550915,0,0,0,0,1
15,K027,SUMMIT ACADEMY CHARTER SCHOOL - K,SCA CIP,RPZ BACKFLOW PREVENTION DEVICES,Scope,Complete,10/18/2018,4/18/2019,9/11/2019,14545,16009,16009,DSF0000888997,14545.0,16009.0,16009.0,2018-10-18,2019-04-18,2019-09-11,1.1006531454107942,146,182,2018,1,15,Brooklyn,4.162713725583078,0,0,0,0,0
15,K027,RED HOOK NEIGHBORHOOD SCHOOL  - K,SCA CIP RESOA,FY19 RESO A LIBRARY UPGRADE,"CM,F&E",Complete,8/7/2019,4/2/2020,9/17/2020,104778,134272,103396,DSF0000890803,104778.0,134272.0,103396.0,2019-08-07,2020-04-02,2020-09-17,1.2814903892038405,168,239,2019,1,15,Brooklyn,5.020270104388187,0,0,0,0,0
15,K027,RED HOOK NEIGHBORHOOD SCHOOL  - K,SCA CIP RESOA,FY19 RESO A LIBRARY UPGRADE,Construction,Complete,8/7/2019,4/2/2020,9/17/2020,605869,522368,398947,DSF0000890803,605869.0,522368.0,398947.0,2019-08-07,2020-04-02,2020-09-17,0.862179778136858,168,239,2019,1,15,Brooklyn,5.782378731877019,0,0,0,0,0
15,K027,RED HOOK NEIGHBORHOOD SCHOOL  - K,SCA CIP RESOA,FY19 RESO A LIBRARY UPGRADE,Design,Complete,1/30/2019,6/14/2019,5/14/2019,41309,63115,60367,DSF0000890803,41309.0,63115.0,60367.0,2019-01-30,2019-06-14,2019-05-14,1.5278752814156722,-31,135,2019,1,15,Brooklyn,4.616044681789984,0,0,0,0,0
15,K032,P.S. 32 - BROOKLYN,SCA Capacity,ADDITION,OUTROS,Complete,7/12/2017,7/10/2021,8/18/2020,11759308,5927102,5613725,DSF0000798185,11759308.0,5927102.0,5613725.0,2017-07-12,2021-07-10,2020-08-18,0.5040349313071824,-326,1459,2017,0,15,Brooklyn,7.070381765564609,0,0,0,0,0
15,K032,P.S. 32 - BROOKLYN,SCA Capacity,ADDITION,Construction,Complete,7/12/2017,7/10/2021,8/18/2020,83505972,77610267,66266329,DSF0000798185,83505972.0,77610267.0,66266329.0,2017-07-12,2021-07-10,2020-08-18,0.9293978040277168,-326,1459,2017,0,15,Brooklyn,7.9217175355303295,0,0,0,0,0
15,K032,P.S. 32 - BROOKLYN,SCA Capacity,ADDITION,Design,Complete,8/20/2015,4/1/2016,3/10/2017,5954080,4449074,3532488,DSF0000798185,5954080.0,4449074.0,3532488.0,2015-08-20,2016-04-01,2017-03-10,0.7472311423427297,343,225,2015,1,15,Brooklyn,6.77481466560213,0,0,0,0,0
15,K032,P.S. 32 - BROOKLYN,SCA Capacity,ADDITION,Scope,Complete,3/4/2015,8/18/2015,8/19/2015,1860650,1456708,1450224,DSF0000798185,1860650.0,1456708.0,1450224.0,2015-03-04,2015-08-18,2015-08-19,0.7829027490393142,1,167,2015,0,15,Brooklyn,6.269664687282225,0,0,0,0,0
14,K033,SUCCESS ACADEMY CHARTER SCHOOL - BED-STUY 1,SCA CIP,PLANYC BOILER CONVERSION / PLANYC CLIMATE CONTROL,Design,Complete,12/6/2018,5/9/2019,4/26/2019,456360,309780,282344,"DSF0000890591, DSF0000868912",456360.0,309780.0,282344.0,2018-12-06,2019-05-09,2019-04-26,0.6788062056271364,-13,154,2018,0,14,Brooklyn,5.659307571459207,0,1,0,0,0
14,K033,SUCCESS ACADEMY CHARTER SCHOOL - BED-STUY 1,SCA CIP,PLAY YARD,Design,Complete,6/12/2019,10/28/2019,3/24/2020,70900,52140,50965,DSF0000889321,70900.0,52140.0,50965.0,2019-06-12,2019-10-28,2020-03-24,0.7354019746121297,148,138,2019,1,14,Brooklyn,4.850646235183066,0,0,0,0,0
14,K033,SUCCESS ACADEMY CHARTER SCHOOL - BED-STUY 1,SCA CIP,PLAY YARD,Scope,Complete,7/16/2018,10/15/2018,10/19/2018,15756,38705,38704,DSF0000889321,15756.0,38705.0,38704.0,2018-07-16,2018-10-15,2018-10-19,2.4565244986037067,4,91,2018,1,14,Brooklyn,4.197445972137104,0,0,0,0,0
14,K033,SUCCESS ACADEMY CHARTER SCHOOL - BED-STUY 1,SCA CIP,PLANYC BOILER CONVERSION / PLANYC CLIMATE CONTROL,Scope,Complete,9/21/2018,2/27/2019,11/20/2018,114090,64315,64315,"DSF0000890591, DSF0000868912",114090.0,64315.0,64315.0,2018-09-21,2019-02-27,2018-11-20,0.5637216232798667,-99,159,2018,0,14,Brooklyn,5.057247580131245,0,1,0,0,0
16,K035,I.S. 35 - BROOKLYN,SCA CIP,FULL PROGRAM ACCESSIBILITY,"CM,F&E",Complete,7/17/2017,1/7/2019,3/5/2020,621638,1228933,1160716,DSF0000822095,621638.0,1228933.0,1160716.0,2017-07-17,2019-01-07,2020-03-05,1.97692708618199,423,539,2017,1,16,Brooklyn,5.793537554515335,0,0,0,0,1
16,K035,I.S. 35 - BROOKLYN,SCA CIP,FULL PROGRAM ACCESSIBILITY,Construction,Complete,7/17/2017,1/7/2019,3/5/2020,9309375,11529480,9084475,DSF0000822095,9309375.0,11529480.0,9084475.0,2017-07-17,2019-01-07,2020-03-05,1.2384805639476335,423,539,2017,1,16,Brooklyn,6.968920524895138,0,0,0,0,1
16,K035,I.S. 35 - BROOKLYN,SCA CIP,FULL PROGRAM ACCESSIBILITY,Design,Complete,5/2/2016,10/18/2016,4/19/2017,496500,798946,691547,DSF0000822095,496500.0,798946.0,691547.0,2016-05-02,2016-10-18,2017-04-19,1.6091560926485398,183,169,2016,1,16,Brooklyn,5.6959192528314,0,0,0,0,1
16,K035,I.S. 35 - BROOKLYN,SCA CIP,FULL PROGRAM ACCESSIBILITY,Scope,Complete,6/17/2015,11/2/2015,4/29/2016,124125,122611,122540,DSF0000822095,124125.0,122611.0,122540.0,2015-06-17,2015-11-02,2016-04-29,0.9878026183282981,179,138,2015,1,16,Brooklyn,5.093859261503438,0,0,0,0,1
15,K038,P.S. 38 - BROOKLYN,SCA CIP,ELECTRICAL WORK FOR A/C INITIATIVE / LL26 CODE COMPLIANCE/EXIT SIGN REPLACEMENT,Design,Complete,8/21/2019,1/27/2020,1/21/2020,23829,6374,6374,"DSF0000912671, DSF0000913025",23829.0,6374.0,6374.0,2019-08-21,2020-01-27,2020-01-21,0.26748919383943937,-6,159,2019,0,15,Brooklyn,4.377105817269054,1,0,0,0,0
15,K038,P.S. 38 - BROOKLYN,SCA CIP,ROOFS / EXTERIOR MASONRY / PARAPETS,Design,Complete,3/26/2019,8/23/2019,5/15/2019,335528,376894,317998,"DSF0000868968, DSF0000868969, DSF0000891709",335528.0,376894.0,317998.0,2019-03-26,2019-08-23,2019-05-15,1.1232862831119907,-100,150,2019,1,15,Brooklyn,5.52572876813568,0,0,1,0,0
15,K038,P.S. 38 - BROOKLYN,SCA CIP,ROOFS / EXTERIOR MASONRY / PARAPETS,Scope,Complete,10/10/2018,2/28/2019,3/26/2019,85761,67021,63089,"DSF0000868968, DSF0000868969, DSF0000891709",85761.0,67021.0,63089.0,2018-10-10,2019-02-28,2019-03-26,0.7814857569291402,26,141,2018,0,15,Brooklyn,4.9332898363872895,0,0,1,0,0
16,K040,P.S. 40 - BROOKLYN,SCA CIP RESOA,FY16 RESO A ROOFS,"CM,F&E",Complete,7/15/2019,10/6/2020,10/6/2020,240000,345597,341032,DSF0000822279,240000.0,345597.0,341032.0,2019-07-15,2020-10-06,2020-10-06,1.4399875,0,449,2019,1,16,Brooklyn,5.380211241711606,0,0,1,0,0
16,K040,P.S. 40 - BROOKLYN,SCA CIP RESOA,FY16 RESO A ROOFS,Construction,Complete,7/15/2019,10/6/2020,10/6/2020,3520000,3320324,3144455,DSF0000822279,3520000.0,3320324.0,3144455.0,2019-07-15,2020-10-06,2020-10-06,0.9432738636363637,0,449,2019,0,16,Brooklyn,6.546542663478131,0,0,1,0,0
16,K040,P.S. 40 - BROOKLYN,SCA CIP RESOA,FY16 RESO A ROOFS,Design,Complete,8/16/2017,1/22/2018,5/9/2019,240000,181150,148737,DSF0000822279,240000.0,181150.0,148737.0,2017-08-16,2018-01-22,2019-05-09,0.7547916666666666,472,159,2017,1,16,Brooklyn,5.380211241711606,0,0,1,0,0
23,K041,P.S. 41 - BROOKLYN,SCA CIP,PLANYC BOILER CONVERSION / PLANYC CLIMATE CONTROL,Design,Complete,1/18/2019,6/20/2019,5/9/2019,402000,389601,373064,"DSF0000890602, DSF0000884667",402000.0,389601.0,373064.0,2019-01-18,2019-06-20,2019-05-09,0.9691567164179105,-42,153,2019,0,23,Brooklyn,5.60422605308447,0,1,0,0,0
23,K041,P.S. 41 - BROOKLYN,SCA CIP,PLANYC BOILER CONVERSION / PLANYC CLIMATE CONTROL,Scope,Complete,10/22/2018,3/27/2019,1/11/2019,100500,89291,89291,"DSF0000890602, DSF0000884667",100500.0,89291.0,89291.0,2018-10-22,2019-03-27,2019-01-11,0.8884676616915423,-75,156,2018,0,23,Brooklyn,5.002166061756507,0,1,0,0,0
32,K045,P.S. 45 - BROOKLYN,SCA CIP,ELECTRICAL WORK FOR A/C INITIATIVE / LL26 CODE COMPLIANCE/EXIT SIGN REPLACEMENT,Design,Complete,6/5/2019,11/5/2019,10/30/2019,34469,16918,16918,"DSF0000911952, DSF0000912579",34469.0,16918.0,16918.0,2019-06-05,2019-11-05,2019-10-30,0.49081783631669035,-6,153,2019,0,32,Brooklyn,4.537428684023508,1,0,0,0,0
32,K045,P.S. 45 - BROOKLYN,SCA CIP RESOA,FY19 RESO A PLAYGROUND UPGRADE,Design,Complete,6/11/2019,10/25/2019,5/13/2020,27900,1125,1125,DSF0000890745,27900.0,1125.0,1125.0,2019-06-11,2019-10-25,2020-05-13,0.04032258064516129,201,136,2019,1,32,Brooklyn,4.445604203273597,0,0,0,0,0
20,K048,P.S. 48 - BROOKLYN,SCA CIP,PLAYGROUNDS / PATH OF TRAVEL PLAYGROUND UPGRADE,Scope,Complete,6/29/2020,9/28/2020,9/2/2020,13742,21250,21250,"DSF0000937107, DSF0000961569",13742.0,21250.0,21250.0,2020-06-29,2020-09-28,2020-09-02,1.5463542424683452,-26,91,2020,1,20,Brooklyn,4.13804994420489,0,0,0,0,1
14,K049,LYONS COMMUNITY SCHOOL - K,SCA CIP,ELECTRICAL WORK FOR A/C INITIATIVE / LL26 CODE COMPLIANCE/EXIT SIGN REPLACEMENT,"CM,F&E",Complete,7/27/2020,4/22/2021,11/30/2020,113379,36199,36199,"DSF0000911953, DSF0000912599",113379.0,36199.0,36199.0,2020-07-27,2021-04-22,2020-11-30,0.3192742924174671,-143,269,2020,0,14,Brooklyn,5.054532622205162,1,0,0,0,0
14,K049,LYONS COMMUNITY SCHOOL - K,SCA CIP,ELECTRICAL WORK FOR A/C INITIATIVE / LL26 CODE COMPLIANCE/EXIT SIGN REPLACEMENT,Construction,Complete,7/27/2020,4/22/2021,11/30/2020,597528,542981,436348,"DSF0000911953, DSF0000912599",597528.0,542981.0,436348.0,2020-07-27,2021-04-22,2020-11-30,0.9087122277115047,-143,269,2020,0,14,Brooklyn,5.776358261018629,1,0,0,0,0
14,K049,LYONS COMMUNITY SCHOOL - K,SCA CIP,ELECTRICAL WORK FOR A/C INITIATIVE / LL26 CODE COMPLIANCE/EXIT SIGN REPLACEMENT,Design,Complete,6/5/2019,11/5/2019,9/10/2019,47314,9591,9535,"DSF0000911953, DSF0000912599",47314.0,9591.0,9535.0,2019-06-05,2019-11-05,2019-09-10,0.20270955742486368,-56,153,2019,0,14,Brooklyn,4.6749896655394485,1,0,0,0,0
14,K049,LYONS COMMUNITY SCHOOL - K,SCA CIP,ELECTRICAL WORK FOR A/C INITIATIVE / LL26 CODE COMPLIANCE/EXIT SIGN REPLACEMENT,Scope,Complete,5/6/2019,9/26/2019,6/5/2019,10785,2321,2321,"DSF0000911953, DSF0000912599",10785.0,2321.0,2321.0,2019-05-06,2019-09-26,2019-06-05,0.21520630505331478,-113,143,2019,0,14,Brooklyn,4.032820149438564,1,0,0,0,0
14,K050,J.H.S. 50 - BROOKLYN,SCA CIP,PLANYC CLIMATE CONTROL / PLANYC BOILER CONVERSION,Scope,Complete,8/13/2020,1/19/2021,10/16/2020,82205,46759,39415,"DSF0000937133, DSF0000961027",82205.0,46759.0,39415.0,2020-08-13,2021-01-19,2020-10-16,0.5688096831092999,-95,159,2020,0,14,Brooklyn,4.914898233675936,0,1,0,0,0
15,K051,I.S. 51 - BROOKLYN,SCA CIP,PARAPET / EXTERIOR MASONRY / ROOFS,Design,Complete,2/22/2019,7/24/2019,5/2/2019,509580,227318,226911,"DSF0000891886, DSF0000891887, DSF0000891885",509580.0,227318.0,226911.0,2019-02-22,2019-07-24,2019-05-02,0.4460889359864987,-83,152,2019,0,15,Brooklyn,5.707212374468409,0,0,1,0,0
15,K051,I.S. 51 - BROOKLYN,SCA CIP,PARAPET / EXTERIOR MASONRY / ROOFS,Scope,Complete,10/5/2018,2/26/2019,2/1/2019,127395,124280,123765,"DSF0000891886, DSF0000891887, DSF0000891885",127395.0,124280.0,123765.0,2018-10-05,2019-02-26,2019-02-01,0.9755484909140861,-25,144,2018,0,15,Brooklyn,5.105152383140447,0,0,1,0,0
22,K052,P.S. 52 - BROOKLYN,SCA CIP,FLOOD ELIMINATION / WINDOWS / EXTERIOR MASONRY,Design,Complete,1/15/2020,6/16/2020,6/26/2020,478952,313947,298426,"DSF0000891902, DSF0000891903, DSF0000891904",478952.0,313947.0,298426.0,2020-01-15,2020-06-16,2020-06-26,0.6554873974845078,10,153,2020,0,22,Brooklyn,5.680291991118772,0,0,1,0,0
22,K052,P.S. 52 - BROOKLYN,SCA CIP,FLOOD ELIMINATION / WINDOWS / EXTERIOR MASONRY,Scope,Complete,7/24/2019,12/3/2019,1/10/2020,95790,136041,132041,"DSF0000891902, DSF0000891903, DSF0000891904",95790.0,136041.0,132041.0,2019-07-24,2019-12-03,2020-01-10,1.4202004384591294,38,132,2019,1,22,Brooklyn,4.981320173259108,0,0,1,0,0
13,K054,P.S. 54 - BROOKLYN,SCA CIP,FLOOD ELIMINATION,Scope,Complete,9/9/2019,1/28/2020,1/23/2020,12814,15997,15997,SCA0000059349,12814.0,15997.0,15997.0,2019-09-09,2020-01-28,2020-01-23,1.248400187295146,-5,141,2019,1,13,Brooklyn,4.1076847196558415,0,0,0,0,0
13,K056,P.S. 56 - BROOKLYN,SCA CIP,DEFECTIVE PLAYGROUND SURFACES / EXTERIOR MASONRY / PARAPETS / ROOFS,Design,Complete,9/26/2018,3/21/2019,3/28/2019,943020,662847,662002,"DSF0000867110, DSF0000869208, DSF0000889350, DSF0000869207",943020.0,662847.0,662002.0,2018-09-26,2019-03-21,2019-03-28,0.7028981357765477,7,176,2018,0,13,Brooklyn,5.9745209035512525,0,0,1,0,0
13,K056,P.S. 56 - BROOKLYN,SCA CIP,DEFECTIVE PLAYGROUND SURFACES / EXTERIOR MASONRY / PARAPETS / ROOFS,Scope,Complete,9/29/2017,5/24/2018,5/24/2018,235756,265596,251309,"DSF0000867110, DSF0000869208, DSF0000889350, DSF0000869207",235756.0,265596.0,251309.0,2017-09-29,2018-05-24,2018-05-24,1.1265715400668488,0,237,2017,1,13,Brooklyn,5.372462754362633,0,0,1,0,0
13,K056,I.S. 351 - BROOKLYN,SCA CIP RESOA,FY18 RESO A COURTYARD GREENHOUSE,Design,Complete,10/31/2018,4/5/2019,12/13/2019,183000,135602,132228,DSF0000866389,183000.0,135602.0,132228.0,2018-10-31,2019-04-05,2019-12-13,0.7409945355191256,252,156,2018,1,13,Brooklyn,5.26245108973043,0,0,0,0,0
15,K058,P.S. 58 - BROOKLYN,SCA CIP,PLANYC BOILER CONVERSION / PLANYC CLIMATE CONTROL,Design,Complete,6/19/2017,11/20/2017,10/25/2017,350280,315420,280721,"DSF0000798389, DSF0000798396",350280.0,315420.0,280721.0,2017-06-19,2017-11-20,2017-10-25,0.9004796163069544,-26,154,2017,0,15,Brooklyn,5.54441534103564,0,1,0,0,0
15,K058,P.S. 58 - BROOKLYN,SCA CIP,PLANYC BOILER CONVERSION / PLANYC CLIMATE CONTROL,Scope,Complete,5/12/2017,10/13/2017,6/16/2017,87570,98423,98423,"DSF0000798389, DSF0000798396",87570.0,98423.0,98423.0,2017-05-12,2017-10-13,2017-06-16,1.1239351376042024,-119,154,2017,1,15,Brooklyn,4.942355349707677,0,1,0,0,0
17,K061,I.S. 61 - BROOKLYN,SCA CIP,ELECTRICAL WORK FOR A/C INITIATIVE / LL26 CODE COMPLIANCE/EXIT SIGN REPLACEMENT,"CM,F&E",Complete,8/13/2020,5/9/2021,11/12/2020,77557,102364,97637,"DSF0000912047, DSF0000912532",77557.0,102364.0,97637.0,2020-08-13,2021-05-09,2020-11-12,1.3198550743324264,-178,269,2020,1,17,Brooklyn,4.88962100168769,1,0,0,0,0
17,K061,I.S. 61 - BROOKLYN,SCA CIP,ELECTRICAL WORK FOR A/C INITIATIVE / LL26 CODE COMPLIANCE/EXIT SIGN REPLACEMENT,Construction,Complete,8/13/2020,5/9/2021,11/12/2020,414154,539860,322708,"DSF0000912047, DSF0000912532",414154.0,539860.0,322708.0,2020-08-13,2021-05-09,2020-11-12,1.3035247758080328,-178,269,2020,1,17,Brooklyn,5.6171618602368705,1,0,0,0,0
17,K061,I.S. 61 - BROOKLYN,SCA CIP,ELECTRICAL WORK FOR A/C INITIATIVE / LL26 CODE COMPLIANCE/EXIT SIGN REPLACEMENT,Design,Complete,6/5/2019,11/5/2019,10/30/2019,32421,10682,10682,"DSF0000912047, DSF0000912532",32421.0,10682.0,10682.0,2019-06-05,2019-11-05,2019-10-30,0.3294778075938435,-6,153,2019,0,17,Brooklyn,4.5108264061875145,1,0,0,0,0
17,K061,I.S. 61 - BROOKLYN,SCA CIP,ROOFS / PARAPETS / WINDOWS / EXTERIOR MASONRY / DOORS / SIDEWALK ELEVATOR,Scope,Complete,10/19/2018,3/11/2019,1/31/2019,277634,263585,248194,"DSF0000869270, DSF0000869271, DSF0000869272, DSF0000869273, DSF0000892040, DSF0000912331",277634.0,263585.0,248194.0,2018-10-19,2019-03-11,2019-01-31,0.9493974080984318,-39,143,2018,0,17,Brooklyn,5.443472650212932,0,0,1,0,1
20,K062,I.S. 62 - BROOKLYN,SCA CIP,PLANYC CLIMATE CONTROL / PLANYC BOILER CONVERSION,Design,Complete,3/23/2018,8/22/2018,7/31/2018,445320,325995,300314,"DSF0000869288, DSF0000888784",445320.0,325995.0,300314.0,2018-03-23,2018-08-22,2018-07-31,0.7320466181622204,-22,152,2018,0,20,Brooklyn,5.648672200396408,0,1,0,0,0
20,K062,I.S. 62 - BROOKLYN,SCA CIP,PLANYC CLIMATE CONTROL / PLANYC BOILER CONVERSION,Scope,Complete,12/13/2017,5/16/2018,3/20/2018,111330,66517,66517,"DSF0000869288, DSF0000888784",111330.0,66517.0,66517.0,2017-12-13,2018-05-16,2018-03-20,0.597475972334501,-57,154,2017,0,20,Brooklyn,5.046612209068446,0,1,0,0,0
20,K062,I.S. 62 - BROOKLYN,SCA CIP RESOA,FY18 RESO A SUPPLEMENTAL COOLING,Design,Complete,6/26/2018,11/1/2018,9/26/2018,65700,81863,77567,DSF0000867219,65700.0,81863.0,77567.0,2018-06-26,2018-11-01,2018-09-26,1.2460121765601218,-36,128,2018,1,20,Brooklyn,4.817565369559781,0,0,0,0,0
18,K068,I.S. 68 - BROOKLYN,SCA CIP,IPDVS CAMERA INSTALLATION,"CM,F&E",Complete,7/16/2018,5/11/2019,3/6/2020,207983,198658,187653,DSF0000867030,207983.0,198658.0,187653.0,2018-07-16,2019-05-11,2020-03-06,0.9551646047994308,300,299,2018,1,18,Brooklyn,5.318027838290078,0,0,0,0,0
18,K068,I.S. 68 - BROOKLYN,SCA CIP,IPDVS CAMERA INSTALLATION,Construction,Complete,7/16/2018,5/11/2019,3/6/2020,307240,395225,252065,DSF0000867030,307240.0,395225.0,252065.0,2018-07-16,2019-05-11,2020-03-06,1.286372217159224,300,299,2018,1,18,Brooklyn,5.487477756438898,0,0,0,0,0
18,K068,I.S. 68 - BROOKLYN,SCA CIP,IPDVS CAMERA INSTALLATION,Design,Complete,10/20/2017,4/19/2018,3/14/2018,29010,20805,15010,DSF0000867030,29010.0,20805.0,15010.0,2017-10-20,2018-04-19,2018-03-14,0.7171664943123061,-36,181,2017,0,18,Brooklyn,4.462547728802664,0,0,0,0,0
18,K068,I.S. 68 - BROOKLYN,SCA CIP,PLANYC BOILER CONVERSION / PLANYC CLIMATE CONTROL,Design,Complete,5/19/2020,10/20/2020,11/5/2020,393069,250729,238705,"DSF0000960643, DSF0000960644",393069.0,250729.0,238705.0,2020-05-19,2020-10-20,2020-11-05,0.6378752839832192,16,154,2020,0,18,Brooklyn,5.594468793858704,0,1,0,0,0
18,K068,I.S. 68 - BROOKLYN,SCA CIP,FLOOD ELIMINATION / ROOFS / EXTERIOR MASONRY,Design,Complete,1/30/2020,6/30/2020,6/30/2020,341548,226353,205010,"DSF0000892088, DSF0000892090, DSF0000892091",341548.0,226353.0,205010.0,2020-01-30,2020-06-30,2020-06-30,0.662726761685034,0,152,2020,0,18,Brooklyn,5.533451746583408,0,0,1,0,0
18,K068,I.S. 68 - BROOKLYN,SCA CIP,FLOOD ELIMINATION / ROOFS / EXTERIOR MASONRY,Scope,Complete,7/24/2019,12/10/2019,1/30/2020,71343,153715,152694,"DSF0000892088, DSF0000892090, DSF0000892091",71343.0,153715.0,152694.0,2019-07-24,2019-12-10,2020-01-30,2.154591200257909,51,139,2019,1,18,Brooklyn,4.853351367632724,0,0,1,0,0
18,K068,I.S. 68 - BROOKLYN,SCA CIP,PLANYC BOILER CONVERSION / PLANYC CLIMATE CONTROL,Scope,Complete,2/12/2020,7/14/2020,5/19/2020,78614,73258,65258,"DSF0000960643, DSF0000960644",78614.0,73258.0,65258.0,2020-02-12,2020-07-14,2020-05-19,0.9318696415396749,-56,153,2020,0,18,Brooklyn,4.8954998944023105,0,1,0,0,0
20,K069,P.S. 69 - BROOKLYN,SCA CIP,ROOFS / EXTERIOR MASONRY,Design,Complete,3/28/2019,8/27/2019,5/17/2019,322680,280597,214665,"DSF0000887368, DSF0000887369",322680.0,280597.0,214665.0,2019-03-28,2019-08-27,2019-05-17,0.8695828684765092,-102,152,2019,0,20,Brooklyn,5.508772048270926,0,0,1,0,0
20,K069,P.S. 69 - BROOKLYN,SCA CIP,ROOFS / EXTERIOR MASONRY,Scope,Complete,10/16/2018,3/6/2019,3/28/2019,80670,91946,86172,"DSF0000887368, DSF0000887369",80670.0,91946.0,86172.0,2018-10-16,2019-03-06,2019-03-28,1.139779347960828,22,141,2018,1,20,Brooklyn,4.906712056942964,0,0,1,0,0
14,K071,I.S. 71 - BROOKLYN,SCA CIP,WATER INFILTRATION,Scope,Complete,6/25/2018,11/8/2018,12/18/2018,30237,28971,28971,DSF0000869347,30237.0,28971.0,28971.0,2018-06-25,2018-11-08,2018-12-18,0.9581307669411648,40,136,2018,0,14,Brooklyn,4.480538699921856,0,0,0,0,0
19,K072,EAST NEW YORK ELEMENTARY SCHOOL OF EXCELLENCE  -K,SCA CIP,EXTERIOR MASONRY / PARAPETS / ROOFS / WINDOWS,Design,Complete,11/21/2019,6/30/2020,5/5/2020,406197,70565,70565,"DSF0000869369, DSF0000937404, DSF0000937403, DSF0000937405",406197.0,70565.0,70565.0,2019-11-21,2020-06-30,2020-05-05,0.17372112546375282,-56,222,2019,0,19,Brooklyn,5.608736711564463,0,0,1,0,0
19,K072,EAST NEW YORK ELEMENTARY SCHOOL OF EXCELLENCE  -K,SCA CIP,EXTERIOR MASONRY / PARAPETS / ROOFS / WINDOWS,Scope,Complete,7/1/2019,12/30/2019,11/18/2019,81239,17641,17641,"DSF0000869369, DSF0000937404, DSF0000937403, DSF0000937405",81239.0,17641.0,17641.0,2019-07-01,2019-12-30,2019-11-18,0.21714939868782235,-42,182,2019,0,19,Brooklyn,4.9097645688790665,0,0,1,0,0
32,K075,P.S. 75 - BROOKLYN,SCA CIP,EXTERIOR MASONRY / FLOOD ELIMINATION / ROOF,Design,Complete,2/8/2019,7/11/2019,5/10/2019,320883,264129,222294,"DSF0000869407, DSF0000869404, DSF0000912549",320883.0,264129.0,222294.0,2019-02-08,2019-07-11,2019-05-10,0.8231317957012368,-62,153,2019,0,32,Brooklyn,5.50634670929943,0,0,1,0,0
32,K075,P.S. 75 - BROOKLYN,SCA CIP,EXTERIOR MASONRY / FLOOD ELIMINATION / ROOF,Scope,Complete,10/17/2018,3/7/2019,2/7/2019,82075,80594,80594,"DSF0000869407, DSF0000869404, DSF0000912549",82075.0,80594.0,80594.0,2018-10-17,2019-03-07,2019-02-07,0.9819555284800487,-28,141,2018,0,32,Brooklyn,4.914210891401377,0,0,1,0,0
14,K084,P.S. 84 - BROOKLYN,SCA CIP,PLANYC CLIMATE CONTROL / PLANYC BOILER CONVERSION,Scope,Complete,8/5/2020,1/8/2021,12/22/2020,64991,50702,42785,"DSF0000937484, DSF0000961028",64991.0,50702.0,42785.0,2020-08-05,2021-01-08,2020-12-22,0.7801387884476312,-17,156,2020,0,14,Brooklyn,4.812853219397302,0,1,0,0,0
14,K084,P.S. 84 - BROOKLYN,SCA CIP,WATER PENETRATION ALONG PARAPET WALL / OTHER SITEWORK / ROOFS,Scope,Complete,6/28/2019,11/14/2019,12/6/2019,23027,0,0,"DSF0000912287, DSF0000960685, DSF0000937486",23027.0,0.0,0.0,2019-06-28,2019-11-14,2019-12-06,0.0,22,139,2019,0,14,Brooklyn,4.362237360964099,0,0,1,0,0
21,K090,P.S. 90 - BROOKLYN,SCA CIP,ELECTRICAL WORK FOR A/C INITIATIVE,Design,Complete,10/3/2019,3/10/2020,3/4/2020,21311,15316,15316,DSF0000912751,21311.0,15316.0,15316.0,2019-10-03,2020-03-10,2020-03-04,0.7186898784665197,-6,159,2019,0,21,Brooklyn,4.328603829080335,1,0,0,0,0
17,K091,P.S. 91 - BROOKLYN,SCA CIP,ELECTRICAL WORK FOR A/C INITIATIVE,Design,Complete,8/14/2019,1/17/2020,1/21/2020,16237,5441,5441,DSF0000912676,16237.0,5441.0,5441.0,2019-08-14,2020-01-17,2020-01-21,0.3350988483094168,4,156,2019,0,17,Brooklyn,4.210505790680973,1,0,0,0,0
17,K092,P.S. 92 - BROOKLYN,SCA CIP,EXTERIOR MASONRY / ROOFS / PARAPETS,Design,Complete,4/5/2019,6/21/2019,5/16/2019,689279,447732,370551,"DSF0000869540, DSF0000892309, DSF0000892310",689279.0,447732.0,370551.0,2019-04-05,2019-06-21,2019-05-16,0.6495657056141272,-36,77,2019,0,17,Brooklyn,5.838395047211655,0,0,1,0,0
17,K092,P.S. 92 - BROOKLYN,SCA CIP,EXTERIOR MASONRY / ROOFS / PARAPETS,Scope,Complete,8/30/2018,1/18/2019,4/1/2019,172321,196040,183026,"DSF0000869540, DSF0000892309, DSF0000892310",172321.0,196040.0,183026.0,2018-08-30,2019-01-18,2019-04-01,1.1376442801515776,73,141,2018,1,17,Brooklyn,5.2363382062256205,0,0,1,0,0
17,K092,P.S. 92 - BROOKLYN,SCA CIP RESOA,FY19 RESO A LIBRARY UPGRADE,Design,Complete,6/24/2019,11/7/2019,2/11/2020,27900,33559,10685,DSF0000890748,27900.0,33559.0,10685.0,2019-06-24,2019-11-07,2020-02-11,1.202831541218638,96,136,2019,1,17,Brooklyn,4.445604203273597,0,0,0,0,0
13,K093,P.S. 93 - BROOKLYN,SCA CIP,PUBLIC ADDRESS SYSTEM / CLOCK SYSTEM REPLACEMENT,Design,Complete,4/8/2020,9/8/2020,8/5/2020,59626,18133,18133,DSF0000937602,59626.0,18133.0,18133.0,2020-04-08,2020-09-08,2020-08-05,0.30411230000335426,-34,153,2020,0,13,Brooklyn,4.775435675751987,0,0,0,0,0
13,K093,P.S. 93 - BROOKLYN,SCA CIP,FLOOD ELIMINATION / ROOFS / PARAPETS / WINDOWS / EXTERIOR MASONRY,Scope,Complete,6/27/2019,11/13/2019,11/14/2019,91469,102272,12065,"DSF0000892329, DSF0000892331, DSF0000892332, DSF0000892333, DSF0000892334",91469.0,102272.0,12065.0,2019-06-27,2019-11-13,2019-11-14,1.1181055876854453,1,139,2019,1,13,Brooklyn,4.961273931114606,0,0,1,0,0
13,K093,P.S. 93 - BROOKLYN,SCA CIP,PUBLIC ADDRESS SYSTEM / CLOCK SYSTEM REPLACEMENT,Scope,Complete,1/22/2020,4/21/2020,3/20/2020,13250,4533,4533,DSF0000937602,13250.0,4533.0,4533.0,2020-01-22,2020-04-21,2020-03-20,0.3421132075471698,-32,90,2020,0,13,Brooklyn,4.122215878272827,0,0,0,0,0
15,K094,P.S. 94 - BROOKLYN,SCA CIP,ELECTRICAL WORK FOR A/C INITIATIVE / LL26 CODE COMPLIANCE/EXIT SIGN REPLACEMENT,Design,Complete,9/13/2019,2/19/2020,10/21/2019,56610,16050,16050,"DSF0000911954, DSF0000914282",56610.0,16050.0,16050.0,2019-09-13,2020-02-19,2019-10-21,0.2835188129305776,-121,159,2019,0,15,Brooklyn,4.752893154884593,1,0,0,0,0
15,K094,P.S. 94 - BROOKLYN,SCA CIP,EXTERIOR MASONRY / WINDOWS / FLOOD ELIMINATION,Design,Complete,2/10/2017,7/13/2017,4/9/2018,563268,433104,423714,"DSF0000821882, DSF0000846900, DSF0000846897",563268.0,433104.0,423714.0,2017-02-10,2017-07-13,2018-04-09,0.768912844329875,270,153,2017,1,15,Brooklyn,5.750715079092303,0,0,1,0,0
15,K094,P.S. 94 - BROOKLYN,SCA CIP,ELECTRICAL WORK FOR A/C INITIATIVE / LL26 CODE COMPLIANCE/EXIT SIGN REPLACEMENT,Scope,Complete,2/25/2019,1/16/2020,9/13/2019,12580,4012,4012,"DSF0000911954, DSF0000914282",12580.0,4012.0,4012.0,2019-02-25,2020-01-16,2019-09-13,0.31891891891891894,-125,325,2019,0,15,Brooklyn,4.09968064110925,1,0,0,0,0
15,K094,P.S. 94 - BROOKLYN,SCA CIP,EXTERIOR MASONRY / WINDOWS / FLOOD ELIMINATION,Scope,Complete,1/25/2017,6/9/2017,2/8/2017,142135,195476,149850,"DSF0000821882, DSF0000846900, DSF0000846897",142135.0,195476.0,149850.0,2017-01-25,2017-06-09,2017-02-08,1.375284060927991,-121,135,2017,1,15,Brooklyn,5.152701033840312,0,0,1,0,0
21,K095,P.S. 95 - BROOKLYN,SCA CIP,PLANYC BOILER CONVERSION / PLANYC CLIMATE CONTROL / ELECTRICAL SYSTEMS / LOW VOLTAGE ELECTRICAL SYSTEM,Design,Complete,5/20/2020,10/21/2020,8/3/2020,703831,219923,198563,"DSF0000798421, DSF0000892368, DSF0000937647, DSF0000937645",703831.0,219923.0,198563.0,2020-05-20,2020-10-21,2020-08-03,0.31246563450601067,-79,154,2020,0,21,Brooklyn,5.847468391275026,1,1,0,0,0
21,K095,P.S. 95 - BROOKLYN,SCA CIP,PLANYC BOILER CONVERSION / PLANYC CLIMATE CONTROL / ELECTRICAL SYSTEMS / LOW VOLTAGE ELECTRICAL SYSTEM,Scope,Complete,2/3/2020,7/2/2020,5/19/2020,142157,75405,75405,"DSF0000798421, DSF0000892368, DSF0000937647, DSF0000937645",142157.0,75405.0,75405.0,2020-02-03,2020-07-02,2020-05-19,0.5304346602699832,-44,150,2020,0,21,Brooklyn,5.152768249791665,1,1,0,0,0
21,K096,I.S. 96 - BROOKLYN,SCA CIP,FLOOD ELIMINATION / PARAPETS / EXTERIOR MASONRY / WINDOWS / ROOFS,Scope,Complete,5/28/2020,11/24/2020,10/8/2020,213887,185982,127238,"DSF0000937664, DSF0000937667, DSF0000937669, DSF0000937668, DSF0000986089",213887.0,185982.0,127238.0,2020-05-28,2020-11-24,2020-10-08,0.8695339127670219,-47,180,2020,0,21,Brooklyn,5.330184389060367,0,0,1,0,0
21,K097,P.S. 97 - BROOKLYN,SCA Capacity,ADDITION,Design,Complete,8/1/2017,3/30/2018,4/12/2018,3910880,2916594,2053395,DSF0000798193,3910880.0,2916594.0,2053395.0,2017-08-01,2018-03-30,2018-04-12,0.7457641246982776,13,241,2017,0,21,Brooklyn,6.592274490424806,0,0,0,0,0
21,K097,P.S. 97 - BROOKLYN,SCA Capacity,ADDITION,Scope,Complete,3/13/2017,8/14/2017,7/31/2017,1222150,748994,739732,DSF0000798193,1222150.0,748994.0,739732.0,2017-03-13,2017-08-14,2017-07-31,0.6128494865605695,-14,154,2017,0,21,Brooklyn,6.087124512104901,0,0,0,0,0
21,K097,P.S. 97 - BROOKLYN,SCA CIP,PLANYC BOILER CONVERSION,Design,Complete,10/11/2017,3/16/2018,4/22/2019,255059,257467,257467,DSF0000799391,255059.0,257467.0,257467.0,2017-10-11,2018-03-16,2019-04-22,1.0094409528775694,402,156,2017,1,21,Brooklyn,5.406640652632452,0,1,0,0,0
21,K097,P.S. 97 - BROOKLYN,SCA CIP,PLANYC CLIMATE CONTROL,Design,Complete,10/11/2017,3/16/2018,4/22/2019,75087,69719,69719,DSF0000779204,75087.0,69719.0,69719.0,2017-10-11,2018-03-16,2019-04-22,0.9285095955358451,402,156,2017,1,21,Brooklyn,4.875564753023147,0,1,0,0,0
21,K097,P.S. 97 - BROOKLYN,SCA CIP,EXISTING BUILDING WORK,Design,Complete,2/21/2018,6/18/2018,2/4/2020,139973,95712,93184,DSF0000798193,139973.0,95712.0,93184.0,2018-02-21,2018-06-18,2020-02-04,0.6837890164531731,596,117,2018,1,21,Brooklyn,5.146044270807713,0,0,0,0,0
21,K097,P.S. 97 - BROOKLYN,SCA CIP,PLANYC CLIMATE CONTROL,Scope,Complete,5/9/2017,10/10/2017,10/6/2017,18772,22571,22571,DSF0000779204,18772.0,22571.0,22571.0,2017-05-09,2017-10-10,2017-10-06,1.2023758789686767,-4,154,2017,1,21,Brooklyn,4.273510545540457,0,1,0,0,0
21,K097,P.S. 97 - BROOKLYN,SCA CIP,EXISTING BUILDING WORK,Scope,Complete,2/20/2018,3/21/2018,2/21/2018,34993,30949,30949,DSF0000798193,34993.0,30949.0,30949.0,2018-02-20,2018-03-21,2018-02-21,0.8844340296630755,-28,29,2018,0,21,Brooklyn,4.543981176766847,0,0,0,0,0
21,K097,P.S. 97 - BROOKLYN,SCA CIP,PLANYC BOILER CONVERSION,Scope,Complete,5/9/2017,10/10/2017,10/6/2017,63765,83864,83864,DSF0000799391,63765.0,83864.0,83864.0,2017-05-09,2017-10-10,2017-10-06,1.3152042656629812,-4,154,2017,1,21,Brooklyn,4.804582364022804,0,1,0,0,0
21,K099,P.S. 99 - BROOKLYN,SCA CIP,ELECTRICAL WORK FOR A/C INITIATIVE / LL26 CODE COMPLIANCE/EXIT SIGN REPLACEMENT,Design,Complete,3/29/2019,8/28/2019,7/24/2019,31081,7720,7416,"DSF0000911955, DSF0000912426",31081.0,7720.0,7416.0,2019-03-29,2019-08-28,2019-07-24,0.2483832566519739,-35,152,2019,0,21,Brooklyn,4.492494983343012,1,0,0,0,0
21,K099,P.S. 99 - BROOKLYN,SCA CIP,FULL PROGRAM ACCESSIBILITY / LOW VOLTAGE ELECTRICAL SYSTEM,Scope,Complete,5/7/2019,9/20/2019,11/4/2019,21127,16819,10886,"DSF0000912354, DSF0000937704",21127.0,16819.0,10886.0,2019-05-07,2019-09-20,2019-11-04,0.7960903109764756,45,136,2019,0,21,Brooklyn,4.324837832312843,1,0,0,0,1
21,K100,P.S. 100 - BROOKLYN,SCA CIP,ELECTRICAL WORK FOR A/C INITIATIVE,Design,Complete,5/13/2019,10/11/2019,10/30/2019,10589,6980,6980,DSF0000911997,10589.0,6980.0,6980.0,2019-05-13,2019-10-11,2019-10-30,0.6591746151666824,19,151,2019,0,21,Brooklyn,4.024854948305018,1,0,0,0,0
21,K100,P.S. 100 - BROOKLYN,SCA CIP,PLANYC CLIMATE CONTROL / PLANYC BOILER CONVERSION,Scope,Complete,8/4/2020,1/7/2021,12/23/2020,71579,52550,43640,"DSF0000937725, DSF0000961107",71579.0,52550.0,43640.0,2020-08-04,2021-01-07,2020-12-23,0.7341538719456824,-15,156,2020,0,21,Brooklyn,4.854785626751449,0,1,0,0,0
21,K100,P.S. 100 - BROOKLYN,SCA CIP,FLOOD ELIMINATION / ROOFS / PARAPETS / EXTERIOR MASONRY,Scope,Complete,5/14/2020,11/16/2020,10/16/2020,127255,267144,106709,"DSF0000937728, DSF0000937730, DSF0000937731, DSF0000937732",127255.0,267144.0,106709.0,2020-05-14,2020-11-16,2020-10-16,2.099280971278142,-31,186,2020,1,21,Brooklyn,5.1046748552897325,0,0,1,0,0
21,K101,P.S. 101 - BROOKLYN,SCA CIP RESOA,FY20 RESO A AUDITORIUM UPGRADE,Design,Complete,3/16/2020,8/28/2020,5/14/2020,36000,14210,14210,DSF0000913216,36000.0,14210.0,14210.0,2020-03-16,2020-08-28,2020-05-14,0.3947222222222222,-106,165,2020,0,21,Brooklyn,4.556302500767287,0,0,0,0,0
20,K102,P.S. 102 - BROOKLYN,SCA CIP RESOA,FY19 RESO A AUDITORIUM UPGRADE,Design,Complete,6/19/2019,11/20/2019,3/26/2020,27900,40780,40040,DSF0000890750,27900.0,40780.0,40040.0,2019-06-19,2019-11-20,2020-03-26,1.4616487455197134,127,154,2019,1,20,Brooklyn,4.445604203273597,0,0,0,0,0
20,K104,P.S. 104 - BROOKLYN,SCA CIP,PLANYC BOILER CONVERSION / PLANYC CLIMATE CONTROL,Design,Complete,10/20/2016,3/27/2017,5/5/2017,389263,170945,170945,"DSF0000798257, DSF0000798260",389263.0,170945.0,170945.0,2016-10-20,2017-03-27,2017-05-05,0.4391503944633834,39,158,2016,0,20,Brooklyn,5.590243125373719,0,1,0,0,0
20,K104,P.S. 104 - BROOKLYN,SCA CIP,WATER INFILTRATION / FLOOD ELIMINATION / PARAPETS / ROOFS,Design,Complete,12/3/2014,5/6/2015,6/30/2015,699647,630038,550703,"DSF0000712695, DSF0000802628, DSF0000802631, DSF0000802630",699647.0,630038.0,550703.0,2014-12-03,2015-05-06,2015-06-30,0.9005083992356145,55,154,2014,0,20,Brooklyn,5.8448789762712385,0,0,1,0,0
20,K104,P.S. 104 - BROOKLYN,SCA CIP,PLANYC BOILER CONVERSION / PLANYC CLIMATE CONTROL,Scope,Complete,9/22/2016,2/28/2017,10/18/2016,97316,80083,77168,"DSF0000798257, DSF0000798260",97316.0,80083.0,77168.0,2016-09-22,2017-02-28,2016-10-18,0.8229170948251059,-133,159,2016,0,20,Brooklyn,4.988184249728274,0,1,0,0,0
20,K104,P.S. 104 - BROOKLYN,SCA CIP,WATER INFILTRATION / FLOOD ELIMINATION / PARAPETS / ROOFS,Scope,Complete,11/17/2011,4/5/2012,12/17/2012,178331,195115,164366,"DSF0000712695, DSF0000802628, DSF0000802631, DSF0000802630",178331.0,195115.0,164366.0,2011-11-17,2012-04-05,2012-12-17,1.0941171192894112,256,140,2011,1,20,Brooklyn,5.251226844906684,0,0,1,0,0
20,K112,P.S. 112 - BROOKLYN,SCA CIP,WATER INFILTRATION / PARAPETS / WINDOWS / EXTERIOR MASONRY / ROOFS,Design,Complete,1/8/2020,6/9/2020,6/30/2020,573105,312561,297120,"DSF0000892622, DSF0000892623, DSF0000892624, DSF0000892625, DSF0000937911",573105.0,312561.0,297120.0,2020-01-08,2020-06-09,2020-06-30,0.5453817363310388,21,153,2020,0,20,Brooklyn,5.75823419743513,0,0,1,0,0
20,K112,P.S. 112 - BROOKLYN,SCA CIP,WATER INFILTRATION / PARAPETS / WINDOWS / EXTERIOR MASONRY / ROOFS,Scope,Complete,6/18/2019,11/1/2019,12/31/2019,115996,168734,161180,"DSF0000892622, DSF0000892623, DSF0000892624, DSF0000892625, DSF0000937911",115996.0,168734.0,161180.0,2019-06-18,2019-11-01,2019-12-31,1.4546536087451292,60,136,2019,1,20,Brooklyn,5.064443013296922,0,0,1,0,0
18,K114,P.S. 114 - BROOKLYN,SCA CIP,IPDVS CAMERA INSTALLATION,"CM,F&E",Complete,7/16/2018,5/11/2019,3/6/2020,179484,171377,165085,DSF0000867031,179484.0,171377.0,165085.0,2018-07-16,2019-05-11,2020-03-06,0.9548316284459896,300,299,2018,1,18,Brooklyn,5.2540257397030805,0,0,0,0,0
18,K114,P.S. 114 - BROOKLYN,SCA CIP,IPDVS CAMERA INSTALLATION,Construction,Complete,7/16/2018,5/11/2019,3/6/2020,271358,272523,237451,DSF0000867031,271358.0,272523.0,237451.0,2018-07-16,2019-05-11,2020-03-06,1.004293221500748,300,299,2018,1,18,Brooklyn,5.433542629691579,0,0,0,0,0
18,K114,P.S. 114 - BROOKLYN,SCA CIP,IPDVS CAMERA INSTALLATION,Design,Complete,10/13/2017,4/12/2018,3/14/2018,25622,13895,13895,DSF0000867031,25622.0,13895.0,13895.0,2017-10-13,2018-04-12,2018-03-14,0.5423073920849271,-29,181,2017,0,18,Brooklyn,4.408613026855303,0,0,0,0,0
32,K116,P.S. 116 - BROOKLYN,SCA CIP,ELECTRICAL WORK FOR A/C INITIATIVE / LL26 CODE COMPLIANCE/EXIT SIGN REPLACEMENT,Design,Complete,9/11/2019,2/14/2020,2/7/2020,23720,6967,6967,"DSF0000912678, DSF0000914264",23720.0,6967.0,6967.0,2019-09-11,2020-02-14,2020-02-07,0.2937183811129848,-7,156,2019,0,32,Brooklyn,4.375114684692225,1,0,0,0,0
14,K120,K368 SPED - BROOKLYN,SCA CIP RESOA,FY18 RESO A ROOM CONVERSIONS/PARTITIONING,Design,Complete,8/1/2018,1/2/2019,5/17/2019,21000,31189,31189,DSF0000866375,21000.0,31189.0,31189.0,2018-08-01,2019-01-02,2019-05-17,1.4851904761904762,135,154,2018,1,14,Brooklyn,4.3222192947339195,0,0,0,0,0
21,K121,P.S. 121 - BROOKLYN,SCA CIP,EXTERIOR MASONRY / PARAPETS / ROOFS,Design,Complete,5/5/2017,10/5/2017,12/13/2017,350167,265608,237996,"DSF0000847313, DSF0000866261, DSF0000847312",350167.0,265608.0,237996.0,2017-05-05,2017-10-05,2017-12-13,0.758518078516822,69,153,2017,0,21,Brooklyn,5.544275215439039,0,0,1,0,0
21,K121,P.S. 121 - BROOKLYN,SCA CIP,EXTERIOR MASONRY / PARAPETS / ROOFS,Scope,Complete,1/24/2017,6/8/2017,3/30/2017,89352,52829,52829,"DSF0000847313, DSF0000866261, DSF0000847312",89352.0,52829.0,52829.0,2017-01-24,2017-06-08,2017-03-30,0.5912458590742233,-70,135,2017,0,21,Brooklyn,4.951104277929998,0,0,1,0,0
32,K123,P.S. 123 - BROOKLYN,SCA CIP,ELECTRICAL WORK FOR A/C INITIATIVE,Design,Complete,6/13/2019,11/14/2019,9/10/2019,63772,8099,8099,DSF0000911957,63772.0,8099.0,8099.0,2019-06-13,2019-11-14,2019-09-10,0.12699931004202472,-65,154,2019,0,32,Brooklyn,4.804630037425446,1,0,0,0,0
32,K123,P.S. 123 - BROOKLYN,SCA CIP,ELECTRICAL WORK FOR A/C INITIATIVE,Scope,Complete,5/14/2019,9/13/2019,6/13/2019,14172,2025,2025,DSF0000911957,14172.0,2025.0,2025.0,2019-05-14,2019-09-13,2019-06-13,0.14288738357324302,-92,122,2019,0,32,Brooklyn,4.1514311436611395,1,0,0,0,0
15,K124,P.S. 124 - BROOKLYN,SCA CIP RESOA,FY16 RESO A SUPPLEMENTAL COOLING,"CM,F&E",Complete,7/16/2018,12/12/2018,10/22/2020,27125,38871,38259,DSF0000822899,27125.0,38871.0,38259.0,2018-07-16,2018-12-12,2020-10-22,1.433032258064516,680,149,2018,1,15,Brooklyn,4.433369746856586,0,0,0,0,0
15,K124,P.S. 124 - BROOKLYN,SCA CIP RESOA,FY16 RESO A SUPPLEMENTAL COOLING,Construction,Complete,7/16/2018,12/12/2018,10/22/2020,397829,341634,194206,DSF0000822899,397829.0,341634.0,194206.0,2018-07-16,2018-12-12,2020-10-22,0.8587458430632257,680,149,2018,1,15,Brooklyn,5.599696438117025,0,0,0,0,0
15,K124,P.S. 124 - BROOKLYN,SCA CIP RESOA,FY16 RESO A SUPPLEMENTAL COOLING,Design,Complete,8/9/2017,11/6/2017,10/24/2017,27125,50616,50616,DSF0000822899,27125.0,50616.0,50616.0,2017-08-09,2017-11-06,2017-10-24,1.8660276497695854,-13,89,2017,1,15,Brooklyn,4.433369746856586,0,0,0,0,0
20,K127,P.S. 127 - BROOKLYN,SCA Capacity,ADDITION,Design,Complete,7/14/2017,2/22/2018,2/26/2018,4471238,3708907,2666797,DSF0000798189,4471238.0,3708907.0,2666797.0,2017-07-14,2018-02-22,2018-02-26,0.8295033724440524,4,223,2017,0,20,Brooklyn,6.650427787590177,0,0,0,0,0
20,K127,P.S. 127 - BROOKLYN,SCA Capacity,ADDITION,Scope,Complete,2/17/2017,7/20/2017,7/13/2017,1397262,1033758,1032290,DSF0000798189,1397262.0,1033758.0,1032290.0,2017-02-17,2017-07-20,2017-07-13,0.7398454978379144,-7,153,2017,0,20,Brooklyn,6.145277848122549,0,0,0,0,0
20,K127,P.S. 127 - BROOKLYN,SCA CIP,PLANYC BOILER CONVERSION / PLANYC CLIMATE CONTROL,Design,Complete,9/6/2017,3/22/2018,2/28/2018,367569,320696,312031,"DSF0000798424, DSF0000779662",367569.0,320696.0,312031.0,2017-09-06,2018-03-22,2018-02-28,0.8724783646063732,-22,197,2017,0,20,Brooklyn,5.565338876771067,0,1,0,0,0
20,K127,P.S. 127 - BROOKLYN,SCA CIP,EXTERIOR MASONRY / ROOFS / PARAPETS,Design,Complete,2/3/2017,7/6/2017,7/1/2019,257813,197040,196761,"DSF0000802991, DSF0000825427, DSF0000870064",257813.0,197040.0,196761.0,2017-02-03,2017-07-06,2019-07-01,0.7642748814062906,725,153,2017,1,20,Brooklyn,5.4113048124972885,0,0,1,0,0
20,K127,P.S. 127 - BROOKLYN,SCA CIP,PHASE 3 VOLUNTARY ADA/ROOM CONVERSION WORK,Design,Complete,9/29/2017,3/22/2018,2/27/2018,47576,58229,56889,DSF0000798189,47576.0,58229.0,56889.0,2017-09-29,2018-03-22,2018-02-27,1.2239154195392634,-23,174,2017,1,20,Brooklyn,4.677387925491221,0,0,0,0,0
20,K127,P.S. 127 - BROOKLYN,SCA CIP,EXTERIOR MASONRY / ROOFS / PARAPETS,Scope,Complete,8/6/2015,12/23/2015,1/29/2016,67243,109779,109774,"DSF0000802991, DSF0000825427, DSF0000870064",67243.0,109779.0,109774.0,2015-08-06,2015-12-23,2016-01-29,1.632571420073465,37,139,2015,1,20,Brooklyn,4.827647080948005,0,0,1,0,0
20,K127,P.S. 127 - BROOKLYN,SCA CIP,PHASE 3 VOLUNTARY ADA/ROOM CONVERSION WORK,Scope,Complete,9/29/2017,9/29/2017,9/29/2017,12975,17941,17941,DSF0000798189,12975.0,17941.0,17941.0,2017-09-29,2017-09-29,2017-09-29,1.3827360308285164,0,0,2017,1,20,Brooklyn,4.113107366520495,0,0,0,0,0
20,K127,P.S. 127 - BROOKLYN,SCA CIP,PLANYC BOILER CONVERSION / PLANYC CLIMATE CONTROL,Scope,Complete,6/30/2017,12/4/2017,9/6/2017,91892,102812,102812,"DSF0000798424, DSF0000779662",91892.0,102812.0,102812.0,2017-06-30,2017-12-04,2017-09-06,1.118835154311583,-89,157,2017,1,20,Brooklyn,4.963277703909644,0,1,0,0,0
15,K131,P.S. 131 - BROOKLYN,SCA CIP,WATER PENETRATION THROUGH EXTERIOR / FLOOD ELIMINATION / PARAPETS / ROOFS,Design,Complete,1/30/2015,7/1/2015,8/10/2015,810571,763165,651120,"DSF0000779700, DSF0000803027, DSF0000803030, DSF0000803029",810571.0,763165.0,651120.0,2015-01-30,2015-07-01,2015-08-10,0.9415153021758735,40,152,2015,0,15,Brooklyn,5.908791061822067,0,0,1,0,0
15,K131,P.S. 131 - BROOKLYN,SCA CIP,WATER PENETRATION THROUGH EXTERIOR / FLOOD ELIMINATION / PARAPETS / ROOFS,Scope,Complete,6/12/2014,10/28/2014,11/12/2014,204472,177524,177524,"DSF0000779700, DSF0000803027, DSF0000803030, DSF0000803029",204472.0,177524.0,177524.0,2014-06-12,2014-10-28,2014-11-12,0.8682068938534372,15,138,2014,0,15,Brooklyn,5.310633844969006,0,0,1,0,0
18,K135,P.S. 135 - BROOKLYN,SCA CIP,STRUCTURAL DEFECTS / FACADE / PARAPETS / ROOFS,Design,Complete,9/12/2018,2/15/2019,5/9/2019,884430,374118,287695,"DSF0000847464, DSF0000892915, DSF0000870150, DSF0000890997",884430.0,374118.0,287695.0,2018-09-12,2019-02-15,2019-05-09,0.4230046470608188,83,156,2018,0,18,Brooklyn,5.946663465491349,0,0,1,0,0
18,K135,P.S. 135 - BROOKLYN,SCA CIP,STRUCTURAL DEFECTS / FACADE / PARAPETS / ROOFS,Scope,Complete,11/8/2017,3/30/2018,8/3/2018,223480,175032,171652,"DSF0000847464, DSF0000892915, DSF0000870150, DSF0000890997",223480.0,175032.0,171652.0,2017-11-08,2018-03-30,2018-08-03,0.7832110255951316,126,142,2017,1,18,Brooklyn,5.349238662688127,0,0,1,0,0
15,K136,I.S. 136 - BROOKLYN,SCA CIP,ELECTRICAL SYSTEMS UPGRADE / ELECTRICAL WORK FOR A/C INITIATIVE / LL26 CODE COMPLIANCE/EXIT SIGN REPLACEMENT,Design,Complete,4/24/2015,9/24/2015,11/19/2015,128964,196314,196314,"DSF0000779760, DSF0000868315, DSF0000912282",128964.0,196314.0,196314.0,2015-04-24,2015-09-24,2015-11-19,1.522238764306318,56,153,2015,1,15,Brooklyn,5.110468494924623,1,0,0,0,0
15,K136,I.S. 136 - BROOKLYN,SCA CIP,ROOFS / FLOOD ELIMINATION / PARAPETS / EXTERIOR MASONRY,Design,Complete,3/8/2018,8/7/2018,2/12/2019,957500,644926,644153,"DSF0000847483, DSF0000889027, DSF0000870169, DSF0000870171",957500.0,644926.0,644153.0,2018-03-08,2018-08-07,2019-02-12,0.6735519582245431,189,152,2018,1,15,Brooklyn,5.98113878264066,0,0,1,0,0
15,K136,I.S. 136 - BROOKLYN,SCA CIP,ROOFS / FLOOD ELIMINATION / PARAPETS / EXTERIOR MASONRY,Scope,Complete,6/21/2017,11/6/2017,12/20/2017,239374,193949,191203,"DSF0000847483, DSF0000889027, DSF0000870169, DSF0000870171",239374.0,193949.0,191203.0,2017-06-21,2017-11-06,2017-12-20,0.8102341941898452,44,138,2017,0,15,Brooklyn,5.379076977023867,0,0,1,0,0
15,K136,I.S. 136 - BROOKLYN,SCA CIP,ELECTRICAL SYSTEMS UPGRADE / ELECTRICAL WORK FOR A/C INITIATIVE / LL26 CODE COMPLIANCE/EXIT SIGN REPLACEMENT,Scope,Complete,4/24/2014,8/25/2014,7/9/2014,32387,28005,28005,"DSF0000779760, DSF0000868315, DSF0000912282",32387.0,28005.0,28005.0,2014-04-24,2014-08-25,2014-07-09,0.8646987989007935,-47,123,2014,0,15,Brooklyn,4.510370721280114,1,0,0,0,0
17,K138,P.S. 138 - BROOKLYN,SCA CIP,FLOOD ELIMINATION / PARAPETS / EXTERIOR MASONRY / ROOFS,Design,Complete,8/28/2019,2/3/2020,4/28/2020,313248,238037,225281,"DSF0000870205, DSF0000870207, DSF0000870208, DSF0000960499",313248.0,238037.0,225281.0,2019-08-28,2020-02-03,2020-04-28,0.7598995045459189,85,159,2019,0,17,Brooklyn,5.495888306827443,0,0,1,0,0
17,K138,P.S. 138 - BROOKLYN,SCA CIP,FLOOD ELIMINATION / PARAPETS / EXTERIOR MASONRY / ROOFS,Scope,Complete,11/29/2018,4/17/2019,8/26/2019,64155,112341,112291,"DSF0000870205, DSF0000870207, DSF0000870208, DSF0000960499",64155.0,112341.0,112291.0,2018-11-29,2019-04-17,2019-08-26,1.7510872106616788,131,139,2018,1,17,Brooklyn,4.807230509312492,0,0,1,0,0
15,K142,I.S. 448 - BROOKLYN,SCA CIP,ELECTRICAL WORK FOR A/C INITIATIVE / LL26 CODE COMPLIANCE/EXIT SIGN REPLACEMENT,Design,Complete,2/12/2020,7/14/2020,2/26/2020,35768,5694,5694,"DSF0000912679, DSF0000960707",35768.0,5694.0,5694.0,2020-02-12,2020-07-14,2020-02-26,0.1591925743681503,-139,153,2020,0,15,Brooklyn,4.553494656859975,1,0,0,0,0
15,K142,P.S. 146 - BROOKLYN,SCA CIP,DETERIORATED MASONRY,Design,Complete,2/3/2017,7/6/2017,6/28/2017,236340,285104,258758,DSF0000866757,236340.0,285104.0,258758.0,2017-02-03,2017-07-06,2017-06-28,1.2063298637556064,-8,153,2017,1,15,Brooklyn,5.373537231192786,0,0,1,0,0
15,K142,P.S. 146 - BROOKLYN,SCA CIP,DETERIORATED MASONRY,Scope,Complete,5/17/2016,9/30/2016,11/16/2016,59085,56440,56416,DSF0000866757,59085.0,56440.0,56416.0,2016-05-17,2016-09-30,2016-11-16,0.9552339849369552,47,136,2016,0,15,Brooklyn,4.771477239864823,0,0,1,0,0
32,K145,P.S. 145 - BROOKLYN,SCA CIP,ELECTRICAL WORK FOR A/C INITIATIVE,Design,Complete,6/19/2019,11/20/2019,9/11/2019,17550,10297,10297,DSF0000912050,17550.0,10297.0,10297.0,2019-06-19,2019-11-20,2019-09-11,0.5867236467236467,-70,154,2019,0,32,Brooklyn,4.244277120801843,1,0,0,0,0
32,K145,P.S. 145 - BROOKLYN,SCA CIP,WATER INFILTRATION / WINDOWS / EXTERIOR MASONRY / ROOFS,Design,Complete,2/15/2019,7/18/2019,5/17/2019,390951,259252,252400,"DSF0000847584, DSF0000870269, DSF0000870270, DSF0000870268",390951.0,259252.0,252400.0,2019-02-15,2019-07-18,2019-05-17,0.6631316968111093,-62,153,2019,0,32,Brooklyn,5.592122328334094,0,0,1,0,0
32,K145,P.S. 145 - BROOKLYN,SCA CIP,WATER INFILTRATION / WINDOWS / EXTERIOR MASONRY / ROOFS,Scope,Complete,10/24/2017,3/14/2018,2/15/2019,98756,109627,105068,"DSF0000847584, DSF0000870269, DSF0000870270, DSF0000870268",98756.0,109627.0,105068.0,2017-10-24,2018-03-14,2019-02-15,1.110079387581514,338,141,2017,1,32,Brooklyn,4.994563491009709,0,0,1,0,0
14,K147,P.S. 147 - BROOKLYN,SCA CIP,WATER INFILTRATION / ROOFS,Design,Complete,3/6/2018,4/12/2019,5/20/2019,474000,568152,418624,"DSF0000779877, DSF0000870289",474000.0,568152.0,418624.0,2018-03-06,2019-04-12,2019-05-20,1.198632911392405,38,402,2018,1,14,Brooklyn,5.675778341674085,0,0,1,0,0
14,K147,P.S. 147 - BROOKLYN,SCA CIP,ELECTRICAL WORK FOR A/C INITIATIVE,Design,Complete,6/13/2019,11/14/2019,9/11/2019,12960,10781,10781,DSF0000912051,12960.0,10781.0,10781.0,2019-06-13,2019-11-14,2019-09-11,0.8318672839506173,-64,154,2019,0,14,Brooklyn,4.1126050015345745,1,0,0,0,0
14,K147,P.S. 147 - BROOKLYN,SCA CIP,WATER INFILTRATION / ROOFS,Scope,Complete,10/28/2016,5/4/2018,3/6/2018,118500,346490,339960,"DSF0000779877, DSF0000870289",118500.0,346490.0,339960.0,2016-10-28,2018-05-04,2018-03-06,2.9239662447257384,-59,553,2016,1,14,Brooklyn,5.073718350346122,0,0,1,0,0
19,K149,P.S. 149 - BROOKLYN,SCA CIP,ELECTRICAL WORK FOR A/C INITIATIVE,"CM,F&E",Complete,1/9/2020,8/5/2020,12/2/2020,44289,26719,13311,DSF0000912052,44289.0,26719.0,13311.0,2020-01-09,2020-08-05,2020-12-02,0.6032874980243401,119,209,2020,1,19,Brooklyn,4.646295874473406,1,0,0,0,0
19,K149,P.S. 149 - BROOKLYN,SCA CIP,ELECTRICAL WORK FOR A/C INITIATIVE,Construction,Complete,1/9/2020,8/5/2020,12/2/2020,238954,253622,157558,DSF0000912052,238954.0,253622.0,157558.0,2020-01-09,2020-08-05,2020-12-02,1.061384199469354,119,209,2020,1,19,Brooklyn,5.378314304843788,1,0,0,0,0
19,K149,P.S. 149 - BROOKLYN,SCA CIP,ELECTRICAL WORK FOR A/C INITIATIVE,Design,Complete,5/31/2019,10/31/2019,9/25/2019,18540,14253,14253,DSF0000912052,18540.0,14253.0,14253.0,2019-05-31,2019-10-31,2019-09-25,0.7687702265372168,-36,153,2019,0,19,Brooklyn,4.2681097298084785,1,0,0,0,0
32,K151,P.S. 151 - BROOKLYN,SCA CIP,EXTERIOR MASONRY / PAVED AREA- CONCRETE / PARAPETS / ROOFS / WINDOWS,Design,Complete,3/10/2020,8/7/2020,5/28/2020,821263,432067,419456,"DSF0000893128, DSF0000938418, DSF0000960896, DSF0000938410, DSF0000960897",821263.0,432067.0,419456.0,2020-03-10,2020-08-07,2020-05-28,0.5261006522880003,-71,150,2020,0,32,Brooklyn,5.914482257190157,0,0,1,0,0
32,K151,P.S. 151 - BROOKLYN,SCA CIP,EXTERIOR MASONRY / PAVED AREA- CONCRETE / PARAPETS / ROOFS / WINDOWS,Scope,Complete,11/18/2019,4/6/2020,3/10/2020,166095,234669,199565,"DSF0000893128, DSF0000938418, DSF0000960896, DSF0000938410, DSF0000960897",166095.0,234669.0,199565.0,2019-11-18,2020-04-06,2020-03-10,1.4128601101779101,-27,140,2019,1,32,Brooklyn,5.220356558971001,0,0,1,0,0
22,K152,P.S. 315 - BROOKLYN,SCA CIP,LOW VOLTAGE ELECTRICAL SYSTEM,Design,Complete,1/28/2016,7/29/2016,6/3/2016,74580,130003,88263,DSF0000803297,74580.0,130003.0,88263.0,2016-01-28,2016-07-29,2016-06-03,1.74313488871011,-56,183,2016,1,22,Brooklyn,4.872622379025288,1,0,0,0,0
22,K152,P.S. 315 - BROOKLYN,SCA CIP,LOW VOLTAGE ELECTRICAL SYSTEM,Scope,Complete,10/20/2015,1/22/2016,12/21/2015,18645,22764,22764,DSF0000803297,18645.0,22764.0,22764.0,2015-10-20,2016-01-22,2015-12-21,1.2209171359613837,-32,94,2015,1,22,Brooklyn,4.270562387697326,1,0,0,0,0
23,K155,P.S. 155 - BROOKLYN,SCA CIP,ELECTRICAL WORK FOR A/C INITIATIVE / LL26 CODE COMPLIANCE/EXIT SIGN REPLACEMENT,Design,Complete,8/13/2019,1/16/2020,12/31/2019,24570,10626,10626,"DSF0000912054, DSF0000912953",24570.0,10626.0,10626.0,2019-08-13,2020-01-16,2019-12-31,0.4324786324786325,-16,156,2019,0,23,Brooklyn,4.390405156480081,1,0,0,0,0
23,K155,P.S. 155 - BROOKLYN,SCA CIP,WATER INFILTRATION / CRACKED MASONRY / ROOF LEAKS / HEATING PLANT UPGRADE / ELECTRICAL SYSTEMS / DOMESTIC PIPING / WINDOWS,Design,Complete,1/23/2019,6/24/2019,5/17/2019,1014730,606620,518694,"DSF0000847745, DSF0000893206, DSF0000870432, DSF0000912205, DSF0000893207, DSF0000912206, DSF0000893205",1014730.0,606620.0,518694.0,2019-01-23,2019-06-24,2019-05-17,0.5978141968799582,-38,152,2019,0,23,Brooklyn,6.006350500269948,1,1,1,0,0
23,K155,P.S. 155 - BROOKLYN,SCA CIP,WATER INFILTRATION / CRACKED MASONRY / ROOF LEAKS / HEATING PLANT UPGRADE / ELECTRICAL SYSTEMS / DOMESTIC PIPING / WINDOWS,Scope,Complete,11/3/2017,10/4/2018,11/26/2018,256555,136478,134918,"DSF0000847745, DSF0000893206, DSF0000870432, DSF0000912205, DSF0000893207, DSF0000912206, DSF0000893205",256555.0,136478.0,134918.0,2017-11-03,2018-10-04,2018-11-26,0.5319639063748514,53,335,2017,0,23,Brooklyn,5.409180483038371,1,1,1,0,0
14,K157,P.S. 157 - BROOKLYN,SCA CIP,EXTERIOR MASONRY / PARAPETS / FLOOD ELIMINATION / ROOFS,Scope,Complete,6/4/2019,10/3/2019,12/18/2019,50922,70051,10086,"SCA0000056708, DSF0000938508, DSF0000938505, DSF0000938507",50922.0,70051.0,10086.0,2019-06-04,2019-10-03,2019-12-18,1.375652959428145,76,121,2019,1,14,Brooklyn,4.706905452560297,0,0,1,0,0
19,K158,P.S. 158 - BROOKLYN,SCA CIP,FLOOD ELIMINATION / PARAPETS / WINDOWS / PAVED AREAS-CONCRETE / EXTERIOR MASONRY / ROOFS,Design,Complete,3/6/2019,8/5/2019,5/17/2019,1114920,515688,425176,"DSF0000870464, DSF0000870467, DSF0000870468, DSF0000893246, DSF0000912438, DSF0000912437",1114920.0,515688.0,425176.0,2019-03-06,2019-08-05,2019-05-17,0.46253363470024755,-80,152,2019,0,19,Brooklyn,6.047243706124074,0,0,1,0,0
19,K158,P.S. 158 - BROOKLYN,SCA CIP,FLOOD ELIMINATION / PARAPETS / WINDOWS / PAVED AREAS-CONCRETE / EXTERIOR MASONRY / ROOFS,Scope,Complete,10/16/2018,3/6/2019,3/5/2019,279765,187042,178410,"DSF0000870464, DSF0000870467, DSF0000870468, DSF0000893246, DSF0000912438, DSF0000912437",279765.0,187042.0,178410.0,2018-10-16,2019-03-06,2019-03-05,0.668568262649009,-1,141,2018,0,19,Brooklyn,5.446793381143499,0,0,1,0,0
19,K159,P.S. 159 - BROOKLYN,SCA CIP,TCU REMOVAL/PLAYGROUND REDEVELOPMENT,Design,Complete,8/1/2018,2/1/2019,3/8/2019,27116,4020,4020,DSF0000888875,27116.0,4020.0,4020.0,2018-08-01,2019-02-01,2019-03-08,0.14825195456557014,35,184,2018,0,19,Brooklyn,4.433225625237405,0,0,0,0,0
32,K162,I.S. 162 - BROOKLYN,SCA CIP,INTERIOR STAIRS / EXT MASONRY / PARAPETS / ROOFS / FLOOD ELIM / WATER PENETRATION / CAFE FLOOR,Design,Complete,2/3/2017,7/6/2017,3/21/2018,1134914,609518,574032,"DSF0000803472, DSF0000847844, DSF0000847843, DSF0000847842, DSF0000847841, DSF0000866310",1134914.0,609518.0,574032.0,2017-02-03,2017-07-06,2018-03-21,0.537060957922803,258,153,2017,1,32,Brooklyn,6.054962953387721,0,0,1,0,0
32,K162,I.S. 162 - BROOKLYN,SCA CIP,ELECTRICAL WORK FOR A/C INITIATIVE,Design,Complete,7/11/2019,12/12/2019,9/10/2019,65270,8222,8222,DSF0000911999,65270.0,8222.0,8222.0,2019-07-11,2019-12-12,2019-09-10,0.1259690516316838,-93,154,2019,0,32,Brooklyn,4.814713612695977,1,0,0,0,0
32,K162,I.S. 162 - BROOKLYN,SCA CIP,INTERIOR STAIRS / EXT MASONRY / PARAPETS / ROOFS / FLOOD ELIM / WATER PENETRATION / CAFE FLOOR,Scope,Complete,10/13/2015,3/2/2016,8/23/2016,286546,183356,182899,"DSF0000803472, DSF0000847844, DSF0000847843, DSF0000847842, DSF0000847841, DSF0000866310",286546.0,183356.0,182899.0,2015-10-13,2016-03-02,2016-08-23,0.639883299714531,174,141,2015,1,32,Brooklyn,5.4571943503612,0,0,1,0,0
32,K162,I.S. 162 - BROOKLYN,SCA CIP,ELECTRICAL WORK FOR A/C INITIATIVE,Scope,Complete,5/20/2019,9/19/2019,7/11/2019,14505,2055,2055,DSF0000911999,14505.0,2055.0,2055.0,2019-05-20,2019-09-19,2019-07-11,0.14167528438469493,-70,122,2019,0,32,Brooklyn,4.161517733138683,1,0,0,0,0
32,K162,I.S. 162 - BROOKLYN,SCA CIP RESOA,FY18 RESO A STEM LAB,Design,Complete,5/8/2019,10/8/2019,2/24/2020,60000,57846,55424,DSF0000866677,60000.0,57846.0,55424.0,2019-05-08,2019-10-08,2020-02-24,0.9641,139,153,2019,1,32,Brooklyn,4.778151250383644,0,0,0,0,0
20,K163,P.S. 748 - BROOKLYN,SCA CIP,PLANYC PLAYGROUND REDEVELOPMENT,Design,Complete,10/31/2018,6/17/2019,2/7/2019,89890,144616,144616,DSF0000889050,89890.0,144616.0,144616.0,2018-10-31,2019-06-17,2019-02-07,1.6088107687173212,-130,229,2018,1,20,Brooklyn,4.953711380427555,0,0,0,0,0
20,K163,P.S. 748 - BROOKLYN,SCA CIP,PATH OF TRAVEL PLANYC PLAYGROUND REDEVELOPMENT,Design,Complete,12/4/2019,5/21/2020,5/20/2020,12191,70396,70396,DSF0000912745,12191.0,70396.0,70396.0,2019-12-04,2020-05-21,2020-05-20,5.774423755229267,-1,169,2019,1,20,Brooklyn,4.086039331268039,0,0,0,0,1
20,K163,P.S. 748 - BROOKLYN,SCA CIP,PLANYC PLAYGROUND REDEVELOPMENT,Scope,Complete,6/28/2018,9/27/2018,9/28/2018,22472,33433,33433,DSF0000889050,22472.0,33433.0,33433.0,2018-06-28,2018-09-27,2018-09-28,1.4877625489498043,1,91,2018,1,20,Brooklyn,4.351641726193522,0,0,0,0,0
20,K163,P.S. 748 - BROOKLYN,SCA CIP RESOA,FY17 RESO A AUDITORIUM  UPGRADE,Design,Complete,4/26/2017,9/26/2017,12/12/2017,31320,33801,32089,DSF0000844797,31320.0,33801.0,32089.0,2017-04-26,2017-09-26,2017-12-12,1.079214559386973,77,153,2017,0,20,Brooklyn,4.495821753385906,0,0,0,0,0
19,K166,VAN SICLEN COMMUNITY MIDDLE SCHOOL,SCA CIP,PARAPETS / EXTERIOR MASONRY,Design,Complete,12/18/2019,5/20/2020,6/15/2020,190594,159407,16411,"DSF0000893391, DSF0000893392",190594.0,159407.0,16411.0,2019-12-18,2020-05-20,2020-06-15,0.8363694554917783,26,154,2019,0,19,Brooklyn,5.280109224697342,0,0,1,0,0
19,K166,VAN SICLEN COMMUNITY MIDDLE SCHOOL,SCA CIP,PARAPETS / EXTERIOR MASONRY,Scope,Complete,6/27/2019,11/13/2019,12/13/2019,38118,96826,47503,"DSF0000893391, DSF0000893392",38118.0,96826.0,47503.0,2019-06-27,2019-11-13,2019-12-13,2.5401647515609422,30,139,2019,1,19,Brooklyn,4.5811301057189056,0,0,1,0,0
17,K167,NEW BRIDGES,SCA CIP,ELECTRICAL WORK FOR A/C INITIATIVE / LL26 CODE COMPLIANCE/EXIT SIGN REPLACEMENT,Design,Complete,5/21/2019,10/22/2019,10/30/2019,21766,10787,10787,"DSF0000912056, DSF0000912533",21766.0,10787.0,10787.0,2019-05-21,2019-10-22,2019-10-30,0.4955894514380226,8,154,2019,0,17,Brooklyn,4.337778624836184,1,0,0,0,0
15,K169,P.S. 169 - BROOKLYN,SCA CIP,FULL PROGRAM ACCESSIBILITY / LOW VOLTAGE ELECTRICAL SYSTEM,Scope,Complete,7/23/2018,12/7/2018,11/8/2018,131600,124093,111921,"DSF0000889377, DSF0000893420",131600.0,124093.0,111921.0,2018-07-23,2018-12-07,2018-11-08,0.9429559270516717,-29,137,2018,0,15,Brooklyn,5.1192558892779365,1,0,0,0,1
15,K169,P.S. 169 - BROOKLYN,SCA CIP,ROOF REPLACEMENT / EXTERIOR MASONRY / PARAPETS / WINDOWS,Scope,Complete,2/14/2019,7/1/2019,8/26/2019,99227,115758,19103,"DSF0000870633, DSF0000938713, DSF0000938712, DSF0000960696",99227.0,115758.0,19103.0,2019-02-14,2019-07-01,2019-08-26,1.1665978010017435,56,137,2019,1,15,Brooklyn,4.996629861222035,0,0,1,0,0
15,K169,P.S. 169 - BROOKLYN,SCA CIP RESOA,FY19 RESO A AUDITORIUM UPGRADE,Design,Complete,3/7/2019,8/6/2019,3/20/2020,32580,56812,56812,DSF0000890758,32580.0,56812.0,56812.0,2019-03-07,2019-08-06,2020-03-20,1.743769183548189,227,152,2019,1,15,Brooklyn,4.512951079972491,0,0,0,0,0
20,K170,P.S. 170 - BROOKLYN,SCA CIP,REINFORCING SUPPORT ELEMENTS / ROOFS / EXTERIOR MASONRY / PARAPETS,Design,Complete,12/18/2018,5/21/2019,1/21/2020,1377699,405687,379277,"DSF0000890644, DSF0000914262, DSF0000914263, DSF0000914261",1377699.0,405687.0,379277.0,2018-12-18,2019-05-21,2020-01-21,0.2944670788031348,245,154,2018,1,20,Brooklyn,6.1391543431752575,0,0,1,0,0
20,K170,P.S. 170 - BROOKLYN,SCA CIP,REINFORCING SUPPORT ELEMENTS / ROOFS / EXTERIOR MASONRY / PARAPETS,Scope,Complete,12/18/2018,12/18/2018,12/18/2018,275540,3660,3660,"DSF0000890644, DSF0000914262, DSF0000914263, DSF0000914261",275540.0,3660.0,3660.0,2018-12-18,2018-12-18,2018-12-18,0.013283007911736953,0,0,2018,0,20,Brooklyn,5.440184654070886,0,0,1,0,0
20,K170,P.S. 170 - BROOKLYN,SCA CIP RESOA,FY19 RESO A AUDITORIUM UPGRADE,Design,Complete,2/19/2019,7/19/2019,12/12/2019,30000,50412,50412,DSF0000890759,30000.0,50412.0,50412.0,2019-02-19,2019-07-19,2019-12-12,1.6804,146,150,2019,1,20,Brooklyn,4.477121254719663,0,0,0,0,0
15,K172,P.S. 172 - BROOKLYN,SCA CIP,EXTERIOR MASONRY / ROOFS / PARAPETS / PAVED AREAS CONCRETE / WINDOWS,Scope,Complete,3/5/2019,7/18/2019,10/2/2020,83360,697,697,"DSF0000893457, DSF0000987217, DSF0000987218, DSF0000987225, DSF0001008596",83360.0,697.0,697.0,2019-03-05,2019-07-18,2020-10-02,0.008361324376199616,442,135,2019,1,15,Brooklyn,4.920957705955449,0,0,1,0,0
20,K176,P.S. 176 - BROOKLYN,SCA CIP RESOA,FY18 RESO A MAKERSPACE,"CM,F&E",Complete,7/10/2019,2/4/2020,9/11/2020,117304,156805,134830,DSF0000867380,117304.0,156805.0,134830.0,2019-07-10,2020-02-04,2020-09-11,1.3367404351087773,220,209,2019,1,20,Brooklyn,5.0693128215640275,0,0,0,0,0
20,K176,P.S. 176 - BROOKLYN,SCA CIP RESOA,FY18 RESO A MAKERSPACE,Construction,Complete,7/10/2019,2/4/2020,9/11/2020,524478,410661,349597,DSF0000867380,524478.0,410661.0,349597.0,2019-07-10,2020-02-04,2020-09-11,0.7829899442874629,220,209,2019,1,20,Brooklyn,5.719727275791755,0,0,0,0,0
20,K176,P.S. 176 - BROOKLYN,SCA CIP RESOA,FY18 RESO A MAKERSPACE,Design,Complete,9/21/2018,2/11/2019,4/9/2019,35760,41694,41694,DSF0000867380,35760.0,41694.0,41694.0,2018-09-21,2019-02-11,2019-04-09,1.1659395973154363,57,143,2018,1,20,Brooklyn,4.55339751012388,0,0,0,0,0
21,K177,P.S. 177 - BROOKLYN,SCA CIP,PLANYC PLAYGROUND REDEVELOPMENT,Design,Complete,10/24/2018,6/17/2019,6/12/2019,151507,163785,163785,DSF0000889049,151507.0,163785.0,163785.0,2018-10-24,2019-06-17,2019-06-12,1.081039159906803,-5,236,2018,0,21,Brooklyn,5.180432698786463,0,0,0,0,0
21,K177,P.S. 177 - BROOKLYN,SCA CIP,PATH OF TRAVEL PLANYC PLAYGROUND REDEVELOPMENT,Design,Complete,4/22/2020,10/7/2020,6/5/2020,13249,18945,18945,DSF0000960812,13249.0,18945.0,18945.0,2020-04-22,2020-10-07,2020-06-05,1.4299192391878632,-124,168,2020,1,21,Brooklyn,4.122183100093868,0,0,0,0,1
21,K177,P.S. 177 - BROOKLYN,SCA CIP,LOW VOLTAGE ELECTRICAL SYSTEM,Design,Complete,2/10/2020,8/11/2020,6/22/2020,144768,143772,139996,DSF0000893532,144768.0,143772.0,139996.0,2020-02-10,2020-08-11,2020-06-22,0.9931200265251989,-50,183,2020,0,21,Brooklyn,5.160672574573324,1,0,0,0,0
21,K177,P.S. 177 - BROOKLYN,SCA CIP,LOW VOLTAGE ELECTRICAL SYSTEM,Scope,Complete,11/20/2019,2/24/2020,2/10/2020,28954,46430,46430,DSF0000893532,28954.0,46430.0,46430.0,2019-11-20,2020-02-24,2020-02-10,1.6035780893831595,-14,96,2019,1,21,Brooklyn,4.461708570064366,1,0,0,0,0
21,K177,P.S. 177 - BROOKLYN,SCA CIP,PLANYC PLAYGROUND REDEVELOPMENT,Scope,Complete,6/27/2018,9/26/2018,9/21/2018,37877,78731,76311,DSF0000889049,37877.0,78731.0,76311.0,2018-06-27,2018-09-26,2018-09-21,2.0785965097552603,-5,91,2018,1,21,Brooklyn,4.578375573946839,0,0,0,0,0
20,K179,P.S. 179 - BROOKLYN,SCA CIP,TCU REMOVAL/PLAYGROUND REDEVELOPMENT / PATH OF TRAVEL TCU REMOVAL/PLAYGROUND REDEVELOPMENT,Design,Complete,7/22/2020,12/8/2020,12/2/2020,102329,159129,147992,"DSF0000960982, DSF0000961564",102329.0,159129.0,147992.0,2020-07-22,2020-12-08,2020-12-02,1.5550723646278182,-6,139,2020,1,20,Brooklyn,5.009998730048061,0,0,0,0,1
20,K179,P.S. 179 - BROOKLYN,SCA CIP,TCU REMOVAL/PLAYGROUND REDEVELOPMENT / PATH OF TRAVEL TCU REMOVAL/PLAYGROUND REDEVELOPMENT,Scope,Complete,6/9/2020,9/8/2020,7/13/2020,20851,63031,50725,"DSF0000960982, DSF0000961564",20851.0,63031.0,50725.0,2020-06-09,2020-09-08,2020-07-13,3.0229245599731427,-57,91,2020,1,20,Brooklyn,4.319126888281839,0,0,0,0,1
17,K181,P.S. 181 - BROOKLYN,SCA CIP,FLOOD ELIMINATION,Design,Complete,4/16/2019,9/16/2019,8/19/2019,52390,54206,53403,DSF0000870826,52390.0,54206.0,53403.0,2019-04-16,2019-09-16,2019-08-19,1.0346631036457339,-28,153,2019,0,17,Brooklyn,4.719248398447946,0,0,0,0,0
17,K181,P.S. 181 - BROOKLYN,SCA CIP,ELECTRICAL WORK FOR A/C INITIATIVE / LL26 CODE COMPLIANCE/EXIT SIGN REPLACEMENT,Design,Complete,8/21/2019,1/27/2020,1/15/2020,21475,4561,4561,"DSF0000912753, DSF0000913032",21475.0,4561.0,4561.0,2019-08-21,2020-01-27,2020-01-15,0.21238649592549477,-12,159,2019,0,17,Brooklyn,4.3319331725032795,1,0,0,0,0
17,K181,P.S. 181 - BROOKLYN,SCA CIP,FLOOD ELIMINATION,Scope,Complete,9/14/2018,2/4/2019,4/15/2019,11642,32070,32070,DSF0000870826,11642.0,32070.0,32070.0,2018-09-14,2019-02-04,2019-04-15,2.754681326232606,70,143,2018,1,17,Brooklyn,4.066027594948862,0,0,0,0,0
23,K184,P.S. 184 - BROOKLYN,SCA CIP,PATH OF TRAVEL PLAYGROUND SURFACES,Design,Complete,2/18/2020,8/3/2020,5/7/2020,10417,39731,39731,DSF0000912942,10417.0,39731.0,39731.0,2020-02-18,2020-08-03,2020-05-07,3.8140539502735913,-88,167,2020,1,23,Brooklyn,4.017742664161498,0,0,0,0,1
23,K184,P.S. 184 - BROOKLYN,SCA CIP,PLAYGROUND SURFACES / PARAPETS / EXTERIOR MASONRY / ROOFS,Design,Complete,3/11/2019,8/8/2019,5/13/2019,598609,569872,556671,"DSF0000867026, DSF0000870861, DSF0000870862, DSF0000870860",598609.0,569872.0,556671.0,2019-03-11,2019-08-08,2019-05-13,0.9519937054070353,-87,150,2019,0,23,Brooklyn,5.777143242108172,0,0,1,0,0
23,K184,P.S. 184 - BROOKLYN,SCA CIP,PLAYGROUND SURFACES / PARAPETS / EXTERIOR MASONRY / ROOFS,Scope,Complete,9/25/2017,3/5/2019,2/27/2019,151521,250372,221953,"DSF0000867026, DSF0000870861, DSF0000870862, DSF0000870860",151521.0,250372.0,221953.0,2017-09-25,2019-03-05,2019-02-27,1.652391417691277,-6,526,2017,1,23,Brooklyn,5.180472827901601,0,0,1,0,0
17,K189,P.S. 189 - BROOKLYN,SCA CIP,IPDVS CAMERA INSTALLATION,Design,Complete,6/19/2020,12/16/2020,11/25/2020,15501,11423,11423,DSF0000960740,15501.0,11423.0,11423.0,2020-06-19,2020-12-16,2020-11-25,0.7369201986968583,-21,180,2020,0,17,Brooklyn,4.190359716265324,0,0,0,0,0
20,K192,P.S. 192 - BROOKLYN,SCA CIP,ELECTRICAL WORK FOR A/C INITIATIVE / LL26 CODE COMPLIANCE/EXIT SIGN REPLACEMENT,Design,Complete,6/13/2019,11/14/2019,11/6/2019,18460,9117,9117,"DSF0000912058, DSF0000912619",18460.0,9117.0,9117.0,2019-06-13,2019-11-14,2019-11-06,0.4938786565547129,-8,154,2019,0,20,Brooklyn,4.266231696689894,1,0,0,0,0
22,K193,P.S. 193 - BROOKLYN,SCA CIP RESOA,FY19 RESO A LIBRARY UPGRADE,Design,Complete,4/9/2019,8/22/2019,5/14/2019,36900,36233,31739,DSF0000890737,36900.0,36233.0,31739.0,2019-04-09,2019-08-22,2019-05-14,0.9819241192411924,-100,135,2019,0,22,Brooklyn,4.567026366159061,0,0,0,0,0
22,K194,P.S. 194 - BROOKLYN,SCA CIP,PARAPETS,Design,Complete,10/16/2019,3/20/2020,2/5/2020,51191,42678,11077,DSF0000893825,51191.0,42678.0,11077.0,2019-10-16,2020-03-20,2020-02-05,0.8337012365454866,-44,156,2019,0,22,Brooklyn,4.709193613438504,0,0,1,0,0
22,K194,P.S. 194 - BROOKLYN,SCA CIP,PARAPETS,Scope,Complete,10/16/2019,10/16/2019,10/16/2019,10238,17877,2769,DSF0000893825,10238.0,17877.0,2769.0,2019-10-16,2019-10-16,2019-10-16,1.7461418245751124,0,0,2019,1,22,Brooklyn,4.010215125214226,0,0,1,0,0
22,K195,P.S. 195 - BROOKLYN,SCA CIP,ELECTRICAL WORK FOR A/C INITIATIVE / LL26 CODE COMPLIANCE/EXIT SIGN REPLACEMENT,Design,Complete,9/13/2019,2/19/2020,1/14/2020,22257,6265,6265,"DSF0000912681, DSF0000914280",22257.0,6265.0,6265.0,2019-09-13,2020-02-19,2020-01-14,0.28148447679381766,-36,159,2019,0,22,Brooklyn,4.347466625800622,1,0,0,0,0
14,K196,P.S. 196 - BROOKLYN,SCA CIP,DEFECTIVE FOUNDATION WALLS- WATER INFILTRATION / DEFECTIVE FACADE / ROOFS,Design,Complete,1/9/2019,6/11/2019,5/14/2019,287595,316207,274942,"DSF0000871071, DSF0000893860, DSF0000893858",287595.0,316207.0,274942.0,2019-01-09,2019-06-11,2019-05-14,1.09948712599315,-28,153,2019,0,14,Brooklyn,5.458781331323899,0,0,1,0,0
14,K196,P.S. 196 - BROOKLYN,SCA CIP,DEFECTIVE FOUNDATION WALLS- WATER INFILTRATION / DEFECTIVE FACADE / ROOFS,Scope,Complete,7/24/2018,10/24/2018,11/19/2018,73978,99960,33756,"DSF0000871071, DSF0000893860, DSF0000893858",73978.0,99960.0,33756.0,2018-07-24,2018-10-24,2018-11-19,1.3512125226418665,26,92,2018,1,14,Brooklyn,4.869102585958763,0,0,1,0,0
22,K197,P.S. 197 - BROOKLYN,SCA CIP,ELECTRICAL WORK FOR A/C INITIATIVE,Design,Complete,9/3/2019,2/6/2020,2/5/2020,34507,8178,8178,DSF0000912682,34507.0,8178.0,8178.0,2019-09-03,2020-02-06,2020-02-05,0.2369953922392558,-1,156,2019,0,22,Brooklyn,4.53790720385597,1,0,0,0,0
22,K197,P.S. 197 - BROOKLYN,SCA CIP,EXTERIOR MASONRY / PARAPETS / ROOFS / WINDOWS / FLOOD ELIMINATION / PIPING REPLACEMENT,Design,Complete,4/25/2017,10/25/2017,10/2/2017,768795,588902,578076,"DSF0000848403, DSF0000848402, DSF0000866190, DSF0000866191, DSF0000848400, DSF0000888808",768795.0,588902.0,578076.0,2017-04-25,2017-10-25,2017-10-02,0.7660065427064432,-23,183,2017,0,22,Brooklyn,5.885810550155454,0,0,1,0,0
22,K197,P.S. 197 - BROOKLYN,SCA CIP,EXTERIOR MASONRY / PARAPETS / ROOFS / WINDOWS / FLOOD ELIMINATION / PIPING REPLACEMENT,Scope,Complete,8/4/2015,4/28/2016,11/25/2015,193528,180194,179460,"DSF0000848403, DSF0000848402, DSF0000866190, DSF0000866191, DSF0000848400, DSF0000888808",193528.0,180194.0,179460.0,2015-08-04,2016-04-28,2015-11-25,0.9311004092431069,-155,268,2015,0,22,Brooklyn,5.286743808454502,0,0,1,0,0
20,K200,P.S. 200 - BROOKLYN,SCA CIP,PARAPETS / ROOFS / EXTERIOR MASONRY,Design,Complete,10/11/2017,3/16/2018,1/31/2018,476847,437728,412205,"DSF0000848464, DSF0000848463, DSF0000868163",476847.0,437728.0,412205.0,2017-10-11,2018-03-16,2018-01-31,0.9179632041304653,-44,156,2017,0,20,Brooklyn,5.678379054690819,0,0,1,0,0
20,K200,P.S. 200 - BROOKLYN,SCA CIP,PARAPETS / ROOFS / EXTERIOR MASONRY,Scope,Complete,2/1/2017,6/16/2017,9/8/2017,119212,98088,98088,"DSF0000848464, DSF0000848463, DSF0000868163",119212.0,98088.0,98088.0,2017-02-01,2017-06-16,2017-09-08,0.822803073516089,84,135,2017,0,20,Brooklyn,5.076319974124645,0,0,1,0,0
20,K201,I.S. 201 - BROOKLYN,SCA CIP RESOA,FY20 RESO A IPDVS CAMERA INSTALLATION,Design,Complete,1/14/2020,7/9/2020,5/6/2020,33000,13274,13274,DSF0000913240,33000.0,13274.0,13274.0,2020-01-14,2020-07-09,2020-05-06,0.40224242424242423,-64,177,2020,0,20,Brooklyn,4.518513939877887,0,0,0,0,0
20,K201,I.S. 201 - BROOKLYN,SCA CIP RESOA,FY18 RESO A ROOM CONVERSION,Design,Complete,11/28/2018,4/29/2019,8/22/2019,101610,60677,60677,DSF0000867186,101610.0,60677.0,60677.0,2018-11-28,2019-04-29,2019-08-22,0.5971557917527802,115,152,2018,1,20,Brooklyn,5.006936451364293,0,0,0,0,0
19,K202,ACHIEVEMENT FIRST ASPIRE CHARTER SCHOOL,SCA CIP,TCU REMOVAL/PLAYGROUND REDEVELOPMENT,Design,Complete,4/4/2019,8/19/2019,5/17/2019,279960,260709,230702,DSF0000888883,279960.0,260709.0,230702.0,2019-04-04,2019-08-19,2019-05-17,0.9312366052293185,-94,137,2019,0,19,Brooklyn,5.447095984841377,0,0,0,0,0
19,K202,ACHIEVEMENT FIRST ASPIRE CHARTER SCHOOL,SCA CIP,TCU REMOVAL/PLAYGROUND REDEVELOPMENT,Scope,Complete,2/6/2019,3/25/2019,4/4/2019,69990,71661,71661,DSF0000888883,69990.0,71661.0,71661.0,2019-02-06,2019-03-25,2019-04-04,1.023874839262752,10,47,2019,0,19,Brooklyn,4.845035993513415,0,0,0,0,0
18,K208,P.S. 208 - BROOKLYN,SCA CIP,ELECTRICAL WORK FOR A/C INITIATIVE,Design,Complete,6/17/2019,11/18/2019,11/13/2019,16650,8883,8883,DSF0000912000,16650.0,8883.0,8883.0,2019-06-17,2019-11-18,2019-11-13,0.5335135135135135,-5,154,2019,0,18,Brooklyn,4.221414237842339,1,0,0,0,0
18,K208,P.S. 208 - BROOKLYN,SCA CIP RESOA,FY15 RESO A SUPPLEMENTAL COOLING,Design,Complete,5/30/2018,9/27/2018,9/13/2018,28859,45702,44825,DSF0000800340,28859.0,45702.0,44825.0,2018-05-30,2018-09-27,2018-09-13,1.583630756436467,-14,120,2018,1,18,Brooklyn,4.460281278177911,0,0,0,0,0
17,K210,I.S. 394 - BROOKLYN,SCA CIP,ELECTRICAL WORK FOR A/C INITIATIVE,Design,Complete,5/21/2019,10/22/2019,11/1/2019,20017,8935,8935,DSF0000912060,20017.0,8935.0,8935.0,2019-05-21,2019-10-22,2019-11-01,0.4463705850027477,10,154,2019,0,17,Brooklyn,4.301398989173564,1,0,0,0,0
21,K212,P.S. 212 - BROOKLYN,SCA CIP,ELECTRICAL WORK FOR A/C INITIATIVE,"CM,F&E",Complete,12/18/2019,7/14/2020,12/4/2020,55783,34697,27825,DSF0000911960,55783.0,34697.0,27825.0,2019-12-18,2020-07-14,2020-12-04,0.6219995339081799,143,209,2019,1,21,Brooklyn,4.746501866839509,1,0,0,0,0
21,K212,P.S. 212 - BROOKLYN,SCA CIP,ELECTRICAL WORK FOR A/C INITIATIVE,Construction,Complete,12/18/2019,7/14/2020,12/4/2020,300971,307640,215913,DSF0000911960,300971.0,307640.0,215913.0,2019-12-18,2020-07-14,2020-12-04,1.0221582810303982,143,209,2019,1,21,Brooklyn,5.478524651252554,1,0,0,0,0
21,K212,P.S. 212 - BROOKLYN,SCA CIP,ELECTRICAL WORK FOR A/C INITIATIVE,Design,Complete,5/16/2019,10/17/2019,8/28/2019,23351,8628,8628,DSF0000911960,23351.0,8628.0,8628.0,2019-05-16,2019-10-17,2019-08-28,0.36949167059226584,-50,154,2019,0,21,Brooklyn,4.368305483839283,1,0,0,0,0
21,K212,P.S. 212 - BROOKLYN,SCA CIP RESOA,FY18 RESO A ACCESSIBILITY,Design,Complete,6/27/2018,11/13/2018,5/13/2019,70917,68782,58685,DSF0000867216,70917.0,68782.0,58685.0,2018-06-27,2018-11-13,2019-05-13,0.9698943835751653,181,139,2018,1,21,Brooklyn,4.850750355369331,0,0,0,0,1
19,K213,P.S. 213 - BROOKLYN,SCA CIP,ELECTRICAL WORK FOR A/C INITIATIVE / LL26 CODE COMPLIANCE/EXIT SIGN REPLACEMENT,Design,Complete,7/24/2019,12/26/2019,12/12/2019,34340,21442,21442,"DSF0000866812, DSF0000912798",34340.0,21442.0,21442.0,2019-07-24,2019-12-26,2019-12-12,0.6244030285381479,-14,155,2019,0,19,Brooklyn,4.5358002908248976,1,0,0,0,0
19,K213,P.S. 213 - BROOKLYN,SCA CIP,PLANYC CLIMATE CONTROL / PLANYC BOILER CONVERSION,Design,Complete,8/23/2018,1/29/2019,1/14/2019,437220,348736,323171,"DSF0000871392, DSF0000889349",437220.0,348736.0,323171.0,2018-08-23,2019-01-29,2019-01-14,0.7976213347971273,-15,159,2018,0,19,Brooklyn,5.6407000199084365,0,1,0,0,0
19,K213,P.S. 213 - BROOKLYN,SCA CIP,PLANYC CLIMATE CONTROL / PLANYC BOILER CONVERSION,Scope,Complete,7/12/2018,12/13/2018,8/16/2018,109305,75124,75124,"DSF0000871392, DSF0000889349",109305.0,75124.0,75124.0,2018-07-12,2018-12-13,2018-08-16,0.6872878642331092,-119,154,2018,0,19,Brooklyn,5.038640028580474,0,1,0,0,0
19,K214,P.S. 214 - BROOKLYN,SCA CIP,FULL PROGRAM ACCESSIBILITY / LOW VOLTAGE ELECTRICAL SYSTEMS,Scope,Complete,4/18/2019,9/3/2019,11/15/2019,20150,20622,20622,"DSF0000912353, DSF0000960613",20150.0,20622.0,20622.0,2019-04-18,2019-09-03,2019-11-15,1.023424317617866,73,138,2019,0,19,Brooklyn,4.304275050477128,1,0,0,0,1
19,K214,P.S. 214 - BROOKLYN,SCA CIP,AUDITORIUM SEATING,Scope,Complete,2/6/2019,6/7/2019,6/5/2019,21063,45215,25540,DSF0000871422,21063.0,45215.0,25540.0,2019-02-06,2019-06-07,2019-06-05,2.146655272278403,-2,121,2019,1,19,Brooklyn,4.323520227754337,0,0,0,0,0
22,K217,P.S. 217 - BROOKLYN,SCA CIP,EXTERIOR MASONRY / FLOOD ELIMINATION / WINDOWS / PARAPETS,Design,Complete,4/13/2015,9/11/2015,10/6/2015,665739,633865,450914,"DSF0000758598, DSF0000804446, DSF0000781143, DSF0000781142",665739.0,633865.0,450914.0,2015-04-13,2015-09-11,2015-10-06,0.9521223782893897,25,151,2015,0,22,Brooklyn,5.823303999326123,0,0,1,0,0
22,K217,P.S. 217 - BROOKLYN,SCA CIP,EXTERIOR MASONRY / FLOOD ELIMINATION / WINDOWS / PARAPETS,Scope,Complete,11/19/2013,4/8/2014,9/24/2014,167299,128308,128308,"DSF0000758598, DSF0000804446, DSF0000781143, DSF0000781142",167299.0,128308.0,128308.0,2013-11-19,2014-04-08,2014-09-24,0.7669382363313588,169,140,2013,1,22,Brooklyn,5.223493345052174,0,0,1,0,0
19,K218,I.S. 218 - BROOKLYN,SCA CIP,ROOF REPLACEMENT / DEWATERING SYSTEM PERMANENT REPAIR / EMERGENCY GENERATOR / VENTILATION,Design,Complete,2/22/2019,7/15/2019,5/8/2020,475631,270962,270962,"DSF0000871487, DSF0000960967, DSF0000894281, DSF0000894290",475631.0,270962.0,270962.0,2019-02-22,2019-07-15,2020-05-08,0.5696895282267136,298,143,2019,1,19,Brooklyn,5.677270152696421,0,0,1,0,0
19,K218,I.S. 218 - BROOKLYN,SCA CIP,ELECTRICAL WORK FOR A/C INITIATIVE / LL26 CODE COMPLIANCE/EXIT SIGN REPLACEMENT,Design,Complete,12/13/2019,5/15/2020,12/18/2019,23810,14393,14393,"DSF0000912063, DSF0000960567",23810.0,14393.0,14393.0,2019-12-13,2020-05-15,2019-12-18,0.6044939101217975,-149,154,2019,0,19,Brooklyn,4.37675939540488,1,0,0,0,0
19,K218,I.S. 218 - BROOKLYN,SCA CIP,ROOF REPLACEMENT / DEWATERING SYSTEM PERMANENT REPAIR / EMERGENCY GENERATOR / VENTILATION,Scope,Complete,1/16/2018,1/31/2019,2/22/2019,97214,112762,112762,"DSF0000871487, DSF0000960967, DSF0000894281, DSF0000894290",97214.0,112762.0,112762.0,2018-01-16,2019-01-31,2019-02-22,1.159935811714362,22,380,2018,1,19,Brooklyn,4.987728813125037,0,0,1,0,0
18,K219,P.S. 219 - BROOKLYN,SCA CIP,ELECTRICAL WORK FOR A/C INITIATIVE / LL26 CODE COMPLIANCE/EXIT SIGN REPLACEMENT,Design,Complete,7/24/2019,12/26/2019,11/6/2019,22054,7650,7650,"DSF0000912064, DSF0000912799",22054.0,7650.0,7650.0,2019-07-24,2019-12-26,2019-11-06,0.34687585018590733,-50,155,2019,0,18,Brooklyn,4.343487370238302,1,0,0,0,0
20,K223,I.S. 223 - BROOKLYN,SCA CIP,FLOOD ELIMINATION / ROOFS / PARAPETS / EXTERIOR MASONRY,Design,Complete,1/30/2019,7/1/2019,5/1/2019,466895,267834,233169,"DSF0000871592, DSF0000871594, DSF0000871595, DSF0000871596",466895.0,267834.0,233169.0,2019-01-30,2019-07-01,2019-05-01,0.5736493215819403,-61,152,2019,0,20,Brooklyn,5.669219223076155,0,0,1,0,0
20,K223,I.S. 223 - BROOKLYN,SCA CIP,FLOOD ELIMINATION / ROOFS / PARAPETS / EXTERIOR MASONRY,Scope,Complete,10/16/2018,3/6/2019,1/29/2019,118213,71376,69739,"DSF0000871592, DSF0000871594, DSF0000871595, DSF0000871596",118213.0,71376.0,69739.0,2018-10-16,2019-03-06,2019-01-29,0.6037914611760128,-36,141,2018,0,20,Brooklyn,5.072665238963297,0,0,1,0,0
21,K226,P.S. 226 - BROOKLYN,SCA CIP,ELECTRICAL WORK FOR A/C INITIATIVE,Design,Complete,5/16/2019,10/17/2019,11/6/2019,28251,7762,7762,DSF0000911961,28251.0,7762.0,7762.0,2019-05-16,2019-10-17,2019-11-06,0.27475133623588543,20,154,2019,0,21,Brooklyn,4.451033825139367,1,0,0,0,0
20,K227,I.S. 227 - BROOKLYN,SCA CIP,WATER PENETRATION / EXTERIOR MASONRY / PARAPETS / ROOFS,Design,Complete,7/10/2017,12/11/2017,5/15/2018,422754,361795,334385,"DSF0000848965, DSF0000848971, DSF0000848969, DSF0000848968",422754.0,361795.0,334385.0,2017-07-10,2017-12-11,2018-05-15,0.8558050308217072,155,154,2017,1,20,Brooklyn,5.6260877254825745,0,0,1,0,0
20,K227,I.S. 227 - BROOKLYN,SCA CIP,WATER PENETRATION / EXTERIOR MASONRY / PARAPETS / ROOFS,Scope,Complete,1/19/2017,6/5/2017,5/31/2017,107395,124109,106512,"DSF0000848965, DSF0000848971, DSF0000848969, DSF0000848968",107395.0,124109.0,106512.0,2017-01-19,2017-06-05,2017-05-31,1.155631081521486,-5,137,2017,1,20,Brooklyn,5.030984062341586,0,0,1,0,0
20,K229,P.S. 229 - BROOKLYN,SCA CIP,FLOOD ELIMINATION / ROOFS / PARAPETS / EXTERIOR MASONRY / PAVED AREA- BLACKTOP,Design,Complete,1/30/2019,7/1/2019,5/15/2019,960538,438179,370327,"DSF0000871715, DSF0000871717, DSF0000871718, DSF0000871719, DSF0000894506",960538.0,438179.0,370327.0,2019-01-30,2019-07-01,2019-05-15,0.45618080700607366,-47,152,2019,0,20,Brooklyn,5.98251455073219,0,0,1,0,0
20,K229,P.S. 229 - BROOKLYN,SCA CIP,FLOOD ELIMINATION / ROOFS / PARAPETS / EXTERIOR MASONRY / PAVED AREA- BLACKTOP,Scope,Complete,10/16/2018,3/6/2019,1/24/2019,242432,180599,177266,"DSF0000871715, DSF0000871717, DSF0000871718, DSF0000871719, DSF0000894506",242432.0,180599.0,177266.0,2018-10-16,2019-03-06,2019-01-24,0.7449470366948258,-41,141,2018,0,20,Brooklyn,5.384589944315123,0,0,1,0,0
15,K230,P.S. 230 - BROOKLYN,SCA CIP,ROOFS / PARAPETS / EXTERIOR MASONRY / FLOOD ELIMINATION,Design,Complete,4/19/2019,9/18/2019,5/15/2019,566875,305974,267044,"DSF0000871728, DSF0000871729, DSF0000871730, DSF0000894514",566875.0,305974.0,267044.0,2019-04-19,2019-09-18,2019-05-15,0.539755678059537,-126,152,2019,0,15,Brooklyn,5.75348730440417,0,0,1,0,0
15,K230,P.S. 230 - BROOKLYN,SCA CIP,ROOFS / PARAPETS / EXTERIOR MASONRY / FLOOD ELIMINATION,Scope,Complete,10/11/2018,3/1/2019,4/19/2019,113374,137561,135979,"DSF0000871728, DSF0000871729, DSF0000871730, DSF0000894514",113374.0,137561.0,135979.0,2018-10-11,2019-03-01,2019-04-19,1.2133381551325702,49,141,2018,1,15,Brooklyn,5.054513469449433,0,0,1,0,0
18,K232,"MIDDLE SCHL MEDIA, LAW AND FINE ARTS - K",SCA CIP RESOA,FY19 RESO A MEDIA CENTER UPGRADE / PATH OF TRAVEL RESO A MEDIA CENTER UPGRADE,Design,Complete,9/23/2019,1/3/2020,3/19/2020,24000,18962,18962,"DSF0000890799, DSF0000912596",24000.0,18962.0,18962.0,2019-09-23,2020-01-03,2020-03-19,0.7900833333333334,76,102,2019,0,18,Brooklyn,4.380211241711606,0,0,0,0,1
18,K233,P.S. 233 - BROOKLYN,SCA CIP,ELECTRICAL WORK FOR A/C INITIATIVE,Design,Complete,8/28/2019,2/3/2020,2/5/2020,26028,7726,7726,DSF0000912685,26028.0,7726.0,7726.0,2019-08-28,2020-02-03,2020-02-05,0.2968341785769172,2,159,2019,0,18,Brooklyn,4.415440798061818,1,0,0,0,0
22,K236,P.S. 236 - BROOKLYN,SCA CIP,FULL PROGRAM ACCESSIBILITY / FIRE ALARM REPLACEMENT,Scope,Complete,5/30/2019,10/15/2019,11/1/2019,10385,10759,146,"DSF0000912355, DSF0000960562",10385.0,10759.0,146.0,2019-05-30,2019-10-15,2019-11-01,1.036013480982186,17,138,2019,0,22,Brooklyn,4.016406500871118,0,0,0,1,1
21,K237,THE BROOKLYN SCHOOL OF INQUIRY - K,SCA CIP RESOA,RESO A ROOFTOP GREENHOUSE,Design,Complete,4/4/2016,9/1/2016,2/27/2018,249758,307391,301384,DSF0000821680,249758.0,307391.0,301384.0,2016-04-04,2016-09-01,2018-02-27,1.2307553711993209,544,150,2016,1,21,Brooklyn,5.397519408009976,0,0,1,0,0
22,K240,I.S. 240 - BROOKLYN,SCA CIP,FLOOD ELIMINATION / ROOFS / WINDOWS / EXTERIOR MASONRY,Design,Complete,4/24/2019,9/24/2019,5/17/2019,415538,270059,222807,"DSF0000871887, DSF0000871888, DSF0000871890, DSF0000871891",415538.0,270059.0,222807.0,2019-04-24,2019-09-24,2019-05-17,0.6499020546857327,-130,153,2019,0,22,Brooklyn,5.618610745173559,0,0,1,0,0
22,K240,I.S. 240 - BROOKLYN,SCA CIP,ELECTRICAL WORK FOR A/C INITIATIVE / LL26 CODE COMPLIANCE/EXIT SIGN REPLACEMENT,Design,Complete,7/8/2019,12/9/2019,12/3/2019,45073,11082,11082,"DSF0000912065, DSF0000912773",45073.0,11082.0,11082.0,2019-07-08,2019-12-09,2019-12-03,0.24586781443436204,-6,154,2019,0,22,Brooklyn,4.653916465106381,1,0,0,0,0
22,K240,I.S. 240 - BROOKLYN,SCA CIP,ELECTRICAL WORK FOR A/C INITIATIVE / LL26 CODE COMPLIANCE/EXIT SIGN REPLACEMENT,Scope,Complete,6/25/2019,11/5/2019,7/8/2019,10016,2771,2771,"DSF0000912065, DSF0000912773",10016.0,2771.0,2771.0,2019-06-25,2019-11-05,2019-07-08,0.2766573482428115,-120,133,2019,0,22,Brooklyn,4.000694315866355,1,0,0,0,0
22,K240,I.S. 240 - BROOKLYN,SCA CIP,FLOOD ELIMINATION / ROOFS / WINDOWS / EXTERIOR MASONRY,Scope,Complete,10/11/2018,3/1/2019,4/24/2019,105830,90528,88518,"DSF0000871887, DSF0000871888, DSF0000871890, DSF0000871891",105830.0,90528.0,88518.0,2018-10-11,2019-03-01,2019-04-24,0.8554096192006048,54,141,2018,0,22,Brooklyn,5.024608796126558,0,0,1,0,0
17,K241,P.S. 241 - BROOKLYN,SCA CIP,BACKFLOW PREVENTION DEVICES,Design,Complete,9/6/2018,4/5/2019,9/4/2019,50978,58192,58192,DSF0000798516,50978.0,58192.0,58192.0,2018-09-06,2019-04-05,2019-09-04,1.1415120247950097,152,211,2018,1,17,Brooklyn,4.707382792961376,0,0,0,0,0
17,K241,P.S. 241 - BROOKLYN,SCA CIP,BACKFLOW PREVENTION DEVICES,Scope,Complete,3/13/2018,9/28/2018,7/9/2018,13903,14225,14225,DSF0000798516,13903.0,14225.0,14225.0,2018-03-13,2018-09-28,2018-07-09,1.023160468963533,-81,199,2018,0,17,Brooklyn,4.143108522762512,0,0,0,0,0
17,K241,P.S. 241 - BROOKLYN,SCA CIP RESOA,FY18 RESO A SCIENCE LAB UPGRADES,Design,Complete,8/21/2019,1/27/2020,2/3/2020,59732,49598,46951,DSF0000867382,59732.0,49598.0,46951.0,2019-08-21,2020-01-27,2020-02-03,0.8303421951382843,7,159,2019,0,17,Brooklyn,4.776207056424993,0,0,0,0,0
16,K243,P.S. 243 - BROOKLYN,SCA CIP,ROOFS / PARAPETS / EXTERIOR MASONRY,Scope,Complete,7/30/2019,12/16/2019,11/14/2019,67398,102666,96290,"DSF0000894741, DSF0000894742, DSF0000894743",67398.0,102666.0,96290.0,2019-07-30,2019-12-16,2019-11-14,1.5232796225407281,-32,139,2019,1,16,Brooklyn,4.828647009267499,0,0,1,0,0
17,K246,I.S. 246 - BROOKLYN,SCA CIP,ELECTRICAL WORK FOR A/C INITIATIVE,Design,Complete,8/14/2019,1/17/2020,1/22/2020,25512,4669,4669,DSF0000912690,25512.0,4669.0,4669.0,2019-08-14,2020-01-17,2020-01-22,0.18301191596111635,5,156,2019,0,17,Brooklyn,4.406744506234903,1,0,0,0,0
17,K246,I.S. 246 - BROOKLYN,SCA CIP,FLOOD ELIMINATION / PARAPETS / EXTERIOR MASONRY / ROOFS,Design,Complete,2/1/2019,7/3/2019,9/26/2019,296903,251863,197215,"DSF0000871987, DSF0000871988, DSF0000871989, DSF0000912332",296903.0,251863.0,197215.0,2019-02-01,2019-07-03,2019-09-26,0.848300623435937,85,152,2019,0,17,Brooklyn,5.472614585864362,0,0,1,0,0
17,K246,I.S. 246 - BROOKLYN,SCA CIP,FLOOD ELIMINATION / PARAPETS / EXTERIOR MASONRY / ROOFS,Scope,Complete,10/5/2018,2/26/2019,2/1/2019,62100,108607,108231,"DSF0000871987, DSF0000871988, DSF0000871989, DSF0000912332",62100.0,108607.0,108231.0,2018-10-05,2019-02-26,2019-02-01,1.7489049919484703,-25,144,2018,1,17,Brooklyn,4.79309160017658,0,0,1,0,0
20,K247,P.S. 247 - BROOKLYN,SCA CIP,PARAPETS / EXTERIOR MASONRY / ROOFS / FLOOD ELIMINATION,Design,Complete,3/8/2019,8/7/2019,5/15/2019,465159,278495,258433,"DSF0000894806, DSF0000894807, DSF0000894805, DSF0000894803",465159.0,278495.0,258433.0,2019-03-08,2019-08-07,2019-05-15,0.5987092585546018,-84,152,2019,0,20,Brooklyn,5.667601428200724,0,0,1,0,0
20,K247,P.S. 247 - BROOKLYN,SCA CIP,PARAPETS / EXTERIOR MASONRY / ROOFS / FLOOD ELIMINATION,Scope,Complete,10/2/2018,2/21/2019,3/5/2019,118268,187961,162512,"DSF0000894806, DSF0000894807, DSF0000894805, DSF0000894803",118268.0,187961.0,162512.0,2018-10-02,2019-02-21,2019-03-05,1.589280278689079,12,142,2018,1,20,Brooklyn,5.07286725262981,0,0,1,0,0
17,K249,P.S. 249 - BROOKLYN,SCA CIP,ELECTRICAL WORK FOR A/C INITIATIVE / LL26 CODE COMPLIANCE/EXIT SIGN REPLACEMENT,Design,Complete,7/17/2019,12/18/2019,11/13/2019,18360,5890,5890,"DSF0000912067, DSF0000912785",18360.0,5890.0,5890.0,2019-07-17,2019-12-18,2019-11-13,0.32080610021786493,-35,154,2019,0,17,Brooklyn,4.2638726768652235,1,0,0,0,0
22,K251,P.S. 251 - BROOKLYN,SCA CIP,PLANYC BOILER CONVERSION / PLANYC CLIMATE CONTROL,Design,Complete,3/19/2018,8/16/2018,5/17/2019,388592,238592,195688,"DSF0000888998, DSF0000781746",388592.0,238592.0,195688.0,2018-03-19,2018-08-16,2019-05-17,0.6139910240046115,274,150,2018,1,22,Brooklyn,5.589493855472156,0,1,0,0,0
22,K251,P.S. 251 - BROOKLYN,SCA CIP,PLANYC BOILER CONVERSION / PLANYC CLIMATE CONTROL,Scope,Complete,8/9/2017,1/9/2018,12/15/2017,99037,58475,5187,"DSF0000888998, DSF0000781746",99037.0,58475.0,5187.0,2017-08-09,2018-01-09,2017-12-15,0.590435897694801,-25,153,2017,0,22,Brooklyn,4.995797476353155,0,1,0,0,0
18,K252,MIDDLE SCHOOL FOR ART & PHILOS - K,SCA CIP RESOA,FY18 RESO A ROOM CONVERSIONS/PARTITIONING,"CM,F&E",Complete,6/26/2019,2/20/2020,2/20/2020,65374,92433,87580,DSF0000867361,65374.0,92433.0,87580.0,2019-06-26,2020-02-20,2020-02-20,1.4139107290360082,0,239,2019,1,18,Brooklyn,4.815405058696692,0,0,0,0,0
18,K252,MIDDLE SCHOOL FOR ART & PHILOS - K,SCA CIP RESOA,FY18 RESO A ROOM CONVERSIONS/PARTITIONING,Construction,Complete,6/26/2019,2/20/2020,2/20/2020,500095,377077,305359,DSF0000867361,500095.0,377077.0,305359.0,2019-06-26,2020-02-20,2020-02-20,0.7540107379597877,0,239,2019,0,18,Brooklyn,5.6990525124495575,0,0,0,0,0
18,K252,MIDDLE SCHOOL FOR ART & PHILOS - K,SCA CIP RESOA,FY18 RESO A ROOM CONVERSIONS/PARTITIONING,Design,Complete,6/19/2018,12/3/2018,3/28/2019,34097,42787,42787,DSF0000867361,34097.0,42787.0,42787.0,2018-06-19,2018-12-03,2019-03-28,1.2548611314778426,115,167,2018,1,18,Brooklyn,4.532716169586027,0,0,0,0,0
21,K253,P.S. 253 - BROOKLYN,SCA Capacity,ADDITION,Scope,Complete,11/5/2019,3/6/2020,3/6/2020,997318,728658,646515,DSF0000911840,997318.0,728658.0,646515.0,2019-11-05,2020-03-06,2020-03-06,0.7306175161783904,0,122,2019,0,21,Brooklyn,5.998833657434078,0,0,0,0,0
21,K253,P.S. 253 - BROOKLYN,SCA CIP,EXTERIOR MASONRY / FLOOD ELIMINATION / PARAPETS / ROOFS,"CM,F&E",Complete,7/20/2018,7/3/2020,2/20/2020,609207,629457,614560,"DSF0000849395, DSF0000889015, DSF0000872098, DSF0000872097",609207.0,629457.0,614560.0,2018-07-20,2020-07-03,2020-02-20,1.0332399332246676,-134,714,2018,0,21,Brooklyn,5.784764884887097,0,0,1,0,0
21,K253,P.S. 253 - BROOKLYN,SCA CIP,EXTERIOR MASONRY / FLOOD ELIMINATION / PARAPETS / ROOFS,Construction,Complete,7/20/2018,7/3/2020,2/20/2020,8607660,8730837,8378121,"DSF0000849395, DSF0000889015, DSF0000872098, DSF0000872097",8607660.0,8730837.0,8378121.0,2018-07-20,2020-07-03,2020-02-20,1.0143101609496659,-134,714,2018,0,21,Brooklyn,6.934885104158736,0,0,1,0,0
21,K253,P.S. 253 - BROOKLYN,SCA CIP,EXTERIOR MASONRY / FLOOD ELIMINATION / PARAPETS / ROOFS,Design,Complete,1/3/2018,6/5/2018,5/14/2018,476917,288584,277015,"DSF0000849395, DSF0000889015, DSF0000872098, DSF0000872097",476917.0,288584.0,277015.0,2018-01-03,2018-06-05,2018-05-14,0.6051031940568276,-22,153,2018,0,21,Brooklyn,5.678442803403892,0,0,1,0,0
21,K253,P.S. 253 - BROOKLYN,SCA CIP,EXTERIOR MASONRY / FLOOD ELIMINATION / PARAPETS / ROOFS,Scope,Complete,7/24/2017,12/8/2017,12/21/2017,120161,109436,109435,"DSF0000849395, DSF0000889015, DSF0000872098, DSF0000872097",120161.0,109436.0,109435.0,2017-07-24,2017-12-08,2017-12-21,0.9107447507926865,13,137,2017,0,21,Brooklyn,5.079763533946667,0,0,1,0,0
22,K254,P.S. 254 - BROOKLYN,SCA Capacity,ADDITION,Design,Complete,2/2/2018,8/17/2018,10/3/2018,3657760,3141490,1750243,DSF0000798194,3657760.0,3141490.0,1750243.0,2018-02-02,2018-08-17,2018-10-03,0.8588562398845195,47,196,2018,0,22,Brooklyn,6.563215206308502,0,0,0,0,0
22,K254,P.S. 254 - BROOKLYN,SCA Capacity,ADDITION,Scope,Complete,8/29/2017,1/30/2018,2/1/2018,1143050,627871,610283,DSF0000798194,1143050.0,627871.0,610283.0,2017-08-29,2018-01-30,2018-02-01,0.5492944315646735,2,154,2017,0,22,Brooklyn,6.058065227988597,0,0,0,0,0
22,K254,P.S. 254 - BROOKLYN,SCA CIP,PHASE III WORK ROOM CONVERSION / LOW VOLTAGE / MINOR ADA WORK,Scope,Complete,1/30/2019,5/1/2019,4/3/2019,62120,66269,66269,DSF0000798194,62120.0,66269.0,66269.0,2019-01-30,2019-05-01,2019-04-03,1.0667900837089503,-28,91,2019,0,22,Brooklyn,4.793231447056521,0,0,0,0,0
22,K255,P.S. 255 - BROOKLYN,SCA CIP,ROOFS / PARAPETS / WINDOWS / EXTERIOR MASONRY,Design,Complete,3/8/2019,8/7/2019,5/3/2019,829020,441804,334949,"DSF0000872131, DSF0000872132, DSF0000872133, DSF0000872134",829020.0,441804.0,334949.0,2019-03-08,2019-08-07,2019-05-03,0.5329232105377434,-96,152,2019,0,22,Brooklyn,5.918565007974718,0,0,1,0,0
22,K255,P.S. 255 - BROOKLYN,SCA CIP,ROOFS / PARAPETS / WINDOWS / EXTERIOR MASONRY,Scope,Complete,10/16/2018,3/6/2019,3/8/2019,207255,156544,152658,"DSF0000872131, DSF0000872132, DSF0000872133, DSF0000872134",207255.0,156544.0,152658.0,2018-10-16,2019-03-06,2019-03-08,0.7553207401510217,2,141,2018,0,22,Brooklyn,5.316505016646755,0,0,1,0,0
20,K259,I.S. 259 - BROOKLYN,SCA CIP,PLANYC BOILER CONVERSION / PLANYC CLIMATE CONTROL,Design,Complete,12/13/2016,5/16/2017,4/26/2017,405480,446971,406626,"DSF0000798278, DSF0000798281",405480.0,446971.0,406626.0,2016-12-13,2017-05-16,2017-04-26,1.102325638749137,-20,154,2016,1,20,Brooklyn,5.607969437822521,0,1,0,0,0
20,K259,I.S. 259 - BROOKLYN,SCA CIP,PLANYC BOILER CONVERSION / PLANYC CLIMATE CONTROL,Scope,Complete,9/1/2016,2/7/2017,12/1/2016,101370,120499,116042,"DSF0000798278, DSF0000798281",101370.0,120499.0,116042.0,2016-09-01,2017-02-07,2016-12-01,1.188704744993588,-68,159,2016,1,20,Brooklyn,5.005909446494559,0,1,0,0,0
19,K260,THE FRESH CREEK SCHOOL - BROOKLYN,SCA CIP,DEFECTIVE MASONRY / ROOFS / PARAPETS,Design,Complete,1/15/2020,6/16/2020,6/26/2020,195828,294633,61131,"DSF0000872218, DSF0000895028, DSF0000895029",195828.0,294633.0,61131.0,2020-01-15,2020-06-16,2020-06-26,1.5045499111465164,10,153,2020,1,19,Brooklyn,5.291874788468651,0,0,1,0,0
19,K260,THE FRESH CREEK SCHOOL - BROOKLYN,SCA CIP,DEFECTIVE MASONRY / ROOFS / PARAPETS,Scope,Complete,6/25/2019,11/8/2019,1/7/2020,40249,120527,37036,"DSF0000872218, DSF0000895028, DSF0000895029",40249.0,120527.0,37036.0,2019-06-25,2019-11-08,2020-01-07,2.994534025690079,60,136,2019,1,19,Brooklyn,4.604755094644832,0,0,1,0,0
15,K261,P.S. 261 - BROOKLYN,SCA CIP,FLOOD ELIMINATION / PARAPETS / ROOFS / PLAYGROUND REDEVELOPMENT,Scope,Complete,9/18/2018,2/6/2019,3/1/2019,58873,49264,47630,"DSF0000872231, DSF0000895047, DSF0000895046, DSF0000940371",58873.0,49264.0,47630.0,2018-09-18,2019-02-06,2019-03-01,0.8367842644336113,23,141,2018,0,15,Brooklyn,4.769916166782944,0,0,1,0,0
16,K262,P.S. 262 - BROOKLYN,SCA CIP,ELECTRICAL WORK FOR A/C INITIATIVE / LL26 CODE COMPLIANCE/EXIT SIGN REPLACEMENT,Design,Complete,9/20/2019,2/26/2020,2/5/2020,20935,5236,5236,"DSF0000912691, DSF0000914257",20935.0,5236.0,5236.0,2019-09-20,2020-02-26,2020-02-05,0.250107475519465,-21,159,2019,0,16,Brooklyn,4.320872965227249,1,0,0,0,0
13,K265,I.S. 265 - BROOKLYN,SCA CIP,PLANYC BOILER CONVERSION / PLANYC CLIMATE CONTROL,"CM,F&E",Complete,7/11/2016,10/3/2017,10/16/2020,375158,491347,480373,"DSF0000798255, DSF0000782007",375158.0,491347.0,480373.0,2016-07-11,2017-10-03,2020-10-16,1.3097068435165984,1109,449,2016,1,13,Brooklyn,5.574214211931888,0,1,0,0,0
13,K265,I.S. 265 - BROOKLYN,SCA CIP,PLANYC BOILER CONVERSION / PLANYC CLIMATE CONTROL,Construction,Complete,7/11/2016,10/3/2017,10/16/2020,6029326,6309295,5720101,"DSF0000798255, DSF0000782007",6029326.0,6309295.0,5720101.0,2016-07-11,2017-10-03,2020-10-16,1.0464345434298958,1109,449,2016,1,13,Brooklyn,6.780268766395372,0,1,0,0,0
13,K265,I.S. 265 - BROOKLYN,SCA CIP,PLANYC BOILER CONVERSION / PLANYC CLIMATE CONTROL,Design,Complete,8/29/2014,2/4/2015,1/9/2015,321564,406750,395750,"DSF0000798255, DSF0000782007",321564.0,406750.0,395750.0,2014-08-29,2015-02-04,2015-01-09,1.264911495067856,-26,159,2014,1,13,Brooklyn,5.5072674223012745,0,1,0,0,0
13,K265,I.S. 265 - BROOKLYN,SCA CIP,ROOFS / PARAPETS / EXTERIOR MASONRY,Design,Complete,12/30/2019,6/1/2020,6/30/2020,402408,264472,239950,"DSF0000895099, DSF0000895100, DSF0000895101",402408.0,264472.0,239950.0,2019-12-30,2020-06-01,2020-06-30,0.6572235144430528,29,154,2019,0,13,Brooklyn,5.604666606047173,0,0,1,0,0
13,K265,I.S. 265 - BROOKLYN,SCA CIP,PLANYC BOILER CONVERSION / PLANYC CLIMATE CONTROL,Scope,Complete,6/30/2014,12/2/2014,8/26/2014,80391,109474,109474,"DSF0000798255, DSF0000782007",80391.0,109474.0,109474.0,2014-06-30,2014-12-02,2014-08-26,1.3617693522906793,-98,155,2014,1,13,Brooklyn,4.905207430973312,0,1,0,0,0
13,K265,I.S. 265 - BROOKLYN,SCA CIP,ROOFS / PARAPETS / EXTERIOR MASONRY,Scope,Complete,7/22/2019,12/6/2019,12/19/2019,80482,130073,129206,"DSF0000895099, DSF0000895100, DSF0000895101",80482.0,130073.0,129206.0,2019-07-22,2019-12-06,2019-12-19,1.6161750453517556,13,137,2019,1,13,Brooklyn,4.90569876018416,0,0,1,0,0
22,K269,P.S. 361 - BROOKLYN,SCA CIP,ELECTRICAL WORK FOR A/C INITIATIVE,Design,Complete,9/3/2019,2/6/2020,2/5/2020,26819,9386,9386,DSF0000912692,26819.0,9386.0,9386.0,2019-09-03,2020-02-06,2020-02-05,0.34997576345128456,-1,156,2019,0,22,Brooklyn,4.428442580279988,1,0,0,0,0
13,K270,P.S. 270 - BROOKLYN,SCA CIP,FLOOD ELIMINATION / ROOFS / PARAPETS / EXTERIOR MASONRY,Scope,Complete,5/18/2020,11/13/2020,10/6/2020,145944,178311,155436,"DSF0000940478, DSF0000940479, DSF0000940480, DSF0000940481",145944.0,178311.0,155436.0,2020-05-18,2020-11-13,2020-10-06,1.221776845913501,-38,179,2020,1,13,Brooklyn,5.164186245124277,0,0,1,0,0
23,K271,I.S. 522 - BROOKLYN,SCA CIP,PLANYC BOILER CONVERSION / PLANYC CLIMATE CONTROL,Design,Complete,6/28/2017,11/30/2017,10/24/2017,445200,289534,256807,"DSF0000798283, DSF0000798285",445200.0,289534.0,256807.0,2017-06-28,2017-11-30,2017-10-24,0.6503459119496855,-37,155,2017,0,23,Brooklyn,5.64855515566267,0,1,0,0,0
23,K271,I.S. 522 - BROOKLYN,SCA CIP,PLANYC BOILER CONVERSION / PLANYC CLIMATE CONTROL,Scope,Complete,5/18/2017,10/19/2017,6/19/2017,111300,94899,94899,"DSF0000798283, DSF0000798285",111300.0,94899.0,94899.0,2017-05-18,2017-10-19,2017-06-19,0.8526415094339622,-122,154,2017,0,23,Brooklyn,5.046495164334709,0,1,0,0,0
19,K273,P.S. 273 - BROOKLYN,SCA CIP,ELECTRICAL WORK FOR A/C INITIATIVE / LL26 CODE COMPLIANCE/EXIT SIGN REPLACEMENT,Design,Complete,8/20/2019,1/24/2020,1/22/2020,23852,4837,4837,"DSF0000912693, DSF0000913020",23852.0,4837.0,4837.0,2019-08-20,2020-01-24,2020-01-22,0.20279221868187153,-2,157,2019,0,19,Brooklyn,4.377524800673702,1,0,0,0,0
32,K274,P.S. 274 - BROOKLYN,SCA CIP,PARAPETS / EXTERIOR MASONRY,Design,Complete,6/18/2019,11/19/2019,2/3/2020,112620,87403,82313,"DSF0000872405, DSF0000872406",112620.0,87403.0,82313.0,2019-06-18,2019-11-19,2020-02-03,0.7760877286450009,76,154,2019,0,32,Brooklyn,5.0516155230049895,0,0,1,0,0
32,K274,P.S. 274 - BROOKLYN,SCA CIP,PARAPETS / EXTERIOR MASONRY,Scope,Complete,12/18/2017,5/4/2018,6/13/2019,23176,103213,102782,"DSF0000872405, DSF0000872406",23176.0,103213.0,102782.0,2017-12-18,2018-05-04,2019-06-13,4.45344321712116,405,137,2017,1,32,Brooklyn,4.365038482195706,0,0,1,0,0
22,K277,P.S. 277 - BROOKLYN,SCA CIP,PLANYC BOILER CONVERSION / PLANYC CLIMATE CONTROL,Design,Complete,4/23/2018,9/21/2018,7/25/2018,343860,281476,268597,"DSF0000798258, DSF0000798259",343860.0,281476.0,268597.0,2018-04-23,2018-09-21,2018-07-25,0.8185773279823184,-58,151,2018,0,22,Brooklyn,5.536381658841393,0,1,0,0,0
22,K277,P.S. 277 - BROOKLYN,SCA CIP,PLANYC BOILER CONVERSION / PLANYC CLIMATE CONTROL,Scope,Complete,1/2/2018,6/4/2018,4/13/2018,85965,85511,82563,"DSF0000798258, DSF0000798259",85965.0,85511.0,82563.0,2018-01-02,2018-06-04,2018-04-13,0.9947187808992032,-52,153,2018,0,22,Brooklyn,4.934321667513431,0,1,0,0,0
22,K277,P.S. 277 - BROOKLYN,SCA CIP RESOA,FY18 RESO A SCIENCE LAB UPGRADES,Design,Complete,7/25/2018,12/27/2018,3/13/2019,25742,38252,37429,DSF0000867379,25742.0,38252.0,37429.0,2018-07-25,2018-12-27,2019-03-13,1.4859762256234947,76,155,2018,1,22,Brooklyn,4.410642285972441,0,0,0,0,0
18,K279,P.S. 279 - BROOKLYN,SCA CIP,BACKFLOW PREVENTION DEVICES,Design,Complete,11/14/2018,5/13/2019,5/10/2019,82500,77353,77353,DSF0000888831,82500.0,77353.0,77353.0,2018-11-14,2019-05-13,2019-05-10,0.9376121212121212,-3,180,2018,0,18,Brooklyn,4.9164539485499255,0,0,0,0,0
18,K279,P.S. 279 - BROOKLYN,SCA CIP,BACKFLOW PREVENTION DEVICES,Scope,Complete,3/12/2018,7/10/2018,10/16/2018,22500,17953,17953,DSF0000888831,22500.0,17953.0,17953.0,2018-03-12,2018-07-10,2018-10-16,0.7979111111111111,98,120,2018,1,18,Brooklyn,4.352182518111363,0,0,0,0,0
15,K280,EDUCATIONAL CAMPUS @ 500 19TH STREET - BROOKLYN,SCA CIP,PHASE II WORK,Design,Complete,3/17/2016,8/29/2016,4/19/2017,924000,2183251,2093075,DSF0000798184,924000.0,2183251.0,2093075.0,2016-03-17,2016-08-29,2017-04-19,2.3628257575757576,233,165,2016,1,15,Brooklyn,5.9656719712201065,0,0,0,0,0
15,K280,PRE-K CENTER AT BISHOP FORD SCHOOL SITE,SCA CIP,PLAYGROUND,Design,Complete,1/3/2019,5/20/2019,5/17/2019,52690,53823,51408,DSF0000889658,52690.0,53823.0,51408.0,2019-01-03,2019-05-20,2019-05-17,1.0215031315240084,-3,137,2019,0,15,Brooklyn,4.721728198572788,0,0,0,0,0
15,K280,PRE-K CENTER AT BISHOP FORD SCHOOL SITE,SCA CIP,PLAYGROUND,Scope,Complete,9/12/2018,12/13/2018,12/21/2018,14370,13027,13027,DSF0000889658,14370.0,13027.0,13027.0,2018-09-12,2018-12-13,2018-12-21,0.9065414057063327,8,92,2018,0,15,Brooklyn,4.157456768134225,0,0,0,0,0
15,K280,EDUCATIONAL CAMPUS @ 500 19TH STREET - BROOKLYN,SCA CIP,PHASE II WORK,Scope,Complete,3/16/2016,3/16/2016,3/16/2016,231000,715551,715551,DSF0000798184,231000.0,715551.0,715551.0,2016-03-16,2016-03-16,2016-03-16,3.0976233766233765,0,0,2016,1,15,Brooklyn,5.363611979892144,0,0,0,0,0
13,K282,P.S. 282 - BROOKLYN,SCA CIP,PLANYC BOILER / PLANYC CLIMATE CONTROL,Design,Complete,8/1/2019,1/6/2020,2/3/2020,423883,221544,210294,"DSF0000912413, DSF0000895335",423883.0,221544.0,210294.0,2019-08-01,2020-01-06,2020-02-03,0.5226536567873682,28,158,2019,0,13,Brooklyn,5.627245999360768,0,1,0,0,0
13,K282,P.S. 282 - BROOKLYN,SCA CIP,FULL PROGRAM ACCESSIBILITY / LOW VOLTAGE ELECTRICAL SYSTEM,Scope,Complete,7/23/2018,12/7/2018,12/20/2018,21616,0,0,"DSF0000889380, DSF0000895336",21616.0,0.0,0.0,2018-07-23,2018-12-07,2018-12-20,0.0,13,137,2018,0,13,Brooklyn,4.334775331677956,1,0,0,0,1
13,K282,P.S. 282 - BROOKLYN,SCA CIP,PLANYC BOILER / PLANYC CLIMATE CONTROL,Scope,Complete,5/29/2019,10/29/2019,8/1/2019,105971,44136,44136,"DSF0000912413, DSF0000895335",105971.0,44136.0,44136.0,2019-05-29,2019-10-29,2019-08-01,0.41649130422474073,-89,153,2019,0,13,Brooklyn,5.025187032593756,0,1,0,0,0
22,K286,K811 SPED - BROOKLYN,SCA CIP RESOA,FY18 RESO A IPDVS CAMERA INSTALLATION,"CM,F&E",Complete,6/18/2019,3/13/2020,11/20/2020,121519,125808,105470,DSF0000867318,121519.0,125808.0,105470.0,2019-06-18,2020-03-13,2020-11-20,1.0352948921567822,252,269,2019,1,22,Brooklyn,5.084644186988133,0,0,0,0,0
22,K286,K811 SPED - BROOKLYN,SCA CIP RESOA,FY18 RESO A IPDVS CAMERA INSTALLATION,Construction,Complete,6/18/2019,3/13/2020,11/20/2020,345070,269374,217900,DSF0000867318,345070.0,269374.0,217900.0,2019-06-18,2020-03-13,2020-11-20,0.7806358130234445,252,269,2019,1,22,Brooklyn,5.53790720385597,0,0,0,0,0
22,K286,K811 SPED - BROOKLYN,SCA CIP RESOA,FY18 RESO A IPDVS CAMERA INSTALLATION,Design,Complete,12/7/2018,6/5/2019,4/17/2019,23528,10781,10781,DSF0000867318,23528.0,10781.0,10781.0,2018-12-07,2019-06-05,2019-04-17,0.458219993199592,-49,180,2018,0,22,Brooklyn,4.371585011499013,0,0,0,0,0
13,K287,P.S. 287 - BROOKLYN,SCA CIP,PLANYC BOILER CONVERSION / PLANYC CLIMATE CONTROL,Design,Complete,4/15/2020,9/15/2020,7/31/2020,331790,238322,238317,"DSF0000798438, DSF0000895405",331790.0,238322.0,238317.0,2020-04-15,2020-09-15,2020-07-31,0.7182916905271407,-46,153,2020,0,13,Brooklyn,5.520863292447035,0,1,0,0,0
13,K287,P.S. 287 - BROOKLYN,SCA CIP,ROOFS / PARAPETS / EXTERIOR MASONRY,Design,Complete,3/28/2018,8/27/2018,10/1/2018,515521,456158,440617,"DSF0000872577, DSF0000872578, DSF0000872579",515521.0,456158.0,440617.0,2018-03-28,2018-08-27,2018-10-01,0.8848485318735804,35,152,2018,0,13,Brooklyn,5.712246361177945,0,0,1,0,0
13,K287,P.S. 287 - BROOKLYN,SCA CIP,ROOFS / PARAPETS / EXTERIOR MASONRY,Scope,Complete,12/18/2017,5/4/2018,3/28/2018,128880,120526,114285,"DSF0000872577, DSF0000872578, DSF0000872579",128880.0,120526.0,114285.0,2017-12-18,2018-05-04,2018-03-28,0.9351800124146493,-37,137,2017,0,13,Brooklyn,5.110185527411161,0,0,1,0,0
13,K287,P.S. 287 - BROOKLYN,SCA CIP,PLANYC BOILER CONVERSION / PLANYC CLIMATE CONTROL,Scope,Complete,1/17/2020,6/18/2020,4/14/2020,66358,64098,64098,"DSF0000798438, DSF0000895405",66358.0,64098.0,64098.0,2020-01-17,2020-06-18,2020-04-14,0.9659423129087676,-65,153,2020,0,13,Brooklyn,4.821893288111016,0,1,0,0,0
19,K290,P.S. 290 - BROOKLYN,SCA CIP,ROOFS / WINDOWS / PARAPETS,Design,Complete,6/29/2015,12/1/2015,12/9/2015,233049,193684,181777,"DSF0000782401, DSF0000822187, DSF0000805706",233049.0,193684.0,181777.0,2015-06-29,2015-12-01,2015-12-09,0.8310870246171406,8,155,2015,0,19,Brooklyn,5.367447243739689,0,0,1,0,0
19,K290,P.S. 290 - BROOKLYN,SCA CIP,ROOFS / WINDOWS / PARAPETS,Scope,Complete,10/24/2014,3/16/2015,4/8/2015,61275,80829,78692,"DSF0000782401, DSF0000822187, DSF0000805706",61275.0,80829.0,78692.0,2014-10-24,2015-03-16,2015-04-08,1.3191187270501836,23,143,2014,1,19,Brooklyn,4.787283319924115,0,0,1,0,0
32,K291,I.S. 291 - BROOKLYN,SCA CIP,IPDVS CAMERA INSTALLATION,Design,Complete,12/4/2017,5/31/2018,4/4/2018,32988,15382,15382,DSF0000867033,32988.0,15382.0,15382.0,2017-12-04,2018-05-31,2018-04-04,0.4662907724020856,-57,178,2017,0,32,Brooklyn,4.518355985891093,0,0,0,0,0
32,K291,I.S. 291 - BROOKLYN,SCA CIP RESOA,FY19 RESO A GYMNASIUM UPGRADE / PATH OF TRAVEL RESO A GYMNASIUM UPGRADE,Design,Complete,2/12/2020,3/20/2020,3/16/2020,24000,44939,44327,"DSF0000890780, DSF0000912400",24000.0,44939.0,44327.0,2020-02-12,2020-03-20,2020-03-16,1.8724583333333333,-4,37,2020,1,32,Brooklyn,4.380211241711606,0,0,0,0,1
32,K296,K053 SPED - BROOKLYN,SCA CIP,IPDVS CAMERA INSTALLATION,Design,Complete,1/5/2018,7/2/2018,5/3/2018,22452,15259,15259,DSF0000867034,22452.0,15259.0,15259.0,2018-01-05,2018-07-02,2018-05-03,0.6796276500979869,-60,178,2018,0,32,Brooklyn,4.351255033547635,0,0,0,0,0
32,K299,P.S. 299 - BROOKLYN,SCA CIP,ELECTRICAL WORK FOR A/C INITIATIVE / LL26 CODE COMPLIANCE/EXIT SIGN REPLACEMENT,Design,Complete,7/1/2019,12/3/2019,11/13/2019,23418,11232,11232,"DSF0000912001, DSF0000912633",23418.0,11232.0,11232.0,2019-07-01,2019-12-03,2019-11-13,0.4796310530361261,-20,155,2019,0,32,Brooklyn,4.369549801664892,1,0,0,0,0
32,K299,P.S. 299 - BROOKLYN,SCA CIP,FLOOD ELIMINATION / ROOFS / PARAPETS / EXTERIOR MASONRY,Design,Complete,11/13/2019,4/16/2020,6/30/2020,660206,261561,242970,"DSF0000895586, DSF0000895587, DSF0000895588, DSF0000895589",660206.0,261561.0,242970.0,2019-11-13,2020-04-16,2020-06-30,0.396180888995253,75,155,2019,0,32,Brooklyn,5.81967946691197,0,0,1,0,0
32,K299,P.S. 299 - BROOKLYN,SCA CIP,FLOOD ELIMINATION / ROOFS / PARAPETS / EXTERIOR MASONRY,Scope,Complete,7/9/2019,11/22/2019,11/7/2019,132042,163381,160991,"DSF0000895586, DSF0000895587, DSF0000895588, DSF0000895589",132042.0,163381.0,160991.0,2019-07-09,2019-11-22,2019-11-07,1.2373411490283395,-15,136,2019,1,32,Brooklyn,5.1207120938344755,0,0,1,0,0
21,K303,I.S. 303 - BROOKLYN,SCA CIP RESOA,FY19 RESO A AUDITORIUM UPGRADE,Design,Complete,1/7/2020,6/8/2020,6/30/2020,76980,60324,57004,DSF0000890782,76980.0,60324.0,57004.0,2020-01-07,2020-06-08,2020-06-30,0.7836321122369446,22,153,2020,0,21,Brooklyn,4.886377906758572,0,0,0,0,0
16,K304,BRIGHTER CHOICE COMMUN SCHL - K,SCA CIP,ELECTRICAL WORK FOR A/C INITIATIVE / LL26 CODE COMPLIANCE/EXIT SIGN REPLACEMENT,Design,Complete,9/17/2019,2/24/2020,2/5/2020,18066,6589,6589,"DSF0000912694, DSF0000914241",18066.0,6589.0,6589.0,2019-09-17,2020-02-24,2020-02-05,0.3647182552861729,-19,160,2019,0,16,Brooklyn,4.256862005896403,1,0,0,0,0
19,K306,P.S. 306 - BROOKLYN,SCA CIP,ELECTRICAL WORK FOR A/C INITIATIVE / LL26 CODE COMPLIANCE/EXIT SIGN REPLACEMENT,Design,Complete,2/20/2019,7/22/2019,5/8/2019,89100,27434,26808,"DSF0000868272, DSF0000912313",89100.0,27434.0,26808.0,2019-02-20,2019-07-22,2019-05-08,0.30790123456790125,-75,152,2019,0,19,Brooklyn,4.949877704036875,1,0,0,0,0
19,K306,P.S. 306 - BROOKLYN,SCA CIP,ELECTRICAL WORK FOR A/C INITIATIVE / LL26 CODE COMPLIANCE/EXIT SIGN REPLACEMENT,Scope,Complete,1/22/2019,6/19/2019,2/20/2019,24300,6669,6669,"DSF0000868272, DSF0000912313",24300.0,6669.0,6669.0,2019-01-22,2019-06-19,2019-02-20,0.27444444444444444,-119,148,2019,0,19,Brooklyn,4.385606273598312,1,0,0,0,0
13,K307,P.S. 307 - BROOKLYN,SCA CIP,PATH OF TRAVEL NYS AUDITORIUM UPGRADE,Scope,Complete,5/8/2020,7/8/2020,7/22/2020,13548,13548,1048,DSF0000960716,13548.0,13548.0,1048.0,2020-05-08,2020-07-08,2020-07-22,1.0,14,61,2020,0,13,Brooklyn,4.131875187972593,0,0,0,0,1
16,K308,P.S. 308 - BROOKLYN,SCA CIP,ELECTRICAL WORK FOR A/C INITIATIVE,Design,Complete,10/8/2019,3/13/2020,2/5/2020,29399,5915,5915,DSF0000912755,29399.0,5915.0,5915.0,2019-10-08,2020-03-13,2020-02-05,0.20119731963672233,-37,157,2019,0,16,Brooklyn,4.4683325582397755,1,0,0,0,0
16,K309,P.S. 309 - BROOKLYN,SCA CIP,PLANYC CLIMATE CONTROL / PLANYC BOILER CONVERSION,Design,Complete,4/8/2020,9/8/2020,8/12/2020,293474,237617,237617,"DSF0000941045, DSF0000960645",293474.0,237617.0,237617.0,2020-04-08,2020-09-08,2020-08-12,0.8096696811301853,-27,153,2020,0,16,Brooklyn,5.467569631455182,0,1,0,0,0
16,K309,P.S. 309 - BROOKLYN,SCA CIP,PLANYC CLIMATE CONTROL / PLANYC BOILER CONVERSION,Scope,Complete,1/31/2020,7/1/2020,4/7/2020,58695,55214,55214,"DSF0000941045, DSF0000960645",58695.0,55214.0,55214.0,2020-01-31,2020-07-01,2020-04-07,0.9406934151120198,-85,152,2020,0,16,Brooklyn,4.768601106956361,0,1,0,0,0
22,K312,P.S. 312 - BROOKLYN,SCA CIP,WATER PENETRATION,Design,Complete,1/18/2017,6/19/2017,5/17/2017,85226,84223,78559,DSF0000828317,85226.0,84223.0,78559.0,2017-01-18,2017-06-19,2017-05-17,0.9882312909206111,-33,152,2017,0,22,Brooklyn,4.930572105728843,0,0,0,0,0
22,K312,P.S. 312 - BROOKLYN,SCA CIP,WATER PENETRATION,Scope,Complete,1/12/2016,5/26/2016,12/9/2016,23244,52490,52490,DSF0000828317,23244.0,52490.0,52490.0,2016-01-12,2016-05-26,2016-12-09,2.2582171743245567,197,135,2016,1,22,Brooklyn,4.366310866766736,0,0,0,0,0
20,K314,P.S. 506 - BROOKLYN,SCA CIP RESOA,FY19 RESO A SUPPLEMENTAL COOLING,Design,Complete,8/14/2019,1/17/2020,2/25/2020,48000,51037,47417,DSF0000890794,48000.0,51037.0,47417.0,2019-08-14,2020-01-17,2020-02-25,1.0632708333333334,39,156,2019,0,20,Brooklyn,4.681241237375588,0,0,0,0,0
14,K315,P.S. 17 - BROOKLYN,SCA CIP,STANDALONE GYM ANNEX,Design,Complete,8/1/2018,2/1/2019,5/16/2019,581032,642082,496411,DSF0000889554,581032.0,642082.0,496411.0,2018-08-01,2019-02-01,2019-05-16,1.1050716655881259,104,184,2018,1,14,Brooklyn,5.764200051565404,0,0,0,0,0
14,K315,P.S. 17 - BROOKLYN,SCA CIP,STANDALONE GYM ANNEX,Scope,Complete,8/1/2018,8/1/2018,8/1/2018,145258,26562,21554,DSF0000889554,145258.0,26562.0,21554.0,2018-08-01,2018-08-01,2018-08-01,0.18286084071101075,0,0,2018,0,14,Brooklyn,5.162140060237442,0,0,0,0,0
17,K316,P.S. 316 - BROOKLYN,SCA CIP,ROOFS,"CM,F&E",Complete,5/20/2019,11/9/2020,10/19/2020,204911,335207,316946,DSF0000872925,204911.0,335207.0,316946.0,2019-05-20,2020-11-09,2020-10-19,1.6358663029315166,-21,539,2019,1,17,Brooklyn,5.311565272754895,0,0,1,0,0
17,K316,P.S. 316 - BROOKLYN,SCA CIP,ELECTRICAL WORK FOR A/C INITIATIVE / LL26 CODE COMPLIANCE/EXIT SIGN REPLACEMENT,"CM,F&E",Complete,8/13/2020,5/9/2021,11/12/2020,49888,10249,10047,"DSF0000912003, DSF0000912772",49888.0,10249.0,10047.0,2020-08-13,2021-05-09,2020-11-12,0.20544018601667735,-178,269,2020,0,17,Brooklyn,4.697996093508747,1,0,0,0,0
17,K316,P.S. 316 - BROOKLYN,SCA CIP,ELECTRICAL WORK FOR A/C INITIATIVE / LL26 CODE COMPLIANCE/EXIT SIGN REPLACEMENT,Construction,Complete,8/13/2020,5/9/2021,11/12/2020,269159,403995,198698,"DSF0000912003, DSF0000912772",269159.0,403995.0,198698.0,2020-08-13,2021-05-09,2020-11-12,1.5009529683198406,-178,269,2020,1,17,Brooklyn,5.430008906109681,1,0,0,0,0
17,K316,P.S. 316 - BROOKLYN,SCA CIP,ROOFS,Construction,Complete,5/20/2019,11/9/2020,10/19/2020,3293213,3434417,2950751,DSF0000872925,3293213.0,3434417.0,2950751.0,2019-05-20,2020-11-09,2020-10-19,1.042877275171694,-21,539,2019,0,17,Brooklyn,6.517619821125831,0,0,1,0,0
17,K316,P.S. 316 - BROOKLYN,SCA CIP,ROOFS,Design,Complete,7/30/2018,1/2/2019,2/8/2019,175638,177490,145156,DSF0000872925,175638.0,177490.0,145156.0,2018-07-30,2019-01-02,2019-02-08,1.0105444152176637,37,156,2018,0,17,Brooklyn,5.244618483124282,0,0,1,0,0
17,K316,P.S. 316 - BROOKLYN,SCA CIP,ELECTRICAL WORK FOR A/C INITIATIVE / LL26 CODE COMPLIANCE/EXIT SIGN REPLACEMENT,Design,Complete,7/8/2019,12/9/2019,11/6/2019,20883,7785,7569,"DSF0000912003, DSF0000912772",20883.0,7785.0,7569.0,2019-07-08,2019-12-09,2019-11-06,0.37279126562275533,-33,154,2019,0,17,Brooklyn,4.319792888480451,1,0,0,0,0
17,K316,P.S. 316 - BROOKLYN,SCA CIP,ROOFS,Scope,Complete,2/27/2018,7/12/2018,7/19/2018,43910,60020,57659,DSF0000872925,43910.0,60020.0,57659.0,2018-02-27,2018-07-12,2018-07-19,1.3668868139375996,7,135,2018,1,17,Brooklyn,4.642563437104388,0,0,1,0,0
14,K319,P.S. 319 - BROOKLYN,SCA CIP,ROOFS / WINDOWS,Design,Complete,3/13/2020,8/12/2020,6/30/2020,135816,100716,98208,"DSF0000895802, DSF0000895803",135816.0,100716.0,98208.0,2020-03-13,2020-08-12,2020-06-30,0.7415621134476056,-43,152,2020,0,14,Brooklyn,5.132950935646934,0,0,1,0,0
14,K319,P.S. 319 - BROOKLYN,SCA CIP,ROOFS / WINDOWS,Scope,Complete,8/9/2019,12/27/2019,3/13/2020,28328,33518,32498,"DSF0000895802, DSF0000895803",28328.0,33518.0,32498.0,2019-08-09,2019-12-27,2020-03-13,1.183210957356679,77,140,2019,1,14,Brooklyn,4.452215913750055,0,0,1,0,0
17,K320,P.S. 375 - BROOKLYN,SCA CIP,ELECTRICAL WORK FOR A/C INITIATIVE / LL26 CODE COMPLIANCE/EXIT SIGN REPLACEMENT,Design,Complete,8/21/2019,1/27/2020,12/3/2019,47375,9011,9011,"DSF0000912071, DSF0000913026",47375.0,9011.0,9011.0,2019-08-21,2020-01-27,2019-12-03,0.19020580474934037,-55,159,2019,0,17,Brooklyn,4.675549222976128,1,0,0,0,0
17,K320,P.S. 375 - BROOKLYN,SCA CIP,PLANYC CLIMATE CONTROL / PLANYC BOILER CONVERSION,Design,Complete,4/1/2015,8/31/2015,11/4/2015,417946,432221,387825,"DSF0000798262, DSF0000798261",417946.0,432221.0,387825.0,2015-04-01,2015-08-31,2015-11-04,1.034155130088576,65,152,2015,0,17,Brooklyn,5.621120173121952,0,1,0,0,0
17,K320,P.S. 375 - BROOKLYN,SCA CIP,PLANYC CLIMATE CONTROL / PLANYC BOILER CONVERSION,Scope,Complete,12/9/2014,5/12/2015,3/20/2015,106670,68323,68323,"DSF0000798262, DSF0000798261",106670.0,68323.0,68323.0,2014-12-09,2015-05-12,2015-03-20,0.64050810912159,-53,154,2014,0,17,Brooklyn,5.028042295090749,0,1,0,0,0
17,K320,P.S. 375 - BROOKLYN,SCA CIP,ELECTRICAL WORK FOR A/C INITIATIVE / LL26 CODE COMPLIANCE/EXIT SIGN REPLACEMENT,Scope,Complete,6/5/2019,12/23/2019,8/20/2019,10528,2252,2252,"DSF0000912071, DSF0000913026",10528.0,2252.0,2252.0,2019-06-05,2019-12-23,2019-08-20,0.21390577507598785,-125,201,2019,0,17,Brooklyn,4.02234587626988,1,0,0,0,0
20,K322,I.S. @ 650 86TH STREET - BROOKLYN,SCA Capacity,NEW SCHOOL,Scope,Complete,1/6/2020,6/3/2020,6/3/2020,1429605,750079,715907,DSF0000798188,1429605.0,750079.0,715907.0,2020-01-06,2020-06-03,2020-06-03,0.5246756971331242,0,149,2020,0,20,Brooklyn,6.155216058431984,0,0,0,0,0
20,K322,I.S. @ 650 86TH STREET - BROOKLYN,SCA CIP,DEMOLITION,Design,Complete,4/17/2020,9/11/2020,9/10/2020,83878,56457,56457,DSF0000798188,83878.0,56457.0,56457.0,2020-04-17,2020-09-11,2020-09-10,0.6730847182813133,-1,147,2020,0,20,Brooklyn,4.9236480665319915,0,0,0,0,0
20,K322,I.S. @ 650 86TH STREET - BROOKLYN,SCA CIP,DEMOLITION,Scope,Complete,4/17/2020,4/17/2020,4/17/2020,16776,14114,14114,DSF0000798188,16776.0,14114.0,14114.0,2020-04-17,2020-04-17,2020-04-17,0.8413209346685742,0,0,2020,0,20,Brooklyn,4.224688417457288,0,0,0,0,0
23,K327,K396 SPED - BROOKLYN,SCA CIP,FIRE ALARM REPLACEMENT,Design,Complete,6/26/2019,12/31/2019,11/8/2019,118991,110612,107761,DSF0000912293,118991.0,110612.0,107761.0,2019-06-26,2019-12-31,2019-11-08,0.9295829096318209,-53,188,2019,0,23,Brooklyn,5.0755141143492475,0,0,0,1,0
23,K327,K396 SPED - BROOKLYN,SCA CIP,FIRE ALARM REPLACEMENT,Scope,Complete,3/8/2019,6/6/2019,5/23/2019,23798,35572,35572,DSF0000912293,23798.0,35572.0,35572.0,2019-03-08,2019-06-06,2019-05-23,1.4947474577695605,-14,90,2019,1,23,Brooklyn,4.376540460188395,0,0,0,1,0
19,K328,P.S. 328 - BROOKLYN,SCA CIP,ROOFS / PARAPETS / EXTERIOR MASONRY,Design,Complete,1/31/2019,7/2/2019,5/17/2019,252901,250752,212486,"DSF0000873058, DSF0000873059, DSF0000873060",252901.0,250752.0,212486.0,2019-01-31,2019-07-02,2019-05-17,0.9915026037856711,-46,152,2019,0,19,Brooklyn,5.402950546598747,0,0,1,0,0
19,K328,P.S. 328 - BROOKLYN,SCA CIP,ROOFS / PARAPETS / EXTERIOR MASONRY,Scope,Complete,10/16/2018,3/6/2019,1/31/2019,66182,81824,81114,"DSF0000873058, DSF0000873059, DSF0000873060",66182.0,81824.0,81114.0,2018-10-16,2019-03-06,2019-01-31,1.236348251790517,-34,141,2018,1,19,Brooklyn,4.820739887269882,0,0,1,0,0
23,K332,CHRISTOPHER AVENUE COMMUNITY SCHOOL,SCA CIP,ROOFS / PARAPETS / EXTERIOR MASONRY / ROOF TOP UNIT,Design,Complete,12/3/2019,6/15/2020,5/1/2020,569752,384729,382078,"DSF0000895932, DSF0000895933, DSF0000895934, DSF0000960659",569752.0,384729.0,382078.0,2019-12-03,2020-06-15,2020-05-01,0.6752569539027506,-45,195,2019,0,23,Brooklyn,5.755685858358669,0,0,1,0,0
23,K332,CHRISTOPHER AVENUE COMMUNITY SCHOOL,SCA CIP,ROOFS / PARAPETS / EXTERIOR MASONRY / ROOF TOP UNIT,Scope,Complete,6/28/2019,12/27/2019,11/19/2019,115513,134917,101235,"DSF0000895932, DSF0000895933, DSF0000895934, DSF0000960659",115513.0,134917.0,101235.0,2019-06-28,2019-12-27,2019-11-19,1.1679810930371473,-38,182,2019,1,23,Brooklyn,5.0626308631074535,0,0,1,0,0
16,K335,P.S. 335 - BROOKLYN,SCA CIP,ELECTRICAL WORK FOR A/C INITIATIVE / LL26 CODE COMPLIANCE/EXIT SIGN REPLACEMENT,"CM,F&E",Complete,8/3/2020,3/30/2021,11/24/2020,54395,34126,11516,"DSF0000912004, DSF0000912609",54395.0,34126.0,11516.0,2020-08-03,2021-03-30,2020-11-24,0.6273738395073076,-126,239,2020,0,16,Brooklyn,4.735558981091423,1,0,0,0,0
16,K335,P.S. 335 - BROOKLYN,SCA CIP,ELECTRICAL WORK FOR A/C INITIATIVE / LL26 CODE COMPLIANCE/EXIT SIGN REPLACEMENT,Construction,Complete,8/3/2020,3/30/2021,11/24/2020,293480,333620,160811,"DSF0000912004, DSF0000912609",293480.0,333620.0,160811.0,2020-08-03,2021-03-30,2020-11-24,1.1367725228294943,-126,239,2020,1,16,Brooklyn,5.467578510402737,1,0,0,0,0
16,K335,P.S. 335 - BROOKLYN,SCA CIP,ELECTRICAL WORK FOR A/C INITIATIVE / LL26 CODE COMPLIANCE/EXIT SIGN REPLACEMENT,Design,Complete,6/11/2019,11/12/2019,10/30/2019,22770,9782,9782,"DSF0000912004, DSF0000912609",22770.0,9782.0,9782.0,2019-06-11,2019-11-12,2019-10-30,0.42960035133948177,-13,154,2019,0,16,Brooklyn,4.357363030615143,1,0,0,0,0
22,K342,P.S. 312 - BROOKLYN,SCA CIP RESOA,FY16 RESO A LEARNING GARDEN,Design,Complete,11/7/2017,3/28/2018,5/17/2019,564360,891126,689971,DSF0000822797,564360.0,891126.0,689971.0,2017-11-07,2018-03-28,2019-05-17,1.5790027641930682,415,141,2017,1,22,Brooklyn,5.751556224793704,0,0,0,0,0
19,K345,P.S. 345 - BROOKLYN,SCA CIP,ELECTRICAL WORK FOR A/C INITIATIVE,Design,Complete,7/8/2019,12/9/2019,12/12/2019,11250,4906,4906,DSF0000912072,11250.0,4906.0,4906.0,2019-07-08,2019-12-09,2019-12-12,0.4360888888888889,3,154,2019,0,19,Brooklyn,4.051152522447381,1,0,0,0,0
19,K345,P.S. 345 - BROOKLYN,SCA CIP,PLANYC BOILER CONVERSION / PLANYC CLIMATE CONTROL,Design,Complete,3/26/2018,8/23/2018,7/20/2018,413280,353062,318386,"DSF0000798295, DSF0000798296",413280.0,353062.0,318386.0,2018-03-26,2018-08-23,2018-07-20,0.8542924893534649,-34,150,2018,0,19,Brooklyn,5.616244388829242,0,1,0,0,0
19,K345,P.S. 345 - BROOKLYN,SCA CIP,WATER INFILTRATION / EXTERIOR MASONRY,Design,Complete,12/18/2018,3/11/2019,9/10/2019,97737,59270,57839,"DSF0000888832, DSF0000895966",97737.0,59270.0,57839.0,2018-12-18,2019-03-11,2019-09-10,0.6064233606515445,183,83,2018,1,19,Brooklyn,4.990059004392979,0,0,1,0,0
19,K345,P.S. 345 - BROOKLYN,SCA CIP,PLANYC BOILER CONVERSION / PLANYC CLIMATE CONTROL,Scope,Complete,12/22/2017,5/25/2018,3/16/2018,103320,101527,101527,"DSF0000798295, DSF0000798296",103320.0,101527.0,101527.0,2017-12-22,2018-05-25,2018-03-16,0.9826461478900503,-70,154,2017,0,19,Brooklyn,5.014184397501279,0,1,0,0,0
19,K345,P.S. 345 - BROOKLYN,SCA CIP,WATER INFILTRATION / EXTERIOR MASONRY,Scope,Complete,5/22/2018,9/20/2018,10/19/2018,25211,53995,53973,"DSF0000888832, DSF0000895966",25211.0,53995.0,53973.0,2018-05-22,2018-09-20,2018-10-19,2.141723850700091,29,121,2018,1,19,Brooklyn,4.401590072406656,0,0,1,0,0
19,K368,P.S. 159 - BROOKLYN,SCA CIP,STANDALONE GYM ANNEX,Design,Complete,8/1/2018,2/1/2019,3/8/2019,478229,509083,358548,DSF0000889557,478229.0,509083.0,358548.0,2018-08-01,2019-02-01,2019-03-08,1.064517208283061,35,184,2018,0,19,Brooklyn,5.679635908371346,0,0,0,0,0
19,K368,P.S. 159 - BROOKLYN,SCA CIP,STANDALONE GYM ANNEX,Scope,Complete,8/1/2018,8/1/2018,8/1/2018,119557,13649,11040,DSF0000889557,119557.0,13649.0,11040.0,2018-08-01,2018-08-01,2018-08-01,0.11416311884707712,0,0,2018,0,19,Brooklyn,5.07757500891164,0,0,0,0,0
32,K377,P.S. 377 - BROOKLYN,SCA CIP,AUDITORIUM UPGRADE,Design,Complete,11/28/2018,5/1/2019,5/17/2019,68970,56408,50617,DSF0000873229,68970.0,56408.0,50617.0,2018-11-28,2019-05-01,2019-05-17,0.8178628389154705,16,154,2018,0,32,Brooklyn,4.838660225988941,0,0,0,0,0
32,K377,P.S. 377 - BROOKLYN,SCA CIP,AUDITORIUM UPGRADE,Scope,Complete,7/3/2018,11/2/2018,11/19/2018,18810,13733,13733,DSF0000873229,18810.0,13733.0,13733.0,2018-07-03,2018-11-02,2018-11-19,0.7300903774587985,17,122,2018,0,32,Brooklyn,4.2743887955503785,0,0,0,0,0
32,K383,I.S. 383 - BROOKLYN,SCA CIP,ELECTRICAL WORK FOR A/C INITIATIVE,Design,Complete,7/11/2019,12/12/2019,11/13/2019,39899,13387,13387,DSF0000912074,39899.0,13387.0,13387.0,2019-07-11,2019-12-12,2019-11-13,0.3355221935386852,-29,154,2019,0,32,Brooklyn,4.6009620109768665,1,0,0,0,0
23,K396,K396 SPED - BROOKLYN,SCA CIP RESOA,FY15 RESO A IPDVS CAMERA INSTALLATION,"CM,F&E",Complete,7/10/2019,4/4/2020,11/4/2020,144339,157389,117453,DSF0000801010,144339.0,157389.0,117453.0,2019-07-10,2020-04-04,2020-11-04,1.0904121547190988,214,269,2019,1,23,Brooklyn,5.159383692121611,0,0,0,0,0
23,K396,K396 SPED - BROOKLYN,SCA CIP RESOA,FY15 RESO A IPDVS CAMERA INSTALLATION,Construction,Complete,7/10/2019,4/4/2020,11/4/2020,475299,397182,333943,DSF0000801010,475299.0,397182.0,333943.0,2019-07-10,2020-04-04,2020-11-04,0.8356466140261183,214,269,2019,1,23,Brooklyn,5.676966900566716,0,0,0,0,0
23,K396,K396 SPED - BROOKLYN,SCA CIP RESOA,FY15 RESO A IPDVS CAMERA INSTALLATION,Design,Complete,12/4/2018,5/31/2019,4/10/2019,32407,14574,14574,DSF0000801010,32407.0,14574.0,14574.0,2018-12-04,2019-05-31,2019-04-10,0.44971765359335947,-51,178,2018,0,23,Brooklyn,4.5106388291269495,0,0,0,0,0
17,K398,P.S. 398 - BROOKLYN,SCA CIP,PLAYGROUND REDEVELOPMENT,Design,Complete,7/11/2019,1/14/2020,12/31/2019,81128,125876,125459,DSF0000844129,81128.0,125876.0,125459.0,2019-07-11,2020-01-14,2019-12-31,1.551572823192979,-14,187,2019,1,17,Brooklyn,4.909170769708037,0,0,0,0,0
17,K398,P.S. 398 - BROOKLYN,SCA CIP,ELECTRICAL WORK FOR A/C INITIATIVE / LL26 CODE COMPLIANCE/EXIT SIGN REPLACEMENT,Design,Complete,7/17/2019,12/18/2019,11/6/2019,23160,8162,8162,"DSF0000912075, DSF0000912787",23160.0,8162.0,8162.0,2019-07-17,2019-12-18,2019-11-06,0.3524179620034542,-42,154,2019,0,17,Brooklyn,4.364738555055399,1,0,0,0,0
17,K398,P.S. 398 - BROOKLYN,SCA CIP,PLAYGROUND REDEVELOPMENT,Scope,Complete,10/18/2016,4/18/2017,2/14/2017,16226,60706,60511,DSF0000844129,16226.0,60706.0,60511.0,2016-10-18,2017-04-18,2017-02-14,3.7412794280783928,-63,182,2016,1,17,Brooklyn,4.210211471641834,0,0,0,0,0
17,K399,P.S. 399 - BROOKLYN,SCA CIP,BOILER REPLACEMENT,Design,Complete,5/22/2018,10/23/2018,1/2/2019,262500,230710,183389,DSF0000912178,262500.0,230710.0,183389.0,2018-05-22,2018-10-23,2019-01-02,0.8788952380952381,71,154,2018,0,17,Brooklyn,5.419129307741976,0,1,0,0,0
17,K399,P.S. 399 - BROOKLYN,SCA CIP,BOILER REPLACEMENT,Scope,Complete,1/3/2018,6/5/2018,5/1/2018,65625,60898,60898,DSF0000912178,65625.0,60898.0,60898.0,2018-01-03,2018-06-05,2018-05-01,0.9279695238095238,-35,153,2018,0,17,Brooklyn,4.817069316414013,0,1,0,0,0
21,K400,KINGSBOROUGH EARLY COLLEGE SCHOOL,SCA CIP,ELECTRICAL WORK FOR A/C INITIATIVE,Design,Complete,12/18/2018,5/21/2019,5/16/2019,87582,27711,27181,DSF0000888982,87582.0,27711.0,27181.0,2018-12-18,2019-05-21,2019-05-16,0.3164006302664931,-5,154,2018,0,21,Brooklyn,4.942414858406305,1,0,0,0,0
21,K400,KINGSBOROUGH EARLY COLLEGE SCHOOL,SCA CIP,ROOF,Design,Complete,11/15/2019,6/15/2020,5/15/2020,395255,293711,293687,DSF0000890998,395255.0,293711.0,293687.0,2019-11-15,2020-06-15,2020-05-15,0.7430924339983049,-31,213,2019,0,21,Brooklyn,5.596877372490837,0,0,1,0,0
21,K400,KINGSBOROUGH EARLY COLLEGE SCHOOL,SCA CIP,ROOF,Scope,Complete,10/17/2018,3/7/2019,3/7/2019,79051,76184,76184,DSF0000890998,79051.0,76184.0,76184.0,2018-10-17,2019-03-07,2019-03-07,0.9637322741015294,0,141,2018,0,21,Brooklyn,4.897907368154818,0,0,1,0,0
21,K400,KINGSBOROUGH EARLY COLLEGE SCHOOL,SCA CIP,ELECTRICAL WORK FOR A/C INITIATIVE,Scope,Complete,8/13/2018,12/14/2018,12/18/2018,23886,6854,6854,DSF0000888982,23886.0,6854.0,6854.0,2018-08-13,2018-12-14,2018-12-18,0.28694632839320106,4,123,2018,0,21,Brooklyn,4.378143427967742,1,0,0,0,0
21,K400,KINGSBOROUGH EARLY COLLEGE SCHOOL,SCA CIP RESOA,FY18 RESO A AUDITORIUM  UPGRADE,Design,Complete,7/19/2018,3/22/2019,5/3/2019,221833,351985,351985,DSF0000867231,221833.0,351985.0,351985.0,2018-07-19,2019-03-22,2019-05-03,1.586711625411909,42,246,2018,1,21,Brooklyn,5.346026152506797,0,0,0,0,0
22,K405,MIDWOOD H.S.,SCA CIP RESOA,FY10 RESO A SUPPLEMENTAL COOLING,Design,Complete,8/16/2017,11/16/2017,3/26/2018,64258,82410,79086,DSF0000690182,64258.0,82410.0,79086.0,2017-08-16,2017-11-16,2018-03-26,1.2824862273958106,130,92,2017,1,22,Brooklyn,4.807927204214552,0,0,0,0,0
21,K410,ABRAHAM LINCOLN HS - BROOKLYN,SCA CIP,ELECTRICAL WORK FOR A/C INITIATIVE / LL26 CODE COMPLIANCE/EXIT SIGN REPLACEMENT,Design,Complete,6/19/2019,11/20/2019,11/13/2019,59071,9386,9386,"DSF0000912076, DSF0000912634",59071.0,9386.0,9386.0,2019-06-19,2019-11-20,2019-11-13,0.15889353489868124,-7,154,2019,0,21,Brooklyn,4.771374322996021,1,0,0,0,0
21,K410,ABRAHAM LINCOLN HS - BROOKLYN,SCA CIP,ELECTRICAL WORK FOR A/C INITIATIVE / LL26 CODE COMPLIANCE/EXIT SIGN REPLACEMENT,Scope,Complete,6/3/2019,10/15/2019,6/19/2019,13126,2346,2346,"DSF0000912076, DSF0000912634",13126.0,2346.0,2346.0,2019-06-03,2019-10-15,2019-06-19,0.178729239676977,-118,134,2019,0,21,Brooklyn,4.1181323999209045,1,0,0,0,0
18,K415,IT TAKES A VILLAGE ACADEMY - K,SCA CIP,FLOOD ELIMINATION / ROOFS / PARAPETS / EXTERIOR MASONRY,Design,Complete,4/9/2019,9/9/2019,5/16/2019,1536089,412219,406401,"DSF0000873417, DSF0000873420, DSF0000873421, DSF0000873422",1536089.0,412219.0,406401.0,2019-04-09,2019-09-09,2019-05-16,0.268356195506901,-116,153,2019,0,18,Brooklyn,6.186416379164976,0,0,1,0,0
18,K415,IT TAKES A VILLAGE ACADEMY - K,SCA CIP,ELECTRICAL WORK FOR A/C INITIATIVE / LL26 CODE COMPLIANCE/EXIT SIGN REPLACEMENT,Design,Complete,3/6/2019,8/5/2019,5/9/2019,107140,15950,15950,"DSF0000866839, DSF0000912370",107140.0,15950.0,15950.0,2019-03-06,2019-08-05,2019-05-09,0.14887063655030802,-88,152,2019,0,18,Brooklyn,5.02995164203684,1,0,0,0,0
18,K415,IT TAKES A VILLAGE ACADEMY - K,SCA CIP,ELECTRICAL WORK FOR A/C INITIATIVE / LL26 CODE COMPLIANCE/EXIT SIGN REPLACEMENT,Scope,Complete,1/29/2019,7/3/2019,3/6/2019,29220,3979,3979,"DSF0000866839, DSF0000912370",29220.0,3979.0,3979.0,2019-01-29,2019-07-03,2019-03-06,0.1361738535249829,-119,155,2019,0,18,Brooklyn,4.465680211598278,1,0,0,0,0
18,K415,IT TAKES A VILLAGE ACADEMY - K,SCA CIP,FLOOD ELIMINATION / ROOFS / PARAPETS / EXTERIOR MASONRY,Scope,Complete,10/26/2018,3/18/2019,4/4/2019,384927,218003,205294,"DSF0000873417, DSF0000873420, DSF0000873421, DSF0000873422",384927.0,218003.0,205294.0,2018-10-26,2019-03-18,2019-04-04,0.566348944085502,17,143,2018,0,18,Brooklyn,5.585378374954695,0,0,1,0,0
18,K415,IT TAKES A VILLAGE ACADEMY - K,SCA CIP RESOA,FY16 RESO A LOW-VOLTAGE ELECTRICAL SYSTEM,Design,Complete,6/13/2019,11/14/2019,11/15/2019,93609,36154,36154,DSF0000822873,93609.0,36154.0,36154.0,2019-06-13,2019-11-14,2019-11-15,0.38622354688117594,1,154,2019,0,18,Brooklyn,4.971317605815384,1,0,0,0,0
19,K420,MULTICULTURAL HS - BROOKLYN,SCA CIP,PARAPETS / ELECTRICAL WORK FOR A/C INITIATIVE / FLOOD ELIMINATION / ROOFS / EXTERIOR MASONRY / LL26 CODE COMPLIANCE/EXIT SIGN REPLACEMENT,Design,Complete,4/3/2018,8/31/2018,5/18/2018,2405458,1175089,1073226,"DSF0000873445, DSF0000868202, DSF0000873442, DSF0000873444, DSF0000873446, DSF0000912318",2405458.0,1175089.0,1073226.0,2018-04-03,2018-08-31,2018-05-18,0.48850946472563644,-105,150,2018,0,19,Brooklyn,6.381197778396147,1,0,1,0,0
19,K420,MULTICULTURAL HS - BROOKLYN,SCA CIP,PARAPETS / ELECTRICAL WORK FOR A/C INITIATIVE / FLOOD ELIMINATION / ROOFS / EXTERIOR MASONRY / LL26 CODE COMPLIANCE/EXIT SIGN REPLACEMENT,Scope,Complete,10/27/2017,4/27/2018,4/3/2018,602895,160132,158528,"DSF0000873445, DSF0000868202, DSF0000873442, DSF0000873444, DSF0000873446, DSF0000912318",602895.0,160132.0,158528.0,2017-10-27,2018-04-27,2018-04-03,0.26560512195324226,-24,182,2017,0,19,Brooklyn,5.780241682138012,1,0,1,0,0
19,K420,CYPRESS HILLS COLLEGIATE - K,SCA CIP,CHARTER MATCH BATHROOM UPGRADE,Scope,Complete,3/15/2019,6/28/2019,8/29/2019,16637,20981,20981,DSF0000912181,16637.0,20981.0,20981.0,2019-03-15,2019-06-28,2019-08-29,1.2611047664843422,62,105,2019,1,19,Brooklyn,4.221075016611721,0,0,0,0,0
19,K420,BROOKLYN LAB SCHOOL - BROOKLYN,SCA CIP,ENY CULINARY ARTS ROOM UPGRADE,Scope,Complete,1/26/2017,4/27/2017,3/9/2017,28725,28482,1019,DSF0000865803,28725.0,28482.0,1019.0,2017-01-26,2017-04-27,2017-03-09,0.9915404699738903,-49,91,2017,0,19,Brooklyn,4.458260037360323,0,0,0,0,0
22,K425,JAMES MADISON HS - BROOKLYN,SCA CIP,IPDVS CAMERA INSTALLATION,Design,Complete,5/25/2018,11/21/2018,11/20/2018,24241,13489,12637,DSF0000868116,24241.0,13489.0,12637.0,2018-05-25,2018-11-21,2018-11-20,0.556453941669073,-1,180,2018,0,22,Brooklyn,4.384550531563717,0,0,0,0,0
13,K430,BROOKLYN TECH HS - K,SCA CIP,PA SYSTEM,Design,Complete,4/12/2019,9/12/2019,5/17/2019,241140,285762,252280,DSF0000889322,241140.0,285762.0,252280.0,2019-04-12,2019-09-12,2019-05-17,1.1850460313510824,-118,153,2019,1,13,Brooklyn,5.382269256575679,0,0,0,0,0
13,K430,BROOKLYN TECH HS - K,SCA CIP,SCIENCE LAB UPGRADE,Design,Complete,12/12/2018,5/15/2019,5/17/2019,83496,134505,117887,DSF0000873499,83496.0,134505.0,117887.0,2018-12-12,2019-05-15,2019-05-17,1.6109154929577465,2,154,2018,1,13,Brooklyn,4.921665670459195,0,0,0,0,0
13,K430,BROOKLYN TECH HS - K,SCA CIP,IPDVS CAMERA INSTALLATION,Design,Complete,7/18/2018,1/15/2019,2/27/2019,61815,30547,28270,DSF0000868117,61815.0,30547.0,28270.0,2018-07-18,2019-01-15,2019-02-27,0.49416808218070046,43,181,2018,0,13,Brooklyn,4.7910938735802695,0,0,0,0,0
13,K430,BROOKLYN TECH HS - K,SCA CIP,LOW VOLTAGE ELECTRICAL SYSTEM / KITCHEN FIRE SUPRESSION SYSTEM,Design,Complete,8/21/2013,2/27/2014,9/4/2014,300370,639309,602787,"DSF0000760755, DSF0000777292",300370.0,639309.0,602787.0,2013-08-21,2014-02-27,2014-09-04,2.128404967207111,189,190,2013,1,13,Brooklyn,5.477656554546929,1,0,0,1,0
13,K430,BROOKLYN TECH HS - K,SCA CIP,EXTERIOR MASONRY / ROOFS / PARAPETS / WINDOWS / PAVED AREAS CONCRETE,Design,Complete,5/22/2017,10/23/2017,3/15/2018,1463972,657218,577086,"DSF0000828949, DSF0000866288, DSF0000850828, DSF0000866289, DSF0000850833",1463972.0,657218.0,577086.0,2017-05-22,2017-10-23,2018-03-15,0.448927984961461,143,154,2017,1,13,Brooklyn,6.165532770464326,0,0,1,0,0
13,K430,BROOKLYN TECH HS - K,SCA CIP,ELECTRICAL WORK FOR A/C INITIATIVE,Design,Complete,7/30/2018,1/2/2019,3/1/2019,91620,26448,26448,DSF0000868203,91620.0,26448.0,26448.0,2018-07-30,2019-01-02,2019-03-01,0.28867059593975114,58,156,2018,0,13,Brooklyn,4.961990287440065,1,0,0,0,0
13,K430,BROOKLYN TECH HS - K,SCA CIP,PLANYC BOILER CONVERSION / PLANYC CLIMATE CONTROL,Design,Complete,12/12/2018,5/15/2019,5/17/2019,1451580,808774,643324,"DSF0000888926, DSF0000896356",1451580.0,808774.0,643324.0,2018-12-12,2019-05-15,2019-05-17,0.5571680513647198,2,154,2018,0,13,Brooklyn,6.161840975821248,0,1,0,0,0
13,K430,BROOKLYN TECH HS - K,SCA CIP,IPDVS CAMERA INSTALLATION,Scope,Complete,6/28/2018,10/29/2018,7/18/2018,16859,6673,6673,DSF0000868117,16859.0,6673.0,6673.0,2018-06-28,2018-10-29,2018-07-18,0.3958123257607213,-103,123,2018,0,13,Brooklyn,4.22683181065872,0,0,0,0,0
13,K430,BROOKLYN TECH HS - K,SCA CIP,LOW VOLTAGE ELECTRICAL SYSTEM / KITCHEN FIRE SUPRESSION SYSTEM,Scope,Complete,2/28/2013,5/29/2013,7/24/2013,77238,67905,67905,"DSF0000760755, DSF0000777292",77238.0,67905.0,67905.0,2013-02-28,2013-05-29,2013-07-24,0.8791656956420415,56,90,2013,0,13,Brooklyn,4.8878310196359775,1,0,0,1,0
13,K430,BROOKLYN TECH HS - K,SCA CIP,ELECTRICAL WORK FOR A/C INITIATIVE,Scope,Complete,3/28/2018,7/27/2018,7/30/2018,22905,6608,6608,DSF0000868203,22905.0,6608.0,6608.0,2018-03-28,2018-07-27,2018-07-30,0.28849596158044094,3,121,2018,0,13,Brooklyn,4.359930296112102,1,0,0,0,0
13,K430,BROOKLYN TECH HS - K,SCA CIP,PA SYSTEM,Scope,Complete,7/11/2018,10/10/2018,4/12/2019,60285,71441,71441,DSF0000889322,60285.0,71441.0,71441.0,2018-07-11,2018-10-10,2019-04-12,1.1850543252882144,184,91,2018,1,13,Brooklyn,4.780209265247716,0,0,0,0,0
13,K430,BROOKLYN TECH HS - K,SCA CIP,PLANYC BOILER CONVERSION / PLANYC CLIMATE CONTROL,Scope,Complete,8/1/2017,1/4/2018,12/11/2018,362895,248357,242961,"DSF0000888926, DSF0000896356",362895.0,248357.0,242961.0,2017-08-01,2018-01-04,2018-12-11,0.6843770236569807,341,156,2017,1,13,Brooklyn,5.559780984493285,0,1,0,0,0
13,K430,BROOKLYN TECH HS - K,SCA CIP,SCIENCE LAB UPGRADE,Scope,Complete,4/26/2018,8/10/2018,11/7/2018,20874,30983,30983,DSF0000873499,20874.0,30983.0,30983.0,2018-04-26,2018-08-10,2018-11-07,1.484286672415445,89,106,2018,1,13,Brooklyn,4.319605679131232,0,0,0,0,0
13,K430,BROOKLYN TECH HS - K,SCA CIP,EXTERIOR MASONRY / ROOFS / PARAPETS / WINDOWS / PAVED AREAS CONCRETE,Scope,Complete,4/13/2016,8/26/2016,2/23/2017,367911,234573,210480,"DSF0000828949, DSF0000866288, DSF0000850828, DSF0000866289, DSF0000850833",367911.0,234573.0,210480.0,2016-04-13,2016-08-26,2017-02-23,0.6375808279719823,181,135,2016,1,13,Brooklyn,5.565742772794117,0,0,1,0,0
13,K430,BROOKLYN TECH HS - K,SCA CIP RESOA,FY18 RESO A SCIENCE LAB UPGRADES,Design,Complete,7/9/2019,12/10/2019,5/28/2020,53906,76275,71908,DSF0000866386,53906.0,76275.0,71908.0,2019-07-09,2019-12-10,2020-05-28,1.414963083886766,170,154,2019,1,13,Brooklyn,4.73163710696538,0,0,0,0,0
13,K430,BROOKLYN TECH HS - K,SCA CIP RESOA,FY13 RESO A AUDITORIUM UPGRADE,Design,Complete,5/27/2015,10/27/2015,9/6/2016,109286,255968,249546,DSF0000754719,109286.0,255968.0,249546.0,2015-05-27,2015-10-27,2016-09-06,2.342184726314441,315,153,2015,1,13,Brooklyn,5.038564530548287,0,0,0,0,0
13,K431,BROOKLYN TECH HS - K,SCA CIP RESOA,FY14 RESO A ATHLETIC FIELDS,Design,Complete,7/23/2014,1/22/2015,4/27/2016,578111,517801,447672,DSF0000798665,578111.0,517801.0,447672.0,2014-07-23,2015-01-22,2016-04-27,0.895677473703147,461,183,2014,1,13,Brooklyn,5.76201123298669,0,0,0,0,0
17,K440,THE INTERNATIONAL HS - BROOKLYN,SCA CIP,ELECTRICAL WORK FOR A/C INITIATIVE,"CM,F&E",Complete,8/1/2019,4/26/2020,10/30/2020,105030,46105,39142,DSF0000889390,105030.0,46105.0,39142.0,2019-08-01,2020-04-26,2020-10-30,0.43896981814719604,187,269,2019,1,17,Brooklyn,5.021313365484695,1,0,0,0,0
17,K440,THE INTERNATIONAL HS - BROOKLYN,SCA CIP,ELECTRICAL WORK FOR A/C INITIATIVE,Construction,Complete,8/1/2019,4/26/2020,10/30/2020,453185,447318,396768,DSF0000889390,453185.0,447318.0,396768.0,2019-08-01,2020-04-26,2020-10-30,0.9870538521795734,187,269,2019,1,17,Brooklyn,5.656275526687746,1,0,0,0,0
17,K440,THE INTERNATIONAL HS - BROOKLYN,SCA CIP,IPDVS CAMERA INSTALLATION,Design,Complete,6/19/2020,12/16/2020,11/18/2020,21461,11107,11107,DSF0000960745,21461.0,11107.0,11107.0,2020-06-19,2020-12-16,2020-11-18,0.5175434509109548,-28,180,2020,0,17,Brooklyn,4.331649954552743,0,0,0,0,0
17,K440,THE INTERNATIONAL HS - BROOKLYN,SCA CIP,ELECTRICAL WORK FOR A/C INITIATIVE,Design,Complete,12/17/2018,5/20/2019,5/8/2019,42790,12391,12391,DSF0000889390,42790.0,12391.0,12391.0,2018-12-17,2019-05-20,2019-05-08,0.2895770039728909,-12,154,2018,0,17,Brooklyn,4.631342286483933,1,0,0,0,0
17,K440,THE INTERNATIONAL HS - BROOKLYN,SCA CIP,ELECTRICAL WORK FOR A/C INITIATIVE,Scope,Complete,12/12/2018,4/16/2019,12/17/2018,11670,3073,3073,DSF0000889390,11670.0,3073.0,3073.0,2018-12-12,2019-04-16,2018-12-17,0.263324764353042,-120,125,2018,0,17,Brooklyn,4.06707085604537,1,0,0,0,0
20,K445,NEW UTRECHT HS - BROOKLYN,SCA CIP,IPDVS CAMERA INSTALLATION,Design,Complete,3/9/2018,8/31/2018,8/31/2018,25845,18740,17320,DSF0000868118,25845.0,18740.0,17320.0,2018-03-09,2018-08-31,2018-08-31,0.7250918939833624,0,175,2018,0,20,Brooklyn,4.41237653650371,0,0,0,0,0
20,K445,NEW UTRECHT HS - BROOKLYN,SCA CIP,WATER PENETRATION INTO BASEMENT / NATATORIUM RECONSTRUCTION,Design,Complete,1/16/2014,6/18/2014,12/10/2014,528180,517406,465953,"DSF0000775948, DSF0000783448",528180.0,517406.0,465953.0,2014-01-16,2014-06-18,2014-12-10,0.9796016509523269,175,153,2014,1,20,Brooklyn,5.722781952239922,0,0,1,0,0
20,K445,NEW UTRECHT HS - BROOKLYN,SCA CIP,WATER PENETRATION,Design,Complete,3/19/2019,8/16/2019,5/17/2019,136500,77139,76733,DSF0000889323,136500.0,77139.0,76733.0,2019-03-19,2019-08-16,2019-05-17,0.5651208791208792,-91,150,2019,0,20,Brooklyn,5.135132651376775,0,0,0,0,0
20,K445,NEW UTRECHT HS - BROOKLYN,SCA CIP,WATER PENETRATION INTO BASEMENT / NATATORIUM RECONSTRUCTION,Scope,Complete,4/15/2013,8/28/2013,10/8/2013,132045,124083,118937,"DSF0000775948, DSF0000783448",132045.0,124083.0,118937.0,2013-04-15,2013-08-28,2013-10-08,0.9397023741906169,41,135,2013,0,20,Brooklyn,5.120721960911959,0,0,1,0,0
20,K445,NEW UTRECHT HS - BROOKLYN,SCA CIP,WATER PENETRATION,Scope,Complete,8/16/2018,1/4/2019,3/19/2019,34125,16666,16666,DSF0000889323,34125.0,16666.0,16666.0,2018-08-16,2019-01-04,2019-03-19,0.48838095238095236,74,141,2018,0,20,Brooklyn,4.533072660048813,0,0,0,0,0
14,K450,PROGRESS HS - K,SCA CIP,ROOFS / WINDOWS / EXTERIOR MASONRY / PARAPETS,Design,Complete,3/16/2018,8/15/2018,5/15/2018,3562625,1612556,1501068,"DSF0000873584, DSF0000873585, DSF0000873586, DSF0000888961",3562625.0,1612556.0,1501068.0,2018-03-16,2018-08-15,2018-05-15,0.4526314164415284,-92,152,2018,0,14,Brooklyn,6.5517701111521065,0,0,1,0,0
14,K450,PROGRESS HS - K,SCA CIP,ROOFS / WINDOWS / EXTERIOR MASONRY / PARAPETS,Scope,Complete,12/18/2017,5/4/2018,3/16/2018,890657,389361,389361,"DSF0000873584, DSF0000873585, DSF0000873586, DSF0000888961",890657.0,389361.0,389361.0,2017-12-18,2018-05-04,2018-03-16,0.43716155601988194,-49,137,2017,0,14,Brooklyn,5.949710485532827,0,0,1,0,0
13,K458,BROOKLYN ACADEMY HS - BROOKLYN,SCA CIP,PARAPETS / EXTERIOR MASONRY / ROOFS,Design,Complete,4/3/2018,8/31/2018,3/8/2019,804000,509557,408564,"DSF0000873634, DSF0000873635, DSF0000873633",804000.0,509557.0,408564.0,2018-04-03,2018-08-31,2019-03-08,0.6337773631840796,189,150,2018,1,13,Brooklyn,5.905256048748451,0,0,1,0,0
13,K458,BROOKLYN ACADEMY HS - BROOKLYN,SCA CIP,WORK REQUIRED TO OBTAIN A C OF O,Design,Complete,6/5/2015,1/11/2016,10/28/2016,566184,434398,397678,DSF0000775845,566184.0,434398.0,397678.0,2015-06-05,2016-01-11,2016-10-28,0.7672382123126051,291,220,2015,1,13,Brooklyn,5.752957592316451,0,0,0,0,0
13,K458,BROOKLYN ACADEMY HS - BROOKLYN,SCA CIP,WORK REQUIRED TO OBTAIN A C OF O,Scope,Complete,3/18/2013,7/17/2013,8/23/2013,141546,307506,307506,DSF0000775845,141546.0,307506.0,307506.0,2013-03-18,2013-07-17,2013-08-23,2.172481030901615,37,121,2013,1,13,Brooklyn,5.150897600988489,0,0,0,0,0
13,K458,BROOKLYN ACADEMY HS - BROOKLYN,SCA CIP,PARAPETS / EXTERIOR MASONRY / ROOFS,Scope,Complete,12/18/2017,5/4/2018,4/2/2018,200999,192670,65579,"DSF0000873634, DSF0000873635, DSF0000873633",200999.0,192670.0,65579.0,2017-12-18,2018-05-04,2018-04-02,0.9585619828954373,-32,137,2017,0,13,Brooklyn,5.30319389674605,0,0,1,0,0
17,K465,I.S. 382 - BROOKLYN,SCA CIP,ELECTRICAL WORK FOR A/C INITIATIVE,Design,Complete,7/11/2019,12/12/2019,12/11/2019,32417,7972,7972,DSF0000912077,32417.0,7972.0,7972.0,2019-07-11,2019-12-12,2019-12-11,0.24592035043341456,-1,154,2019,0,17,Brooklyn,4.510772821008151,1,0,0,0,0
17,K465,SCIENCE TECH & RESEARCH - K,SCA CIP RESOA,FY11 RESO A AUDITORIUM HVAC,Design,Complete,11/16/2011,4/19/2012,5/9/2012,59019,233241,224225,DSF0000710805,59019.0,233241.0,224225.0,2011-11-16,2012-04-19,2012-05-09,3.9519646215625475,20,155,2011,1,17,Brooklyn,4.770991846672562,0,1,0,0,0
17,K470,H.S. 745 - BROOKLYN,SCA CIP,IPDVS CAMERA INSTALLATION,"CM,F&E",Complete,7/16/2018,5/11/2019,3/6/2020,304421,269609,262417,DSF0000867036,304421.0,269609.0,262417.0,2018-07-16,2019-05-11,2020-03-06,0.8856452084448839,300,299,2018,1,17,Brooklyn,5.483474608248148,0,0,0,0,0
17,K470,H.S. 745 - BROOKLYN,SCA CIP,IPDVS CAMERA INSTALLATION,Construction,Complete,7/16/2018,5/11/2019,3/6/2020,440778,458580,370625,DSF0000867036,440778.0,458580.0,370625.0,2018-07-16,2019-05-11,2020-03-06,1.0403876781509058,300,299,2018,1,17,Brooklyn,5.6442199099883785,0,0,0,0,0
17,K470,H.S. 745 - BROOKLYN,SCA CIP,IPDVS CAMERA INSTALLATION,Design,Complete,10/30/2017,4/27/2018,3/14/2018,41619,20180,17145,DSF0000867036,41619.0,20180.0,17145.0,2017-10-30,2018-04-27,2018-03-14,0.484874696652971,-44,179,2017,0,17,Brooklyn,4.619291640995758,0,0,0,0,0
17,K470,H.S. 745 - BROOKLYN,SCA CIP,IPDVS CAMERA INSTALLATION,Scope,Complete,10/3/2017,2/6/2018,10/30/2017,11351,4262,4262,DSF0000867036,11351.0,4262.0,4262.0,2017-10-03,2018-02-06,2017-10-30,0.37547352656153643,-99,126,2017,0,17,Brooklyn,4.055034123674614,0,0,0,0,0
15,K477,P.S. 172 - BROOKLYN,SCA CIP,STANDALONE GYM ANNEX,Design,Complete,10/29/2018,4/12/2019,5/16/2019,523800,539629,365547,DSF0000889559,523800.0,539629.0,365547.0,2018-10-29,2019-04-12,2019-05-16,1.0302195494463535,34,165,2018,0,15,Brooklyn,5.719165494089213,0,0,0,0,0
15,K477,P.S. 172 - BROOKLYN,SCA CIP,STANDALONE GYM ANNEX,Scope,Complete,10/29/2018,10/29/2018,10/29/2018,130950,10977,7386,DSF0000889559,130950.0,10977.0,7386.0,2018-10-29,2018-10-29,2018-10-29,0.08382588774341351,0,0,2018,0,15,Brooklyn,5.117105502761251,0,0,0,0,0
19,K478,P.S. 190 - BROOKLYN,SCA CIP,STANDALONE GYM ANNEX,Design,Complete,9/4/2018,3/1/2019,4/8/2019,507864,502979,346958,DSF0000889560,507864.0,502979.0,346958.0,2018-09-04,2019-03-01,2019-04-08,0.9903812831781736,38,178,2018,0,19,Brooklyn,5.70574742890368,0,0,0,0,0
19,K478,P.S. 190 - BROOKLYN,SCA CIP,STANDALONE GYM ANNEX,Scope,Complete,9/4/2018,9/4/2018,9/4/2018,126966,57725,35314,DSF0000889560,126966.0,57725.0,35314.0,2018-09-04,2018-09-04,2018-09-04,0.4546492761841753,0,0,2018,0,19,Brooklyn,5.103687437575718,0,0,0,0,0
32,K480,THE BROOKLYN SCHOOL FOR SOCIAL JUSTICE - K,SCA CIP,EXTERIOR MASONRY / PARAPETS / ROOFS,Design,Complete,5/2/2017,10/2/2017,7/10/2017,1211700,402044,396734,"DSF0000829162, DSF0000851041, DSF0000866263",1211700.0,402044.0,396734.0,2017-05-02,2017-10-02,2017-07-10,0.3318016010563671,-84,153,2017,0,32,Brooklyn,6.08339510788965,0,0,1,0,0
32,K480,THE BROOKLYN SCHOOL FOR SOCIAL JUSTICE - K,SCA CIP,LOW VOLTAGE ELECTRICAL SYSTEMS / ELECTRICAL WORK FOR A/C INITIATIVE,Design,Complete,2/26/2014,8/27/2014,5/19/2014,164927,289848,260070,"DSF0000752880, DSF0000868277",164927.0,289848.0,260070.0,2014-02-26,2014-08-27,2014-05-19,1.757432076009386,-100,182,2014,1,32,Brooklyn,5.217291759289991,1,0,0,0,0
32,K480,THE BROOKLYN SCHOOL FOR SOCIAL JUSTICE - K,SCA CIP,LOW VOLTAGE ELECTRICAL SYSTEMS / ELECTRICAL WORK FOR A/C INITIATIVE,Scope,Complete,7/22/2013,10/21/2013,1/30/2014,42117,26709,26709,"DSF0000752880, DSF0000868277",42117.0,26709.0,26709.0,2013-07-22,2013-10-21,2014-01-30,0.634161977348814,101,91,2013,1,32,Brooklyn,4.6244574287564,1,0,0,0,0
32,K480,THE BROOKLYN SCHOOL FOR SOCIAL JUSTICE - K,SCA CIP,EXTERIOR MASONRY / PARAPETS / ROOFS,Scope,Complete,10/19/2016,3/9/2017,4/4/2017,302926,177265,176682,"DSF0000829162, DSF0000851041, DSF0000866263",302926.0,177265.0,176682.0,2016-10-19,2017-03-09,2017-04-04,0.585175917550821,26,141,2016,0,32,Brooklyn,5.4813365502293125,0,0,1,0,0
20,K490,FORT HAMILTON HS - K,SCA CIP,POOL BOILER,Design,Complete,9/23/2015,2/29/2016,11/10/2016,263700,483107,479680,DSF0000799401,263700.0,483107.0,479680.0,2015-09-23,2016-02-29,2016-11-10,1.8320326128175957,255,159,2015,1,20,Brooklyn,5.421110129793434,0,1,0,0,0
20,K490,FORT HAMILTON HS - K,SCA CIP,MASONRY DEFECTS / ROOFS / FLOOD ELIMINATION / PARAPETS,Design,Complete,1/12/2017,6/14/2017,5/31/2017,1520415,408946,272866,"DSF0000783669, DSF0000829213, DSF0000829210, DSF0000829214",1520415.0,408946.0,272866.0,2017-01-12,2017-06-14,2017-05-31,0.26896998516852305,-14,153,2017,0,20,Brooklyn,6.181962145583193,0,0,1,0,0
20,K490,FORT HAMILTON HS - K,SCA CIP,MASONRY DEFECTS / ROOFS / FLOOD ELIMINATION / PARAPETS,Scope,Complete,5/27/2014,10/9/2014,2/13/2015,381649,264822,249702,"DSF0000783669, DSF0000829213, DSF0000829210, DSF0000829214",381649.0,264822.0,249702.0,2014-05-27,2014-10-09,2015-02-13,0.6938888874332174,127,135,2014,1,20,Brooklyn,5.5816641287769615,0,0,1,0,0
20,K490,FORT HAMILTON HS - K,SCA CIP,POOL BOILER,Scope,Complete,3/6/2014,8/5/2014,5/21/2014,65925,34903,34903,DSF0000799401,65925.0,34903.0,34903.0,2014-03-06,2014-08-05,2014-05-21,0.5294349639742131,-76,152,2014,0,20,Brooklyn,4.819050138465472,0,1,0,0,0
18,K500,HS FOR MEDICAL PROFESSIONS - K,SCA CIP,PLANYC BOILER CONVERSION / PLANYC CLIMATE CONTROL / FLOOD ELIMINATION,Design,Complete,8/19/2015,1/25/2016,7/20/2017,493320,628188,562311,"DSF0000761082, DSF0000806993, DSF0000829257",493320.0,628188.0,562311.0,2015-08-19,2016-01-25,2017-07-20,1.2733884699586475,542,159,2015,1,18,Brooklyn,5.693128722827975,0,1,0,0,0
18,K500,HS FOR INNOVATION IN AD - BKLYN,SCA CIP,ELECTRICAL WORK FOR A/C INITIATIVE,Design,Complete,7/9/2019,12/10/2019,12/12/2019,34110,9552,9552,DSF0000912079,34110.0,9552.0,9552.0,2019-07-09,2019-12-10,2019-12-12,0.2800351802990325,2,154,2019,0,18,Brooklyn,4.532881719407397,1,0,0,0,0
18,K500,HS FOR MEDICAL PROFESSIONS - K,SCA CIP,PLANYC BOILER CONVERSION / PLANYC CLIMATE CONTROL / FLOOD ELIMINATION,Scope,Complete,10/17/2013,3/24/2014,6/13/2014,123329,106056,106056,"DSF0000761082, DSF0000806993, DSF0000829257",123329.0,106056.0,106056.0,2013-10-17,2014-03-24,2014-06-13,0.8599437277525968,81,158,2013,0,18,Brooklyn,5.091065210083952,0,1,0,0,0
20,K505,FRANKLIN D. ROOSEVELT HS - K,SCA CIP,ELECTRICAL WORK FOR A/C INITIATIVE / LL26 CODE COMPLIANCE/EXIT SIGN REPLACEMENT,Design,Complete,6/11/2019,11/12/2019,10/9/2019,70740,11696,11696,"DSF0000911964, DSF0000912618",70740.0,11696.0,11696.0,2019-06-11,2019-11-12,2019-10-09,0.16533785694091038,-34,154,2019,0,20,Brooklyn,4.849665055478733,1,0,0,0,0
20,K505,FRANKLIN D. ROOSEVELT HS - K,SCA CIP,ELECTRICAL WORK FOR A/C INITIATIVE / LL26 CODE COMPLIANCE/EXIT SIGN REPLACEMENT,Scope,Complete,5/20/2019,10/9/2019,6/11/2019,15720,2924,2924,"DSF0000911964, DSF0000912618",15720.0,2924.0,2924.0,2019-05-20,2019-10-09,2019-06-11,0.18600508905852417,-120,142,2019,0,20,Brooklyn,4.196452541703389,1,0,0,0,0
18,K515,BROOKLYN COMMUNITY HIGH SCHOOL FOR EXCELLENCE AND EQUITY - K,SCA CIP,C OF O / LOW-VOLTAGE ELECTRICAL SYSTEMS / ELECTRICAL SYSTEMS,Scope,Complete,5/23/2019,9/23/2019,11/27/2019,32125,32023,32023,"DSF0000912406, DSF0000942044, DSF0000942050",32125.0,32023.0,32023.0,2019-05-23,2019-09-23,2019-11-27,0.9968249027237354,65,123,2019,0,18,Brooklyn,4.506843136339351,1,0,0,0,0
21,K525,EDWARD R. MURROW HS - K,SCA CIP,IPDVS CAMERA INSTALLATION,Design,Complete,5/18/2018,11/14/2018,10/17/2018,31315,14334,12437,DSF0000868122,31315.0,14334.0,12437.0,2018-05-18,2018-11-14,2018-10-17,0.45773590930863806,-28,180,2018,0,21,Brooklyn,4.495752416037327,0,0,0,0,0
21,K540,JOHN DEWEY HS - BROOKLYN,SCA CIP,ROOFS / WINDOWS / EXTERIOR MASONRY / PARAPETS,Design,Complete,12/16/2019,6/15/2020,5/12/2020,2444681,474162,474162,"DSF0000873907, DSF0000873908, DSF0000873909, DSF0000960579",2444681.0,474162.0,474162.0,2019-12-16,2020-06-15,2020-05-12,0.1939565939277967,-34,182,2019,0,21,Brooklyn,6.38822219721089,0,0,1,0,0
21,K540,JOHN DEWEY HS - BROOKLYN,SCA CIP,REPLACE UNDERGROUND COMBINATION FIRE/DOMESTIC WATER MAIN,Scope,Complete,6/22/2020,3/1/2021,12/17/2020,21935,46350,40149,DSF0000942102,21935.0,46350.0,40149.0,2020-06-22,2021-03-01,2020-12-17,2.113061317529063,-74,252,2020,1,21,Brooklyn,4.341137638740964,0,0,0,1,0
21,K540,JOHN DEWEY HS - BROOKLYN,SCA CIP,ROOFS / WINDOWS / EXTERIOR MASONRY / PARAPETS,Scope,Complete,10/30/2018,3/20/2019,11/6/2019,488937,236016,229275,"DSF0000873907, DSF0000873908, DSF0000873909, DSF0000960579",488937.0,236016.0,229275.0,2018-10-30,2019-03-20,2019-11-06,0.4827124967020291,231,141,2018,1,21,Brooklyn,5.689252903469222,0,0,1,0,0
15,K557,P.S. @ 4302 4TH AVENUE - BROOKLYN,SCA Capacity,NEW SCHOOL (PHASE II),Design,Complete,11/17/2017,6/12/2018,3/4/2019,3815648,2194269,1566240,DSF0000798182,3815648.0,2194269.0,1566240.0,2017-11-17,2018-06-12,2019-03-04,0.575071128154379,265,207,2017,1,15,Brooklyn,6.581568303477354,0,0,0,0,0
15,K557,P.S. @ 4302 4TH AVENUE - BROOKLYN,SCA Capacity,NEW SCHOOL (PHASE II),Scope,Complete,6/12/2017,11/16/2017,11/16/2017,1192390,1380435,1359660,DSF0000798182,1192390.0,1380435.0,1359660.0,2017-06-12,2017-11-16,2017-11-16,1.1577042746081398,0,157,2017,1,15,Brooklyn,6.076418325157448,0,0,0,0,0
15,K557,P.S. @ 4302 4TH AVENUE - BROOKLYN,SCA CIP,DEMOLITION,Design,Complete,8/15/2017,1/31/2018,4/23/2018,999960,599118,351157,DSF0000798182,999960.0,599118.0,351157.0,2017-08-15,2018-01-31,2018-04-23,0.5991419656786271,82,169,2017,0,15,Brooklyn,5.999982627873279,0,0,0,0,0
15,K557,P.S. @ 4302 4TH AVENUE - BROOKLYN,SCA CIP,DEMOLITION,Scope,Complete,8/14/2017,8/14/2017,8/14/2017,249990,12529,12529,DSF0000798182,249990.0,12529.0,12529.0,2017-08-14,2017-08-14,2017-08-14,0.050118004720188805,0,0,2017,0,15,Brooklyn,5.397922636545316,0,0,0,0,0
13,K580,GEORGE WESTINGHOUSE VOC. HS,SCA CIP,IPDVS CAMERA INSTALLATION,Design,Complete,6/8/2020,12/3/2020,12/8/2020,23324,10386,10386,DSF0000960747,23324.0,10386.0,10386.0,2020-06-08,2020-12-03,2020-12-08,0.44529240267535586,5,178,2020,0,13,Brooklyn,4.3678030327490065,0,0,0,0,0
19,K599,EAST NY FAMILY ACADEMY - K,SCA Capacity,NEW SCHOOL,Design,Complete,10/12/2017,4/13/2018,5/1/2018,5774400,4076454,2880872,DSF0000844038,5774400.0,4076454.0,2880872.0,2017-10-12,2018-04-13,2018-05-01,0.7059528262676642,18,183,2017,0,19,Brooklyn,6.761506864715432,0,0,0,0,0
19,K599,EAST NY FAMILY ACADEMY - K,SCA Capacity,NEW SCHOOL,Scope,Complete,4/20/2017,10/5/2017,10/11/2017,1804500,1262821,1258817,DSF0000844038,1804500.0,1262821.0,1258817.0,2017-04-20,2017-10-05,2017-10-11,0.6998176780271543,6,168,2017,0,19,Brooklyn,6.256356886395526,0,0,0,0,0
17,K600,CLARA BARTON HS - K,SCA CIP,IPDVS CAMERA INSTALLATION,Design,Complete,6/19/2020,12/16/2020,12/14/2020,19505,11393,11393,DSF0000960750,19505.0,11393.0,11393.0,2020-06-19,2020-12-16,2020-12-14,0.5841066393232505,-2,180,2020,0,17,Brooklyn,4.2901459546478105,0,0,0,0,0
14,K610,A-TECH HIGH SCHOOL - K,SCA CIP,FLOOD ELIMINATION / ROOFS / PARAPETS / WINDOWS / EXTERIOR MASONRY,Design,Complete,3/20/2019,8/19/2019,5/15/2019,1653600,703019,681950,"DSF0000873970, DSF0000873972, DSF0000873973, DSF0000873974, DSF0000873975",1653600.0,703019.0,681950.0,2019-03-20,2019-08-19,2019-05-15,0.42514453313981615,-96,152,2019,0,14,Brooklyn,6.218430463619232,0,0,1,0,0
14,K610,A-TECH HIGH SCHOOL - K,SCA CIP,FLOOD ELIMINATION / ROOFS / PARAPETS / WINDOWS / EXTERIOR MASONRY,Scope,Complete,11/7/2018,3/28/2019,3/19/2019,413399,300323,293529,"DSF0000873970, DSF0000873972, DSF0000873973, DSF0000873974, DSF0000873975",413399.0,300323.0,293529.0,2018-11-07,2019-03-28,2019-03-19,0.7264724878386256,-9,141,2018,0,14,Brooklyn,5.616369421746985,0,0,1,0,0
19,K615,E NY VOC HS OF TRANSIT TECH.-K,SCA CIP,FLOOD ELIMINATION / ROOFS / PARAPETS / EXTERIOR MASONRY / WINDOWS,Scope,Complete,5/27/2020,11/23/2020,10/22/2020,258236,219259,202732,"DSF0000942167, DSF0000942168, DSF0000942169, DSF0000942170, DSF0001008587",258236.0,219259.0,202732.0,2020-05-27,2020-11-23,2020-10-22,0.8490644216917858,-32,180,2020,0,19,Brooklyn,5.412016785999761,0,0,1,0,0
21,K620,WILLIAM E. GRADY VOC HS - K,SCA CIP,ANSUL SYSTEM DUCTWORK,Scope,Complete,9/10/2018,1/10/2019,2/4/2020,15567,19492,19492,DSF0000890994,15567.0,19492.0,19492.0,2018-09-10,2019-01-10,2020-02-04,1.25213592856684,390,122,2018,1,21,Brooklyn,4.19220492541459,0,0,0,0,0
17,K625,PATHWAYS IN TECHNOLOGY EARLY COLLEGE HS - K,SCA CIP,EXTERIOR MASONRY / ROOFS / PARAPETS / WINDOWS / FLOOD ELIMINATION,Design,Complete,2/17/2017,7/20/2017,7/10/2017,792460,556645,548951,"DSF0000807257, DSF0000851377, DSF0000851378, DSF0000851379, DSF0000851375",792460.0,556645.0,548951.0,2017-02-17,2017-07-20,2017-07-10,0.7024266209020014,-10,153,2017,0,17,Brooklyn,5.898977350110362,0,0,1,0,0
17,K625,PATHWAYS IN TECHNOLOGY EARLY COLLEGE HS - K,SCA CIP,EXTERIOR MASONRY / ROOFS / PARAPETS / WINDOWS / FLOOD ELIMINATION,Scope,Complete,5/8/2015,12/18/2015,10/5/2015,199792,227774,214708,"DSF0000807257, DSF0000851377, DSF0000851378, DSF0000851379, DSF0000851375",199792.0,227774.0,214708.0,2015-05-08,2015-12-18,2015-10-05,1.1400556578841996,-74,224,2015,1,17,Brooklyn,5.300578094373378,0,0,1,0,0
14,K650,WIILIAMSBURG PREP- BROOKLYN,SCA CIP,FLOOD ELIMINATION,Scope,Complete,4/10/2018,8/23/2018,2/6/2019,137397,163207,162934,DSF0000874063,137397.0,163207.0,162934.0,2018-04-10,2018-08-23,2019-02-06,1.1878498074921577,167,135,2018,1,14,Brooklyn,5.137977250207742,0,0,0,0,0
13,K653,I.S. 653 - BROOKLYN,SCA Capacity,NEW SCHOOL,Scope,Complete,5/27/2015,12/9/2015,6/6/2016,2250819,52095,49095,DSF0000798239,2250819.0,52095.0,49095.0,2015-05-27,2015-12-09,2016-06-06,0.02314490858660781,180,196,2015,1,13,Brooklyn,6.352340572538615,0,0,0,0,0
15,K656,BROOKLYN HS OF THE ARTS - BROOKLYN,SCA CIP,PLANYC BOILER CONVERSION / PLANYC CLIMATE CONTROL,Design,Complete,7/20/2017,12/21/2017,1/19/2018,426177,330757,302593,"DSF0000798263, DSF0000784013",426177.0,330757.0,302593.0,2017-07-20,2017-12-21,2018-01-19,0.77610241754013,29,154,2017,0,15,Brooklyn,5.629590007924835,0,1,0,0,0
15,K656,BROOKLYN HS OF THE ARTS - BROOKLYN,SCA CIP,PLANYC BOILER CONVERSION / PLANYC CLIMATE CONTROL,Scope,Complete,5/18/2017,10/19/2017,7/18/2017,109022,101873,101873,"DSF0000798263, DSF0000784013",109022.0,101873.0,101873.0,2017-05-18,2017-10-19,2017-07-18,0.9344260791399901,-93,154,2017,0,15,Brooklyn,5.037514144862809,0,1,0,0,0
19,K660,WILLIAM MAXWELL VOC HS - K,SCA CIP,PARAPETS / WINDOWS / EXTERIOR MASONRY / ROOFS,Design,Complete,3/6/2019,8/5/2019,5/13/2019,748859,265291,265291,"DSF0000874124, DSF0000874125, DSF0000874126, DSF0000912444",748859.0,265291.0,265291.0,2019-03-06,2019-08-05,2019-05-13,0.35426028130796317,-84,152,2019,0,19,Brooklyn,5.874400053632049,0,0,1,0,0
19,K660,WILLIAM MAXWELL VOC HS - K,SCA CIP,PARAPETS / WINDOWS / EXTERIOR MASONRY / ROOFS,Scope,Complete,10/11/2018,3/1/2019,2/26/2019,189557,136188,133344,"DSF0000874124, DSF0000874125, DSF0000874126, DSF0000912444",189557.0,136188.0,133344.0,2018-10-11,2019-03-01,2019-02-26,0.7184540797754765,-3,141,2018,0,19,Brooklyn,5.277739826774802,0,0,1,0,0
19,K667,P.S./I.S. @ 76 DINSMORE PLACE - BROOKLYN,SCA Capacity,NEW SCHOOL,OUTROS,Complete,6/19/2018,9/3/2020,9/9/2020,13085560,7063698,6278466,DSF0000822081,13085560.0,7063698.0,6278466.0,2018-06-19,2020-09-03,2020-09-09,0.5398086134640016,6,807,2018,0,19,Brooklyn,7.116792313120782,0,0,0,0,0
19,K667,P.S./I.S. @ 76 DINSMORE PLACE - BROOKLYN,SCA Capacity,NEW SCHOOL,Construction,Complete,6/19/2018,9/3/2020,9/9/2020,92924040,89552601,84668897,DSF0000822081,92924040.0,89552601.0,84668897.0,2018-06-19,2020-09-03,2020-09-09,0.9637183338132952,6,807,2018,0,19,Brooklyn,7.968128083086502,0,0,0,0,0
19,K667,P.S./I.S. @ 76 DINSMORE PLACE - BROOKLYN,SCA Capacity,NEW SCHOOL,Design,Complete,2/2/2017,9/15/2017,12/6/2017,6625600,4709185,3775823,DSF0000822081,6625600.0,4709185.0,3775823.0,2017-02-02,2017-09-15,2017-12-06,0.7107560070031393,82,225,2017,0,19,Brooklyn,6.821225213158303,0,0,0,0,0
19,K667,P.S./I.S. @ 76 DINSMORE PLACE - BROOKLYN,SCA Capacity,NEW SCHOOL,Scope,Complete,7/14/2016,2/21/2017,2/1/2017,2070500,1503730,1494472,DSF0000822081,2070500.0,1503730.0,1494472.0,2016-07-14,2017-02-21,2017-02-01,0.7262641873943492,-20,222,2016,0,19,Brooklyn,6.316075234838397,0,0,0,0,0
15,K671,P.S. @ 836-841 5TH AVENUE - BROOKLYN,SCA Capacity,NEW SCHOOL,Design,Complete,2/1/2018,8/6/2018,9/17/2018,4238000,2285473,1359066,DSF0000843828,4238000.0,2285473.0,1359066.0,2018-02-01,2018-08-06,2018-09-17,0.5392810287871638,42,186,2018,0,15,Brooklyn,6.627160952374775,0,0,0,0,0
15,K671,P.S. @ 836-841 5TH AVENUE - BROOKLYN,SCA Capacity,NEW SCHOOL,Scope,Complete,8/3/2017,1/17/2018,1/31/2018,1324375,974886,921022,DSF0000843828,1324375.0,974886.0,921022.0,2017-08-03,2018-01-17,2018-01-31,0.7361102406795659,14,167,2017,0,15,Brooklyn,6.12201097405487,0,0,0,0,0
20,K676,P.S. @ 6312 13TH AVENUE - BROOKLYN,SCA Capacity,NEW SCHOOL,Scope,Complete,3/19/2020,8/11/2020,8/11/2020,2348771,517162,417748,DSF0000845622,2348771.0,517162.0,417748.0,2020-03-19,2020-08-11,2020-08-11,0.22018408776334517,0,145,2020,0,20,Brooklyn,6.3708406760860585,0,0,0,0,0
20,K693,P.S. 112 - BROOKLYN,SCA CIP,STANDALONE GYM ANNEX,Design,Complete,7/2/2018,12/4/2018,3/18/2019,502500,622509,457359,DSF0000889330,502500.0,622509.0,457359.0,2018-07-02,2018-12-04,2019-03-18,1.2388238805970149,104,155,2018,1,20,Brooklyn,5.701136066092526,0,0,0,0,0
20,K693,P.S. 112 - BROOKLYN,SCA CIP,STANDALONE GYM ANNEX,Scope,Complete,7/2/2018,7/2/2018,7/2/2018,125625,33394,30726,DSF0000889330,125625.0,33394.0,30726.0,2018-07-02,2018-07-02,2018-07-02,0.2658228855721393,0,0,2018,0,20,Brooklyn,5.0990760747645645,0,0,0,0,0
13,K694,STEM CENTER @ CLINTON STREET - BROOKLYN,SCA CIP,ROOM CONVERSION,Design,Complete,6/29/2016,12/30/2016,3/6/2017,320927,347565,343422,DSF0000843969,320927.0,347565.0,343422.0,2016-06-29,2016-12-30,2017-03-06,1.0830032998158459,66,184,2016,0,13,Brooklyn,5.506406256384186,0,0,0,0,0
13,K694,STEM CENTER @ CLINTON STREET - BROOKLYN,SCA CIP,ROOM CONVERSION,Scope,Complete,4/11/2016,7/7/2016,6/28/2016,64185,197733,197733,DSF0000843969,64185.0,197733.0,197733.0,2016-04-11,2016-07-07,2016-06-28,3.080673054451975,-9,87,2016,1,13,Brooklyn,4.807433545539614,0,0,0,0,0
17,K707,P.S. 189 - BROOKLYN,SCA CIP,STANDALONE GYM ANNEX,Design,Complete,7/2/2018,12/4/2018,1/17/2019,459864,570496,417873,DSF0000889331,459864.0,570496.0,417873.0,2018-07-02,2018-12-04,2019-01-17,1.2405754744881095,44,155,2018,1,17,Brooklyn,5.662629412589253,0,0,0,0,0
17,K707,P.S. 189 - BROOKLYN,SCA CIP,STANDALONE GYM ANNEX,Scope,Complete,7/2/2018,7/2/2018,7/2/2018,114966,57937,57879,DSF0000889331,114966.0,57937.0,57879.0,2018-07-02,2018-07-02,2018-07-02,0.5039489936155037,0,0,2018,0,17,Brooklyn,5.060569421261291,0,0,0,0,0
15,K710,PRE-K CENTER @ 168 8TH STREET - BROOKLYN,OUTROS,NEW SCHOOL,Design,Complete,6/17/2019,12/17/2019,1/28/2020,2296441,478820,445265,DSF0000821899,2296441.0,478820.0,445265.0,2019-06-17,2019-12-17,2020-01-28,0.20850524790316843,42,183,2019,0,15,Brooklyn,6.361055292034114,0,0,0,0,0
15,K710,PRE-K CENTER @ 168 8TH STREET - BROOKLYN,OUTROS,NEW SCHOOL,Scope,Complete,1/25/2019,6/14/2019,6/14/2019,510320,393478,386230,DSF0000821899,510320.0,393478.0,386230.0,2019-01-25,2019-06-14,2019-06-14,0.7710416993259132,0,140,2019,0,15,Brooklyn,5.707842589142404,0,0,0,0,0
21,K722,K721 SPED - BROOKLYN,SCA CIP,FIRE ALARM SYSTEM REPLACEMENT,Design,Complete,3/31/2020,9/30/2020,6/30/2020,148384,170674,55554,DSF0000897008,148384.0,170674.0,55554.0,2020-03-31,2020-09-30,2020-06-30,1.1502183523830063,-92,183,2020,1,21,Brooklyn,5.17138707421571,0,0,0,1,0
21,K722,K721 SPED - BROOKLYN,SCA CIP,FIRE ALARM SYSTEM REPLACEMENT,Scope,Complete,11/1/2019,2/5/2020,3/31/2020,29677,40107,2701,DSF0000897008,29677.0,40107.0,2701.0,2019-11-01,2020-02-05,2020-03-31,1.3514506183239545,55,96,2019,1,21,Brooklyn,4.472419996698072,0,0,0,1,0
21,K722,K721 SPED - BROOKLYN,SCA CIP,EXTERIOR MASONRY,Scope,Complete,10/24/2018,3/14/2019,10/22/2019,34847,40799,31012,DSF0000874161,34847.0,40799.0,31012.0,2018-10-24,2019-03-14,2019-10-22,1.1708037994662381,222,141,2018,1,21,Brooklyn,4.54216539536008,0,0,1,0,0
15,K730,P.S. @ 4513 8TH AVENUE - BROOKLYN,SCA Capacity,NEW SCHOOL,Design,Complete,1/26/2018,7/24/2018,11/14/2018,3826684,2873060,1576342,DSF0000798183,3826684.0,2873060.0,1576342.0,2018-01-26,2018-07-24,2018-11-14,0.7507962507486899,113,179,2018,1,15,Brooklyn,6.582822600525386,0,0,0,0,0
15,K730,P.S. @ 4513 8TH AVENUE - BROOKLYN,SCA Capacity,NEW SCHOOL,Scope,Complete,8/1/2017,1/25/2018,1/25/2018,1195839,663091,663091,DSF0000798183,1195839.0,663091.0,663091.0,2017-08-01,2018-01-25,2018-01-25,0.5544985570800083,0,177,2017,0,15,Brooklyn,6.07767271299833,0,0,0,0,0
13,K743,ADULT AND CONTINUING EDUCATION,SCA CIP,EXTERIOR MASONRY / LOW VOLTAGE ELECTRICAL SYSTEMS / VENTILATION / ROOFS / WINDOWS / PARAPETS / FLOOD ELIMINATION,Design,Complete,3/13/2017,8/10/2017,5/18/2018,698119,526751,498688,"DSF0000843680, DSF0000851506, DSF0000851523, DSF0000851509, DSF0000851510, DSF0000866095, DSF0000851507",698119.0,526751.0,498688.0,2017-03-13,2017-08-10,2018-05-18,0.7545289556651517,281,150,2017,1,13,Brooklyn,5.843929457921687,1,0,1,0,0
13,K743,ADULT AND CONTINUING EDUCATION,SCA CIP,EXTERIOR MASONRY / LOW VOLTAGE ELECTRICAL SYSTEMS / VENTILATION / ROOFS / WINDOWS / PARAPETS / FLOOD ELIMINATION,Scope,Complete,1/26/2016,6/9/2016,7/22/2016,179797,104570,96858,"DSF0000843680, DSF0000851506, DSF0000851523, DSF0000851509, DSF0000851510, DSF0000866095, DSF0000851507",179797.0,104570.0,96858.0,2016-01-26,2016-06-09,2016-07-22,0.5816003604064583,43,135,2016,0,13,Brooklyn,5.254782441043955,1,0,1,0,0
14,K745,P.S. 132 - BROOKLYN,SCA CIP,STANDALONE GYM ANNEX,Design,Complete,7/2/2018,1/3/2019,2/13/2019,470100,504346,349366,DSF0000889556,470100.0,504346.0,349366.0,2018-07-02,2019-01-03,2019-02-13,1.072848330142523,41,185,2018,0,14,Brooklyn,5.672190251188253,0,0,0,0,0
14,K745,P.S. 132 - BROOKLYN,SCA CIP,STANDALONE GYM ANNEX,Scope,Complete,7/2/2018,7/2/2018,7/2/2018,117525,26802,23770,DSF0000889556,117525.0,26802.0,23770.0,2018-07-02,2018-07-02,2018-07-02,0.2280536056158264,0,0,2018,0,14,Brooklyn,5.07013025986029,0,0,0,0,0
20,K746,P.S. @ 270 59TH STREET- BROOKLYN,SCA Capacity,NEW SCHOOL,OUTROS,Complete,6/22/2017,3/7/2020,8/7/2020,14654026,8028854,7348992,DSF0000798186,14654026.0,8028854.0,7348992.0,2017-06-22,2020-03-07,2020-08-07,0.5478940736149915,153,989,2017,1,20,Brooklyn,7.165956957753451,0,0,0,0,0
20,K746,P.S. @ 270 59TH STREET- BROOKLYN,SCA Capacity,NEW SCHOOL,Construction,Complete,6/22/2017,3/7/2020,8/7/2020,104062134,96224046,94631092,DSF0000798186,104062134.0,96224046.0,94631092.0,2017-06-22,2020-03-07,2020-08-07,0.9246787693206445,153,989,2017,1,20,Brooklyn,8.017292727719171,0,0,0,0,0
20,K746,P.S. @ 270 59TH STREET- BROOKLYN,SCA Capacity,NEW SCHOOL,Design,Complete,11/12/2015,4/29/2016,2/3/2017,7419760,5061985,4857771,DSF0000798186,7419760.0,5061985.0,4857771.0,2015-11-12,2016-04-29,2017-02-03,0.6822302877721113,280,169,2015,1,20,Brooklyn,6.870389857790973,0,0,0,0,0
20,K746,P.S. @ 270 59TH STREET- BROOKLYN,SCA Capacity,NEW SCHOOL,Scope,Complete,4/15/2015,10/15/2015,11/10/2015,2318675,1238309,1205646,DSF0000798186,2318675.0,1238309.0,1205646.0,2015-04-15,2015-10-15,2015-11-10,0.5340588913927136,26,183,2015,0,20,Brooklyn,6.3652398794710665,0,0,0,0,0
20,K747,DISTRICT 20 PRE-K CENTER AT 21 BAY 11TH STREET - BROOKLYN,3K,LEASE,Design,Complete,11/28/2018,2/14/2019,5/8/2019,723994,437176,397660,DSF0000889666,723994.0,437176.0,397660.0,2018-11-28,2019-02-14,2019-05-08,0.6038392583363951,83,78,2018,0,20,Brooklyn,5.859734967056693,0,0,0,0,0
20,K747,DISTRICT 20 PRE-K CENTER AT 21 BAY 11TH STREET - BROOKLYN,3K,LEASE,Scope,Complete,10/18/2018,10/25/2018,11/27/2018,226248,151454,151454,DSF0000889666,226248.0,151454.0,151454.0,2018-10-18,2018-10-25,2018-11-27,0.6694158622396662,33,7,2018,0,20,Brooklyn,5.354584748793029,0,0,0,0,0
13,K748,P.S. @ ALBEE SQUARE WEST - BROOKLYN,OUTROS,LEASE,Design,Complete,2/23/2018,7/27/2018,1/18/2019,1724777,979387,874662,DSF0000843660,1724777.0,979387.0,874662.0,2018-02-23,2018-07-27,2019-01-18,0.5678339866545067,175,154,2018,1,13,Brooklyn,6.2367329522034884,0,0,0,0,0
13,K748,P.S. @ ALBEE SQUARE WEST - BROOKLYN,OUTROS,LEASE,Scope,Complete,7/25/2017,1/9/2018,2/22/2018,538993,403087,376702,DSF0000843660,538993.0,403087.0,376702.0,2017-07-25,2018-01-09,2018-02-22,0.7478520129203904,44,168,2017,0,13,Brooklyn,5.731583124962037,0,0,0,0,0
20,K767,DISTRICT 20 PRE-K CENTER,SCA CIP,BACKFLOW PREVENTION DEVICES,Design,Complete,8/14/2018,1/17/2019,12/20/2018,44990,78196,76681,DSF0000888833,44990.0,78196.0,76681.0,2018-08-14,2019-01-17,2018-12-20,1.7380751278061792,-28,156,2018,1,20,Brooklyn,4.653115993165567,0,0,0,0,0
20,K767,DISTRICT 20 PRE-K CENTER,SCA CIP,BACKFLOW PREVENTION DEVICES,Scope,Complete,2/1/2018,6/1/2018,7/19/2018,12270,19141,19141,DSF0000888833,12270.0,19141.0,19141.0,2018-02-01,2018-06-01,2018-07-19,1.5599837000814996,48,120,2018,1,20,Brooklyn,4.0888445627270045,0,0,0,0,0
32,K799,ALC - BROOKLYN CHOICES,SCA CIP,EXTERIOR MASONRY / WINDOWS / PARAPETS / ROOFS,Design,Complete,6/24/2016,11/28/2016,2/7/2017,404279,448009,429453,"DSF0000822169, DSF0000843223, DSF0000843222, DSF0000843221",404279.0,448009.0,429453.0,2016-06-24,2016-11-28,2017-02-07,1.108167874166108,71,157,2016,1,32,Brooklyn,5.606681182785599,0,0,1,0,0
32,K799,ALC - BROOKLYN CHOICES,SCA CIP,EXTERIOR MASONRY / WINDOWS / PARAPETS / ROOFS,Scope,Complete,8/10/2015,12/28/2015,3/28/2016,103442,91289,91289,"DSF0000822169, DSF0000843223, DSF0000843222, DSF0000843221",103442.0,91289.0,91289.0,2015-08-10,2015-12-28,2016-03-28,0.8825138725082655,91,140,2015,1,32,Brooklyn,5.0146969088229065,0,0,1,0,0
13,K805,URBAN ASSEMBLY SCHOOL FOR MUSIC AND ART-K,SCA CIP,FACADE,Design,Complete,6/3/2019,11/1/2019,3/26/2020,189549,123974,65517,SCA0000054130,189549.0,123974.0,65517.0,2019-06-03,2019-11-01,2020-03-26,0.6540472384449404,146,151,2019,1,13,Brooklyn,5.277721497569483,0,0,1,0,0
13,K805,BROOKLYN INTERNATIONAL HS - K,SCA CIP,IPDVS CAMERA INSTALLATION,Design,Complete,6/5/2020,12/2/2020,12/14/2020,24538,8594,8594,DSF0000960778,24538.0,8594.0,8594.0,2020-06-05,2020-12-02,2020-12-14,0.3502322927703969,12,180,2020,0,13,Brooklyn,4.389839162125274,0,0,0,0,0
13,K805,URBAN ASSEMBLY SCHOOL FOR MUSIC AND ART-K,SCA CIP,FACADE,Scope,Complete,11/5/2018,2/8/2019,3/6/2019,37910,40637,40637,SCA0000054130,37910.0,40637.0,40637.0,2018-11-05,2019-02-08,2019-03-06,1.0719335267739383,26,95,2018,0,13,Brooklyn,4.578753784426435,0,0,1,0,0
18,K818,DISTRICT OFFICE #18 - BROOKLYN,SCA CIP,ROOFS,Design,Complete,10/22/2019,3/26/2020,6/8/2020,66023,74658,50283,DSF0000911250,66023.0,74658.0,50283.0,2019-10-22,2020-03-26,2020-06-08,1.130787755782076,74,156,2019,1,18,Brooklyn,4.81969525422399,0,0,1,0,0
18,K818,DISTRICT OFFICE #18 - BROOKLYN,SCA CIP,ROOFS,Scope,Complete,7/23/2019,12/9/2019,10/10/2019,13205,16882,16882,DSF0000911250,13205.0,16882.0,16882.0,2019-07-23,2019-12-09,2019-10-10,1.2784551306323362,-60,139,2019,1,18,Brooklyn,4.120738405542943,0,0,1,0,0
13,K831,DIV. COMPUTER INFO-DATA CNTR - K,SCA CIP,DATA CENTER,Scope,Complete,1/20/2015,5/19/2015,6/3/2015,407874,362965,362965,DSF0000844684,407874.0,362965.0,362965.0,2015-01-20,2015-05-19,2015-06-03,0.8898949185287613,15,119,2015,0,13,Brooklyn,5.6105260220211495,0,0,0,0,0
17,K840,P.S. 241 - BROOKLYN,SCA CIP,RPZ BACKFLOW PREVENTION DEVICES,Design,Complete,2/25/2020,8/18/2020,4/2/2020,59943,24157,24157,DSF0000914285,59943.0,24157.0,24157.0,2020-02-25,2020-08-18,2020-04-02,0.40299951620706337,-138,175,2020,0,17,Brooklyn,4.777738474526244,0,0,0,0,0
17,K840,P.S. 241 - BROOKLYN,SCA CIP,RPZ BACKFLOW PREVENTION DEVICES,Scope,Complete,9/13/2019,3/16/2020,2/13/2020,13321,4415,4415,DSF0000914285,13321.0,4415.0,4415.0,2019-09-13,2020-03-16,2020-02-13,0.33143157420614067,-32,185,2019,0,17,Brooklyn,4.124536828301277,0,0,0,0,0
15,K845,P.S. 295 - BROOKLYN,SCA CIP,FY13 RESO A GYM UPG / GYM FLOOR / CAFE / GYM FLOOR SUBSTRATE / FLOOD ELIM / FLOORS / PARAPETS / EXT MASONRY / ROOFS,Design,Complete,12/10/2014,5/13/2015,8/24/2015,672202,887215,831005,"DSF0000754744, DSF0000775989, DSF0000761629, DSF0000784298, DSF0000784302, DSF0000807596, DSF0000807597, DSF0000807595",672202.0,887215.0,831005.0,2014-12-10,2015-05-13,2015-08-24,1.319863671931949,103,154,2014,1,15,Brooklyn,5.827499800290067,0,0,1,0,0
15,K845,P.S. 295 - BROOKLYN,SCA CIP,FY13 RESO A GYM UPG / GYM FLOOR / CAFE / GYM FLOOR SUBSTRATE / FLOOD ELIM / FLOORS / PARAPETS / EXT MASONRY / ROOFS,Scope,Complete,11/28/2012,4/23/2014,6/23/2014,176917,287366,249269,"DSF0000754744, DSF0000775989, DSF0000761629, DSF0000784298, DSF0000784302, DSF0000807596, DSF0000807597, DSF0000807595",176917.0,287366.0,249269.0,2012-11-28,2014-04-23,2014-06-23,1.6242983998146023,61,511,2012,1,15,Brooklyn,5.247769566383231,0,0,1,0,0
19,K848,P.S. 149 - BROOKLYN,SCA CIP,ROOFS / PARAPETS / EXTERIOR MASONRY,Design,Complete,2/8/2019,7/11/2019,5/8/2019,135612,96930,96930,"DSF0000874361, DSF0000874362, DSF0000897226",135612.0,96930.0,96930.0,2019-02-08,2019-07-11,2019-05-08,0.7147597557738253,-64,153,2019,0,19,Brooklyn,5.132298120970555,0,0,1,0,0
19,K848,P.S. 149 - BROOKLYN,SCA CIP,ROOFS / PARAPETS / EXTERIOR MASONRY,Scope,Complete,10/16/2018,3/6/2019,2/8/2019,35556,43781,43683,"DSF0000874361, DSF0000874362, DSF0000897226",35556.0,43781.0,43683.0,2018-10-16,2019-03-06,2019-02-08,1.2313252334345821,-26,141,2018,1,19,Brooklyn,4.550912897527676,0,0,1,0,0
18,K860,P.S. 219 - BROOKLYN,SCA CIP,BOILER REPLACEMENT,Design,Complete,1/8/2014,6/10/2014,10/22/2014,195360,255935,219924,DSF0000761724,195360.0,255935.0,219924.0,2014-01-08,2014-06-10,2014-10-22,1.3100685913185912,134,153,2014,1,18,Brooklyn,5.290835646600807,0,1,0,0,0
18,K860,P.S. 219 - BROOKLYN,SCA CIP,BOILER REPLACEMENT,Scope,Complete,8/1/2013,1/6/2014,12/5/2013,48840,25053,25053,DSF0000761724,48840.0,25053.0,25053.0,2013-08-01,2014-01-06,2013-12-05,0.5129606879606879,-32,158,2013,0,18,Brooklyn,4.688775655272845,0,1,0,0,0
32,K865,BUSHWICK LEADERS - K,SCA CIP,CERTIFICATE OF OCCUPANCY / FIRE SPRINKLER SYSTEM,Design,Complete,11/19/2013,5/22/2014,5/14/2020,300544,596018,447267,"DSF0000776207, DSF0000874482",300544.0,596018.0,447267.0,2013-11-19,2014-05-22,2020-05-14,1.9831305898637137,2184,184,2013,1,32,Brooklyn,5.477908062223445,0,0,0,1,0
32,K865,BUSHWICK LEADERS - K,SCA CIP,CERTIFICATE OF OCCUPANCY / FIRE SPRINKLER SYSTEM,Scope,Complete,6/18/2013,12/2/2013,11/18/2013,60109,126470,120494,"DSF0000776207, DSF0000874482",60109.0,126470.0,120494.0,2013-06-18,2013-12-02,2013-11-18,2.104011046598679,-14,167,2013,1,32,Brooklyn,4.778939502912978,0,0,0,1,0
13,K874,I.S. 340 - BROOKLYN,SCA CIP,UPE- PLAYGROUND,Design,Complete,12/6/2018,4/24/2019,5/9/2019,44484,46382,44448,DSF0000889577,44484.0,46382.0,44448.0,2018-12-06,2019-04-24,2019-05-09,1.0426670263465516,15,139,2018,0,13,Brooklyn,4.648203832077188,0,0,0,0,0
13,K874,I.S. 340 - BROOKLYN,SCA CIP,UPE- PLAYGROUND,Scope,Complete,8/2/2018,11/1/2018,11/27/2018,12132,17304,17304,DSF0000889577,12132.0,17304.0,17304.0,2018-08-02,2018-11-01,2018-11-27,1.4263105835806134,26,91,2018,1,13,Brooklyn,4.083932401638626,0,0,0,0,0
17,K877,K373 SPED - BROOKLYN,SCA CIP,PUBLIC ADDRESS SYSTEM,Design,Complete,4/8/2020,9/8/2020,7/27/2020,23860,13037,13037,DSF0000798532,23860.0,13037.0,13037.0,2020-04-08,2020-09-08,2020-07-27,0.5463956412405699,-43,153,2020,0,17,Brooklyn,4.377670439334323,0,0,0,0,0
17,K877,K373 SPED - BROOKLYN,SCA CIP,FLOOD ELIMINATION / WINDOWS / EXTERIOR MASONRY,Scope,Complete,8/5/2019,12/20/2019,2/19/2020,50916,77369,73570,"DSF0000897420, DSF0000897422, DSF0000897423",50916.0,77369.0,73570.0,2019-08-05,2019-12-20,2020-02-19,1.5195419907298295,61,137,2019,1,17,Brooklyn,4.706854277814241,0,0,1,0,0
15,K917,BROOKLYN COLLEGE ACADEMY - K,SCA CIP RESOA,FY19 RESO A SCIENCE LAB UPGRADES / PATH OF TRAVEL RESO A SCIENCE LAB UPGRADE,Design,Complete,1/8/2020,4/9/2020,3/10/2020,42081,65567,40855,"DSF0000890797, DSF0000960502",42081.0,65567.0,40855.0,2020-01-08,2020-04-09,2020-03-10,1.5581141132577647,-30,92,2020,1,15,Brooklyn,4.62408605170941,0,0,0,0,1
19,K932,PASSAGES ACADEMY,SCA CIP,FLOOD ELIMINATION / ROOFS / PARAPETS / WINDOWS / EXTERIOR MASONRY,Scope,Complete,11/2/2018,3/25/2019,3/12/2020,87220,193800,177099,"DSF0000874671, DSF0000874672, DSF0000874673, DSF0000874674, DSF0000874675",87220.0,193800.0,177099.0,2018-11-02,2019-03-25,2020-03-12,2.2219674386608577,353,143,2018,1,19,Brooklyn,4.9406160823374075,0,0,1,0,0
20,K934,FORT HAMILTON HS - K,SCA CIP,ROOFS,Design,Complete,1/12/2017,6/14/2017,5/31/2017,173632,89840,89840,DSF0000829999,173632.0,89840.0,89840.0,2017-01-12,2017-06-14,2017-05-31,0.517416144489495,-14,153,2017,0,20,Brooklyn,5.239629767745483,0,0,1,0,0
20,K934,FORT HAMILTON HS - K,SCA CIP,ROOFS,Scope,Complete,5/27/2014,10/9/2014,2/13/2015,43408,22433,22433,DSF0000829999,43408.0,22433.0,22433.0,2014-05-27,2014-10-09,2015-02-13,0.516794139329156,127,135,2014,1,20,Brooklyn,4.6375697764175206,0,0,1,0,0
2,M001,P.S. 1 - MANHATTAN,SCA CIP,FLOOD ELIMINATION / WINDOWS / EXTERIOR MASONRY / ROOF,Design,Complete,1/3/2019,6/5/2019,5/14/2019,1494600,587354,476348,"DSF0000874691, DSF0000874693, DSF0000874694, DSF0000912459",1494600.0,587354.0,476348.0,2019-01-03,2019-06-05,2019-05-14,0.3929840760069584,-22,153,2019,0,2,Manhattan,6.17452497792015,0,0,1,0,0
2,M001,P.S. 1 - MANHATTAN,SCA CIP,FLOOD ELIMINATION / WINDOWS / EXTERIOR MASONRY / ROOF,Scope,Complete,10/12/2018,3/4/2019,1/3/2019,373649,156089,156074,"DSF0000874691, DSF0000874693, DSF0000874694, DSF0000912459",373649.0,156089.0,156074.0,2018-10-12,2019-03-04,2019-01-03,0.41774231966364156,-60,143,2018,0,2,Manhattan,5.572463824287723,0,0,1,0,0
2,M002,P.S. 2 - MANHATTAN,SCA CIP,WINDOWS / ROOFS / PARAPETS,Scope,Complete,2/14/2019,6/17/2019,10/29/2019,68714,1050,1050,"DSF0000960574, DSF0000943000, DSF0000943001",68714.0,1050.0,1050.0,2019-02-14,2019-06-17,2019-10-29,0.015280728817999243,134,123,2019,1,2,Manhattan,4.8370452305575595,0,0,1,0,0
2,M006,P.S. 6 - MANHATTAN,SCA CIP RESOA,FY19 RESO A IPDVS CAMERA INSTALLATION,Design,Complete,2/19/2020,8/12/2020,5/15/2020,30000,15380,15380,DSF0000890808,30000.0,15380.0,15380.0,2020-02-19,2020-08-12,2020-05-15,0.5126666666666667,-89,175,2020,0,2,Manhattan,4.477121254719663,0,0,0,0,0
3,M009,P.S. 9 - MANHATTAN,SCA CIP,RPZ BACKFLOW PREVENTION DEVICES / PLANYC BOILER CONVERSION / PLANYC CLIMATE CONTROL,Design,Complete,9/26/2019,3/3/2020,2/11/2020,482789,256271,245022,"DSF0000890581, DSF0000912537, DSF0000912538",482789.0,256271.0,245022.0,2019-09-26,2020-03-03,2020-02-11,0.5308136680827442,-21,159,2019,0,3,Manhattan,5.683757366450739,0,1,0,0,0
3,M009,P.S. 9 - MANHATTAN,SCA CIP,RPZ BACKFLOW PREVENTION DEVICES / PLANYC BOILER CONVERSION / PLANYC CLIMATE CONTROL,Scope,Complete,6/26/2019,11/27/2019,9/17/2019,100003,63431,63431,"DSF0000890581, DSF0000912537, DSF0000912538",100003.0,63431.0,63431.0,2019-06-26,2019-11-27,2019-09-17,0.6342909712708619,-71,154,2019,0,3,Manhattan,5.000013028639028,0,1,0,0,0
5,M010,FREDERICK DOUGLAS ACADEMY - M,SCA CIP,KITCHEN CEILING,Scope,Complete,8/11/2020,8/12/2020,8/12/2020,10315,4380,4380,DSF0000943151,10315.0,4380.0,4380.0,2020-08-11,2020-08-12,2020-08-12,0.4246243334949103,0,1,2020,0,5,Manhattan,4.013469232309171,0,0,0,0,0
2,M011,P.S. 11 - MANHATTAN,SCA CIP,ROOF REPLACEMENT,Design,Complete,1/6/2020,6/5/2020,2/26/2020,72678,0,0,DSF0000960578,72678.0,0.0,0.0,2020-01-06,2020-06-05,2020-02-26,0.0,-100,151,2020,0,2,Manhattan,4.861402967605247,0,0,1,0,0
2,M011,P.S. 11 - MANHATTAN,SCA CIP,ACCESSIBILITY / EXTERIOR MASONRY / PARAPETS,Design,Complete,3/28/2018,8/27/2018,5/17/2018,1712760,652845,578810,"DSF0000844750, DSF0000853806, DSF0000874870",1712760.0,652845.0,578810.0,2018-03-28,2018-08-27,2018-05-17,0.3811654872836825,-102,152,2018,0,2,Manhattan,6.233696511840022,0,0,1,0,1
2,M011,P.S. 11 - MANHATTAN,SCA CIP,ROOF REPLACEMENT,Scope,Complete,1/6/2020,1/6/2020,1/6/2020,14536,0,0,DSF0000960578,14536.0,0.0,0.0,2020-01-06,2020-01-06,2020-01-06,0.0,0,0,2020,0,2,Manhattan,4.162444914299978,0,0,1,0,0
2,M011,P.S. 11 - MANHATTAN,SCA CIP,ACCESSIBILITY / EXTERIOR MASONRY / PARAPETS,Scope,Complete,10/2/2017,2/21/2018,3/22/2018,428190,190998,184293,"DSF0000844750, DSF0000853806, DSF0000874870",428190.0,190998.0,184293.0,2017-10-02,2018-02-21,2018-03-22,0.446058992503328,29,142,2017,0,2,Manhattan,5.6316365205120595,0,0,1,0,1
1,M015,P.S. 15 - MANHATTAN,SCA CIP,PLANYC BOILER CONVERSION / PLANYC CLIMATE CONTROL,Design,Complete,9/6/2019,2/11/2020,1/30/2020,443832,289339,278050,"DSF0000798463, DSF0000912540",443832.0,289339.0,278050.0,2019-09-06,2020-02-11,2020-01-30,0.6519110834730258,-12,158,2019,0,1,Manhattan,5.647218611375961,0,1,0,0,0
1,M015,P.S. 15 - MANHATTAN,SCA CIP,PLANYC BOILER CONVERSION / PLANYC CLIMATE CONTROL,Scope,Complete,6/18/2019,11/19/2019,8/30/2019,90762,63468,63468,"DSF0000798463, DSF0000912540",90762.0,63468.0,63468.0,2019-06-18,2019-11-19,2019-08-30,0.6992794341244133,-81,154,2019,0,1,Manhattan,4.957904057281142,0,1,0,0,0
1,M019,P.S. 19 - MANHATTAN,SCA CIP,ROOFS,Design,Complete,7/16/2018,12/17/2018,2/25/2019,214080,130929,122441,DSF0000852256,214080.0,130929.0,122441.0,2018-07-16,2018-12-17,2019-02-25,0.6115891255605381,70,154,2018,0,1,Manhattan,5.330576096087729,0,0,1,0,0
1,M019,P.S. 19 - MANHATTAN,SCA CIP,ROOFS,Scope,Complete,11/3/2017,3/26/2018,6/12/2018,53520,45495,45195,DSF0000852256,53520.0,45495.0,45195.0,2017-11-03,2018-03-26,2018-06-12,0.8500560538116592,78,143,2017,0,1,Manhattan,4.728516104759767,0,0,1,0,0
1,M022,NEW EXPLORATIONS - M,SCA CIP,IPDVS CAMERA INSTALLATION,Design,Complete,9/12/2019,3/12/2020,3/11/2020,38998,9479,9479,DSF0000913023,38998.0,9479.0,9479.0,2019-09-12,2020-03-12,2020-03-11,0.24306374685881327,-1,182,2019,0,1,Manhattan,4.5910423349435225,0,0,0,0,0
1,M025,LOWER EAST SIDE PREP HS - M,SCA CIP,ROOFS / EXTERIOR MASONRY / REINFORCING SUPPORT ELEMENTS / PARAPETS,Scope,Complete,10/23/2018,3/13/2019,1/24/2020,181888,255445,249279,"DSF0000874992, DSF0000874993, DSF0000943293, DSF0000943295",181888.0,255445.0,249279.0,2018-10-23,2019-03-13,2020-01-24,1.4044082072484165,317,141,2018,1,1,Manhattan,5.259804047575338,0,0,1,0,0
6,M028,P.S. 28 - MANHATTAN,SCA CIP,PLANYC BOILER CONVERSION / PLANYC CLIMATE CONTROL / WATER SERVICE UPGRADE,Design,Complete,1/4/2019,6/6/2019,5/7/2019,404183,328356,323518,"DSF0000890600, DSF0000878933, DSF0000912179",404183.0,328356.0,323518.0,2019-01-04,2019-06-06,2019-05-07,0.8123943857114228,-30,153,2019,0,6,Manhattan,5.6065780430697965,0,1,0,0,0
6,M028,P.S. 28 - MANHATTAN,SCA CIP,PLANYC BOILER CONVERSION / PLANYC CLIMATE CONTROL / WATER SERVICE UPGRADE,Scope,Complete,10/12/2018,3/19/2019,1/3/2019,100324,77159,77159,"DSF0000890600, DSF0000878933, DSF0000912179",100324.0,77159.0,77159.0,2018-10-12,2019-03-19,2019-01-03,0.7690981220844464,-75,158,2018,0,6,Manhattan,5.0014048395083295,0,1,0,0,0
6,M028,P.S. 28 - MANHATTAN,SCA CIP RESOA,FY18 RESO A IPDVS SURVEILLANCE CAMERA INSTALLATION,Design,Complete,9/25/2019,3/25/2020,3/11/2020,32102,14489,14489,DSF0000867372,32102.0,14489.0,14489.0,2019-09-25,2020-03-25,2020-03-11,0.45134259547691735,-14,182,2019,0,6,Manhattan,4.506532090408177,0,0,0,0,0
5,M030,P.S. 30 - MANHATTAN,SCA CIP,ENY AUDITORIUM UPGRADE,Design,Complete,6/11/2019,11/12/2019,11/8/2019,34156,18874,282,DSF0000865812,34156.0,18874.0,282.0,2019-06-11,2019-11-12,2019-11-08,0.5525822695866026,-4,154,2019,0,5,Manhattan,4.533467004884536,0,0,0,0,0
1,M034,P.S. 34 - MANHATTAN,SCA CIP,FLOOD ELIMINATION / PARAPETS / EXTERIOR MASONRY / WINDOWS / ROOFS,Scope,Complete,8/12/2019,12/30/2019,3/31/2020,175530,142981,140208,"DSF0000897945, DSF0000897946, DSF0000897947, DSF0001008630, DSF0000992069",175530.0,142981.0,140208.0,2019-08-12,2019-12-30,2020-03-31,0.8145673104312653,92,140,2019,1,1,Manhattan,5.244351352830381,0,0,1,0,0
1,M034,P.S. 34 - MANHATTAN,SCA CIP,HEATING PLANT / LOW-VOLTAGE ELECTRICAL SYSTEM / CLIMATE CONTROL / ELECTRICAL SYSTEMS,Scope,Complete,10/19/2018,3/26/2019,1/31/2020,51474,0,0,"SCA0000054127, DSF0000943350, DSF0000960885, DSF0000960884",51474.0,0.0,0.0,2018-10-19,2019-03-26,2020-01-31,0.0,311,158,2018,1,1,Manhattan,4.711587918209924,1,1,0,0,0
5,M036,P.S. 36 - MANHATTAN,SCA CIP,PLAYGROUND / WATER INFILTRATION / EXTERIOR MASONRY,Design,Complete,10/11/2018,3/18/2019,5/3/2019,162800,145617,128268,"DSF0000866096, DSF0000875065, DSF0000897961",162800.0,145617.0,128268.0,2018-10-11,2019-03-18,2019-05-03,0.894453316953317,46,158,2018,0,5,Manhattan,5.211654400553183,0,0,1,0,0
5,M036,P.S. 36 - MANHATTAN,SCA CIP,PLAYGROUND / WATER INFILTRATION / EXTERIOR MASONRY,Scope,Complete,5/1/2017,10/24/2018,9/28/2018,44399,101540,77495,"DSF0000866096, DSF0000875065, DSF0000897961",44399.0,101540.0,77495.0,2017-05-01,2018-10-24,2018-09-28,2.2869884456857137,-26,541,2017,1,5,Manhattan,4.647373188597217,0,0,1,0,0
2,M041,P.S. 41 - MANHATTAN,SCA CIP,ROOFS / PARAPETS / EXTERIOR MASONRY / WINDOWS,Scope,Complete,6/27/2019,11/13/2019,2/11/2020,143801,151271,149410,"DSF0000897983, DSF0000897984, DSF0000897985, DSF0001008626",143801.0,151271.0,149410.0,2019-06-27,2019-11-13,2020-02-11,1.0519467875744952,90,139,2019,0,2,Manhattan,5.157761906164888,0,0,1,0,0
2,M042,P.S. 42 - MANHATTAN,SCA CIP,FLOOD ELIMINATION / ROOFS / PARAPETS / WINDOWS / EXTERIOR MASONRY,Design,Complete,1/23/2020,6/23/2020,6/30/2020,768274,404947,386105,"DSF0000898000, DSF0000898002, DSF0000898003, DSF0000898004, DSF0000898005",768274.0,404947.0,386105.0,2020-01-23,2020-06-23,2020-06-30,0.5270866904255513,7,152,2020,0,2,Manhattan,5.885516136002625,0,0,1,0,0
2,M042,P.S. 42 - MANHATTAN,SCA CIP,FLOOD ELIMINATION / ROOFS / PARAPETS / WINDOWS / EXTERIOR MASONRY,Scope,Complete,7/17/2019,12/3/2019,1/23/2020,155132,174192,167048,"DSF0000898000, DSF0000898002, DSF0000898003, DSF0000898004, DSF0000898005",155132.0,174192.0,167048.0,2019-07-17,2019-12-03,2020-01-23,1.1228631101255704,51,139,2019,1,2,Manhattan,5.190701391559384,0,0,1,0,0
5,M043,I.S. 286 - MANHATTAN,SCA CIP,WINDOWS / EXTERIOR MASONRY / ROOFS / PARAPETS,Design,Complete,10/2/2017,3/8/2018,4/3/2018,822622,399549,370889,"DSF0000852469, DSF0000852470, DSF0000852467, DSF0000868146",822622.0,399549.0,370889.0,2017-10-02,2018-03-08,2018-04-03,0.48570181687336345,26,157,2017,0,5,Manhattan,5.915200319993044,0,0,1,0,0
5,M043,I.S. 286 - MANHATTAN,SCA CIP,WINDOWS / EXTERIOR MASONRY / ROOFS / PARAPETS,Scope,Complete,3/30/2017,8/14/2017,9/14/2017,207297,106722,106722,"DSF0000852469, DSF0000852470, DSF0000852467, DSF0000868146",207297.0,106722.0,106722.0,2017-03-30,2017-08-14,2017-09-14,0.5148265532062692,31,137,2017,0,5,Manhattan,5.316593017034172,0,0,1,0,0
5,M046,P.S. 46 - MANHATTAN,SCA CIP,ELECTRICAL WORK FOR A/C INITIATIVE / LL26 CODE COMPLIANCE/EXIT SIGN REPLACEMENT,Design,Complete,7/24/2019,12/26/2019,12/17/2019,26010,14310,14274,"DSF0000912080, DSF0000912802",26010.0,14310.0,14274.0,2019-07-24,2019-12-26,2019-12-17,0.5501730103806228,-9,155,2019,0,5,Manhattan,4.4151403521958725,1,0,0,0,0
2,M047,J.H.S. 47 (SCH FOR THE DEAF) - M,SCA CIP,FIRE ALARM SYSTEM REPLACEMENT,Scope,Complete,12/18/2019,3/20/2020,3/16/2020,10086,19188,1467,DSF0000943498,10086.0,19188.0,1467.0,2019-12-18,2020-03-20,2020-03-16,1.9024390243902438,-4,93,2019,1,2,Manhattan,4.003718963823115,0,0,0,1,0
6,M048,P.S. 48 - MANHATTAN,SCA CIP,CERTIFICATE OF OCCUPANCY,Design,Complete,11/7/2017,5/14/2018,5/22/2018,117396,105669,104340,DSF0000844690,117396.0,105669.0,104340.0,2017-11-07,2018-05-14,2018-05-22,0.9001073290401718,8,188,2017,0,6,Manhattan,5.069653299573244,0,0,0,0,0
6,M048,P.S. 48 - MANHATTAN,SCA CIP,CERTIFICATE OF OCCUPANCY,Scope,Complete,9/7/2016,12/8/2016,10/27/2017,29349,36125,36125,DSF0000844690,29349.0,36125.0,36125.0,2016-09-07,2016-12-08,2017-10-27,1.2308766908582915,323,92,2016,1,6,Manhattan,4.467593308245282,0,0,0,0,0
3,M054,I.S. 54 - MANHATTAN,SCA CIP,PLANYC CLIMATE CONTROL / PLANYC BOILER CONVERSION,Design,Complete,12/12/2018,5/15/2019,5/13/2019,403680,253102,234199,"DSF0000890594, DSF0000890592",403680.0,253102.0,234199.0,2018-12-12,2019-05-15,2019-05-13,0.6269867221561632,-2,154,2018,0,3,Manhattan,5.6060372331735,0,1,0,0,0
3,M054,I.S. 54 - MANHATTAN,SCA CIP,PLANYC CLIMATE CONTROL / PLANYC BOILER CONVERSION,Scope,Complete,10/5/2018,3/13/2019,12/3/2018,100920,51932,51932,"DSF0000890594, DSF0000890592",100920.0,51932.0,51932.0,2018-10-05,2019-03-13,2018-12-03,0.5145858105430043,-100,159,2018,0,3,Manhattan,5.003977241845537,0,1,0,0,0
2,M058,M035 SPED - MANHATTAN,SCA CIP,IPDVS CAMERA INSTALLATION,Design,Complete,2/21/2018,8/15/2018,8/15/2018,18970,14441,14237,DSF0000868084,18970.0,14441.0,14237.0,2018-02-21,2018-08-15,2018-08-15,0.7612546125461255,0,175,2018,0,2,Manhattan,4.278067330888662,0,0,0,0,0
1,M064,I.S. 839 - MANHATTAN,SCA CIP,FLOOD ELIMINATION / ROOFS / PARAPETS / EXTERIOR MASONRY,Design,Complete,1/8/2020,6/9/2020,6/30/2020,497278,408808,390755,"DSF0000898265, DSF0000898268, DSF0000898269, DSF0000898270",497278.0,408808.0,390755.0,2020-01-08,2020-06-09,2020-06-30,0.8220914659405805,21,153,2020,0,1,Manhattan,5.696599246101423,0,0,1,0,0
1,M064,I.S. 839 - MANHATTAN,SCA CIP,FLOOD ELIMINATION / ROOFS / PARAPETS / EXTERIOR MASONRY,Scope,Complete,6/20/2019,11/5/2019,12/23/2019,100577,206133,201517,"DSF0000898265, DSF0000898268, DSF0000898269, DSF0000898270",100577.0,206133.0,201517.0,2019-06-20,2019-11-05,2019-12-23,2.0495043598437017,48,138,2019,1,1,Manhattan,5.00249867738874,0,0,1,0,0
2,M066,P.S. 151 - MANHATTAN,SCA CIP RESOA,FY16 RESO A ROOFTOP PLAYGROUND,Design,Complete,3/15/2018,8/14/2018,11/9/2018,206145,156069,125275,DSF0000823596,206145.0,156069.0,125275.0,2018-03-15,2018-08-14,2018-11-09,0.7570836061995198,87,152,2018,0,2,Manhattan,5.3141728055514275,0,0,1,0,0
3,M081,MID-MAN ADULT LEARNING CENTER - M,SCA CIP,STRUCTURAL / EXTERIOR MASONRY,Design,Complete,8/1/2018,12/24/2018,4/9/2019,632100,286211,222400,"DSF0000898376, DSF0000875488",632100.0,286211.0,222400.0,2018-08-01,2018-12-24,2019-04-09,0.4527938617307388,106,145,2018,1,3,Manhattan,5.800785790327763,0,0,1,0,0
3,M081,MID-MAN ADULT LEARNING CENTER - M,SCA CIP,STRUCTURAL / EXTERIOR MASONRY,Scope,Complete,4/11/2018,8/24/2018,7/23/2018,158025,152769,146793,"DSF0000898376, DSF0000875488",158025.0,152769.0,146793.0,2018-04-11,2018-08-24,2018-07-23,0.9667394399620314,-32,135,2018,0,3,Manhattan,5.1987257989998,0,0,1,0,0
4,M083,P.S. 83 - MANHATTAN,SCA CIP,PLANYC BOILER CONVERSION / PLANYC CLIMATE CONTROL,Design,Complete,4/3/2020,9/2/2020,7/16/2020,319918,215896,162347,"DSF0000960648, DSF0000943795",319918.0,215896.0,162347.0,2020-04-03,2020-09-02,2020-07-16,0.6748479297820067,-48,152,2020,0,4,Manhattan,5.505038676097712,0,1,0,0,0
4,M083,P.S. 83 - MANHATTAN,SCA CIP,PLANYC BOILER CONVERSION / PLANYC CLIMATE CONTROL,Scope,Complete,2/4/2020,7/6/2020,4/2/2020,63984,47522,45809,"DSF0000960648, DSF0000943795",63984.0,47522.0,45809.0,2020-02-04,2020-07-06,2020-04-02,0.742716929232308,-95,153,2020,0,4,Manhattan,4.806071386789446,0,1,0,0,0
3,M084,P.S. 84 - MANHATTAN,SCA CIP,ELECTRICAL WORK FOR A/C INITIATIVE,"CM,F&E",Complete,2/28/2020,11/23/2020,9/23/2020,56330,35130,4589,DSF0000912008,56330.0,35130.0,4589.0,2020-02-28,2020-11-23,2020-09-23,0.6236463696076691,-61,269,2020,0,3,Manhattan,4.750739751235351,1,0,0,0,0
3,M084,P.S. 84 - MANHATTAN,SCA CIP,ELECTRICAL WORK FOR A/C INITIATIVE,Construction,Complete,2/28/2020,11/23/2020,9/23/2020,405471,405471,246597,DSF0000912008,405471.0,405471.0,246597.0,2020-02-28,2020-11-23,2020-09-23,1.0,-61,269,2020,0,3,Manhattan,5.607959798151722,1,0,0,0,0
3,M084,P.S. 84 - MANHATTAN,SCA CIP,ELECTRICAL WORK FOR A/C INITIATIVE,Design,Complete,4/15/2019,9/13/2019,8/15/2019,23580,7346,7346,DSF0000912008,23580.0,7346.0,7346.0,2019-04-15,2019-09-13,2019-08-15,0.31153519932145884,-29,151,2019,0,3,Manhattan,4.37254380075907,1,0,0,0,0
3,M084,P.S. 84 - MANHATTAN,SCA CIP RESOA,FY18 RESO A PLAYGROUND UPGRADE,Design,Complete,10/29/2018,3/19/2019,5/20/2019,44148,56063,40114,DSF0000888809,44148.0,56063.0,40114.0,2018-10-29,2019-03-19,2019-05-20,1.2698876506297,62,141,2018,1,3,Manhattan,4.644911033878752,0,0,0,0,0
3,M087,P.S. 87 - MANHATTAN,SCA CIP,WINDOWS / RPZ BACKFLOW PREVENTION DEVICES / PLANYC BOILER CONVERSION / PLANYC CLIMATE CONTROL / ROOFS / PARAPETS / EXTERIOR MASONRY / EXTERIOR DOORS,Design,Complete,12/5/2018,5/16/2019,4/18/2019,1528452,550741,546795,"DSF0000889086, DSF0000890584, DSF0000890595, DSF0000890596, DSF0000898417, DSF0000898418, DSF0000898420, DSF0000898428",1528452.0,550741.0,546795.0,2018-12-05,2019-05-16,2019-04-18,0.3603260030409853,-28,162,2018,0,3,Manhattan,6.184251804552159,0,1,1,0,0
3,M087,P.S. 87 - MANHATTAN,SCA CIP,WINDOWS / RPZ BACKFLOW PREVENTION DEVICES / PLANYC BOILER CONVERSION / PLANYC CLIMATE CONTROL / ROOFS / PARAPETS / EXTERIOR MASONRY / EXTERIOR DOORS,Scope,Complete,6/19/2018,3/6/2019,11/30/2018,387378,146375,146333,"DSF0000889086, DSF0000890584, DSF0000890595, DSF0000890596, DSF0000898417, DSF0000898418, DSF0000898420, DSF0000898428",387378.0,146375.0,146333.0,2018-06-19,2019-03-06,2018-11-30,0.37786090072229195,-96,260,2018,0,3,Manhattan,5.588134952599132,0,1,1,0,0
5,M092,P.S. 92 - MANHATTAN,SCA CIP,COLLAPSED WALL,Design,Complete,4/8/2015,9/8/2015,3/5/2018,346990,346990,310370,DSF0000801028,346990.0,346990.0,310370.0,2015-04-08,2015-09-08,2018-03-05,1.0,909,153,2015,1,5,Manhattan,5.540316958919408,0,0,0,0,0
5,M092,P.S. 92 - MANHATTAN,SCA CIP,COLLAPSED WALL,Scope,Complete,10/31/2014,2/5/2015,2/26/2015,92432,31576,31576,DSF0000801028,92432.0,31576.0,31576.0,2014-10-31,2015-02-05,2015-02-26,0.3416132940972823,21,97,2014,0,5,Manhattan,4.965822350197337,0,0,0,0,0
6,M093,P.S. 210 - MANHATTAN,SCA CIP,IPDVS CAMERA INSTALLATION,Design,Complete,3/16/2018,9/10/2018,8/31/2018,15450,10667,10586,DSF0000868085,15450.0,10667.0,10586.0,2018-03-16,2018-09-10,2018-08-31,0.69042071197411,-10,178,2018,0,6,Manhattan,4.188928483760853,0,0,0,0,0
4,M096,P.S. 96 - MANHATTAN,SCA CIP,PLANYC BOILER CONVERSION / PLANYC CLIMATE CONTROL / LOW VOLTAGE ELECTRICAL SYSTEM,Design,Complete,4/28/2020,9/28/2020,10/29/2020,529503,358580,294556,"DSF0000960649, DSF0000960650, DSF0000943905",529503.0,358580.0,294556.0,2020-04-28,2020-09-28,2020-10-29,0.6772010734594516,31,153,2020,0,4,Manhattan,5.723868425028499,1,1,0,0,0
4,M096,P.S. 96 - MANHATTAN,SCA CIP,PLANYC BOILER CONVERSION / PLANYC CLIMATE CONTROL / LOW VOLTAGE ELECTRICAL SYSTEM,Scope,Complete,2/18/2020,7/17/2020,4/27/2020,105900,91220,91220,"DSF0000960649, DSF0000960650, DSF0000943905",105900.0,91220.0,91220.0,2020-02-18,2020-07-17,2020-04-27,0.8613786591123702,-81,150,2020,0,4,Manhattan,5.024895960107485,1,1,0,0,0
6,M098,P.S. 98 - MANHATTAN,SCA CIP,FLOOD ELIMINATION / PARAPETS / EXTERIOR MASONRY / ROOF,Design,Complete,7/10/2019,12/11/2019,6/30/2020,624413,390989,380929,"DSF0000875629, DSF0000875631, DSF0000875632, DSF0000912645",624413.0,390989.0,380929.0,2019-07-10,2019-12-11,2020-06-30,0.6261704993329735,202,154,2019,1,6,Manhattan,5.795471936301803,0,0,1,0,0
6,M098,P.S. 98 - MANHATTAN,SCA CIP,ELECTRICAL WORK FOR A/C INITIATIVE,Design,Complete,3/13/2019,8/12/2019,7/31/2019,27399,14716,14716,DSF0000912083,27399.0,14716.0,14716.0,2019-03-13,2019-08-12,2019-07-31,0.5370998941567211,-12,152,2019,0,6,Manhattan,4.437734712367571,1,0,0,0,0
6,M098,P.S. 98 - MANHATTAN,SCA CIP,FLOOD ELIMINATION / PARAPETS / EXTERIOR MASONRY / ROOF,Scope,Complete,10/18/2018,3/8/2019,3/13/2019,152632,165694,161660,"DSF0000875629, DSF0000875631, DSF0000875632, DSF0000912645",152632.0,165694.0,161660.0,2018-10-18,2019-03-08,2019-03-13,1.0855783846113527,5,141,2018,0,6,Manhattan,5.183645594998218,0,0,1,0,0
4,M101,PS/IS 375 - MANHATTAN,SCA CIP,CHARTER MATCH AUDITORIUM UPGRADE,Design,Complete,6/3/2019,11/1/2019,5/5/2020,79614,59528,58064,DSF0000898570,79614.0,59528.0,58064.0,2019-06-03,2019-11-01,2020-05-05,0.7477076896023312,186,151,2019,1,4,Manhattan,4.90098944447291,0,0,0,0,0
4,M101,PS/IS 375 - MANHATTAN,SCA CIP,CHARTER MATCH AUDITORIUM UPGRADE,Scope,Complete,2/6/2019,6/7/2019,5/17/2019,15923,32430,31778,DSF0000898570,15923.0,32430.0,31778.0,2019-02-06,2019-06-07,2019-05-17,2.0366765056836025,-21,121,2019,1,4,Manhattan,4.202024895104038,0,0,0,0,0
4,M102,P.S. 102 - MANHATTAN,SCA CIP,ROOFS / PARAPETS / WINDOWS / EXTERIOR MASONRY,Design,Complete,5/10/2019,5/17/2019,5/17/2019,992400,481678,387852,"DSF0000875683, DSF0000875684, DSF0000875685, DSF0000875686",992400.0,481678.0,387852.0,2019-05-10,2019-05-17,2019-05-17,0.48536678758565094,0,7,2019,0,4,Manhattan,5.996686755600171,0,0,1,0,0
4,M102,P.S. 102 - MANHATTAN,SCA CIP,ROOFS / PARAPETS / WINDOWS / EXTERIOR MASONRY,Scope,Complete,11/9/2018,4/1/2019,5/10/2019,248100,144250,144208,"DSF0000875683, DSF0000875684, DSF0000875685, DSF0000875686",248100.0,144250.0,144208.0,2018-11-09,2019-04-01,2019-05-10,0.5814187827488916,39,143,2018,0,4,Manhattan,5.394626764272209,0,0,1,0,0
2,M104,I.S. 104 - MANHATTAN,SCA CIP RESOA,FY17 RESO A SUPPLEMENTAL COOLING,Design,Complete,11/8/2017,3/8/2018,5/18/2018,53997,101192,91834,DSF0000844883,53997.0,101192.0,91834.0,2017-11-08,2018-03-08,2018-05-18,1.874030038705854,71,120,2017,1,2,Manhattan,4.732369631681519,0,0,0,0,0
4,M108,P.S. 108 - MANHATTAN,SCA CIP,RPZ BACKFLOW PREVENTION DEVICES,Design,Complete,9/19/2019,3/19/2020,3/30/2020,57194,35035,35035,DSF0000875726,57194.0,35035.0,35035.0,2019-09-19,2020-03-19,2020-03-30,0.6125642549917824,11,182,2019,0,4,Manhattan,4.757350471038355,0,0,0,0,0
4,M108,P.S. 108 - MANHATTAN,SCA CIP,PLANYC BOILER CONVERSION / PLANYC CLIMATE CONTROL / LOW VOLTAGE ELECTRICAL SYSTEMS / KITCHEN CONVERSION,Design,Complete,12/31/2015,6/2/2016,6/29/2016,428686,587483,511902,"DSF0000798339, DSF0000798341, DSF0000831121, DSF0000844074",428686.0,587483.0,511902.0,2015-12-31,2016-06-02,2016-06-29,1.370427305766925,27,154,2015,1,4,Manhattan,5.63213930058078,1,1,0,0,0
4,M108,P.S. 108 - MANHATTAN,SCA CIP,FLOOD ELIMINATION / ROOFS / EXTERIOR MASONRY / PARAPETS,Design,Complete,12/3/2019,5/5/2020,6/29/2020,455178,315167,279693,"DSF0000898613, DSF0000898614, DSF0000898617, DSF0000944037",455178.0,315167.0,279693.0,2019-12-03,2020-05-05,2020-06-29,0.692403850801225,55,154,2019,0,4,Manhattan,5.65818126325192,0,0,1,0,0
4,M108,P.S. 108 - MANHATTAN,SCA CIP,PLANYC BOILER CONVERSION / PLANYC CLIMATE CONTROL / LOW VOLTAGE ELECTRICAL SYSTEMS / KITCHEN CONVERSION,Scope,Complete,10/13/2015,3/17/2016,12/22/2015,109453,112205,112205,"DSF0000798339, DSF0000798341, DSF0000831121, DSF0000844074",109453.0,112205.0,112205.0,2015-10-13,2016-03-17,2015-12-22,1.0251432121549888,-86,156,2015,0,4,Manhattan,5.039227669655346,1,1,0,0,0
4,M108,P.S. 108 - MANHATTAN,SCA CIP,RPZ BACKFLOW PREVENTION DEVICES,Scope,Complete,10/25/2018,4/25/2019,9/13/2019,12710,14258,14258,DSF0000875726,12710.0,14258.0,14258.0,2018-10-25,2019-04-25,2019-09-13,1.1217938630999214,141,182,2018,1,4,Manhattan,4.1041455505540085,0,0,0,0,0
4,M108,P.S. 108 - MANHATTAN,SCA CIP,FLOOD ELIMINATION / ROOFS / EXTERIOR MASONRY / PARAPETS,Scope,Complete,6/18/2019,11/1/2019,11/22/2019,91036,205371,190112,"DSF0000898613, DSF0000898614, DSF0000898617, DSF0000944037",91036.0,205371.0,190112.0,2019-06-18,2019-11-01,2019-11-22,2.2559317193198294,21,136,2019,1,4,Manhattan,4.959213167151922,0,0,1,0,0
2,M111,P.S. 111 - MANHATTAN,SCA CIP,FACADE PANELS / ROOFS / PARAPETS,Design,Complete,9/19/2018,2/25/2019,4/24/2019,582550,428163,427189,"DSF0000898653, DSF0000875756, DSF0000890999",582550.0,428163.0,427189.0,2018-09-19,2019-02-25,2019-04-24,0.7349806883529311,58,159,2018,0,2,Manhattan,5.765333206594513,0,0,1,0,0
2,M111,P.S. 111 - MANHATTAN,SCA CIP,FACADE PANELS / ROOFS / PARAPETS,Scope,Complete,5/15/2018,9/28/2018,7/27/2018,147636,118078,116941,"DSF0000898653, DSF0000875756, DSF0000890999",147636.0,118078.0,116941.0,2018-05-15,2018-09-28,2018-07-27,0.7997913787964995,-63,136,2018,0,2,Manhattan,5.169192270054772,0,0,1,0,0
2,M114,I.S. 114 - MANHATTAN,SCA CIP RESOA,FY16 RESO A GREEN ROOF,Design,Complete,5/18/2016,10/19/2016,5/17/2019,126187,183327,163853,DSF0000823590,126187.0,183327.0,163853.0,2016-05-18,2016-10-19,2019-05-17,1.4528200210798259,940,154,2016,1,2,Manhattan,5.101014615454263,0,0,1,0,0
6,M115,P.S. 115 - MANHATTAN,SCA CIP,DEFECTIVE STRUCTURE,Design,Complete,11/28/2018,5/1/2019,5/9/2019,45650,50149,47833,DSF0000898690,45650.0,50149.0,47833.0,2018-11-28,2019-05-01,2019-05-09,1.0985542168674698,8,154,2018,0,6,Manhattan,4.659440781870318,0,0,1,0,0
6,M115,P.S. 115 - MANHATTAN,SCA CIP,DEFECTIVE STRUCTURE,Scope,Complete,8/21/2018,11/21/2018,10/9/2018,12450,9876,9876,DSF0000898690,12450.0,9876.0,9876.0,2018-08-21,2018-11-21,2018-10-09,0.7932530120481928,-43,92,2018,0,6,Manhattan,4.095169351431755,0,0,1,0,0
2,M116,P.S. 116 - MANHATTAN,SCA CIP,BULGING WALLS AND RUSTED GRATING SUPPORTS,Design,Complete,10/3/2018,2/22/2019,3/6/2019,37279,69053,68351,DSF0000912372,37279.0,69053.0,68351.0,2018-10-03,2019-02-22,2019-03-06,1.8523297298747283,12,142,2018,1,2,Manhattan,4.571464253995603,0,0,0,0,0
2,M116,P.S. 116 - MANHATTAN,SCA CIP,BULGING WALLS AND RUSTED GRATING SUPPORTS,Scope,Complete,6/1/2018,7/30/2018,8/17/2018,10167,13871,13871,DSF0000912372,10167.0,13871.0,13871.0,2018-06-01,2018-07-30,2018-08-17,1.3643159240680633,18,59,2018,1,2,Manhattan,4.007192823557041,0,0,0,0,0
2,M116,P.S. 116 - MANHATTAN,SCA CIP RESOA,FY20 RESO A IPDVS CAMERA INSTALLATION,Design,Complete,2/5/2020,7/30/2020,5/15/2020,27000,16282,16282,DSF0000913314,27000.0,16282.0,16282.0,2020-02-05,2020-07-30,2020-05-15,0.603037037037037,-76,176,2020,0,2,Manhattan,4.431363764158987,0,0,0,0,0
4,M117,I.S. 12 - MANHATTAN,SCA CIP,GYM CEILING,Design,Complete,8/8/2018,1/2/2019,5/17/2019,70046,63148,48014,DSF0000875832,70046.0,63148.0,48014.0,2018-08-08,2019-01-02,2019-05-17,0.901521857065357,135,147,2018,1,4,Manhattan,4.845383339799842,0,0,0,0,0
4,M117,I.S. 12 - MANHATTAN,SCA CIP,GYM CEILING,Scope,Complete,1/10/2018,2/20/2018,2/12/2018,19104,10540,10540,DSF0000875832,19104.0,10540.0,10540.0,2018-01-10,2018-02-20,2018-02-12,0.5517169179229481,-8,41,2018,0,4,Manhattan,4.281124309449275,0,0,0,0,0
3,M118,LAFAYETTE ACADEMY - MANHATTAN,SCA CIP,ELEVATOR MODERNIZATION,Design,Complete,7/24/2018,1/28/2019,1/24/2019,416442,288915,246196,DSF0000912171,416442.0,288915.0,246196.0,2018-07-24,2019-01-28,2019-01-24,0.6937700808275822,-4,188,2018,0,3,Manhattan,5.6195545235483895,0,0,0,0,1
3,M118,LAFAYETTE ACADEMY - MANHATTAN,SCA CIP,ELEVATOR MODERNIZATION,Scope,Complete,3/23/2018,7/23/2018,6/22/2018,104111,74791,73628,DSF0000912171,104111.0,74791.0,73628.0,2018-03-23,2018-07-23,2018-06-22,0.7183775009365004,-31,122,2018,0,3,Manhattan,5.017496617953562,0,0,0,0,1
4,M121,P.S. 38 - MANHATTAN,SCA CIP,PARAPETS,Design,Complete,4/2/2019,8/30/2019,5/13/2019,91560,77833,70212,DSF0000898756,91560.0,77833.0,70212.0,2019-04-02,2019-08-30,2019-05-13,0.8500764525993884,-109,150,2019,0,4,Manhattan,4.961705784002505,0,0,1,0,0
4,M121,P.S. 38 - MANHATTAN,SCA CIP,PARAPETS,Scope,Complete,6/15/2018,10/31/2018,4/2/2019,22890,165848,162278,DSF0000898756,22890.0,165848.0,162278.0,2018-06-15,2018-10-31,2019-04-02,7.245434687636522,153,138,2018,1,4,Manhattan,4.359645792674543,0,0,1,0,0
2,M124,P.S. 124 - MANHATTAN,SCA CIP,ROOFS / PARAPETS / WINDOWS / EXTERIOR MASONRY,Scope,Complete,5/15/2020,11/12/2020,10/23/2020,113130,197130,121317,"DSF0000944209, DSF0000944210, DSF0000944211, DSF0000944212",113130.0,197130.0,121317.0,2020-05-15,2020-11-12,2020-10-23,1.7425086184036065,-20,181,2020,1,2,Manhattan,5.053577787125283,0,0,1,0,0
5,M125,I.S. 362 - MANHATTAN,SCA CIP,KITCHEN AREAS / ROOM CONVERSION,Design,Complete,7/20/2018,1/14/2019,5/16/2019,525900,310850,240530,"DSF0000853308, DSF0000890995",525900.0,310850.0,240530.0,2018-07-20,2019-01-14,2019-05-16,0.591081954744248,122,178,2018,1,5,Manhattan,5.7209031708134575,0,0,0,0,0
5,M125,P.S. 125 - MANHATTAN,SCA CIP,ROOFS / FLOOD ELIMINATION / EXTERIOR MASONRY / PARAPETS,Design,Complete,1/2/2018,6/4/2018,5/11/2018,566261,378623,345908,"DSF0000875909, DSF0000875906, DSF0000875912, DSF0000875910",566261.0,378623.0,345908.0,2018-01-02,2018-06-04,2018-05-11,0.6686369006518196,-24,153,2018,0,5,Manhattan,5.753016651564641,0,0,1,0,0
5,M125,P.S. 125 - MANHATTAN,SCA CIP,ROOFS / FLOOD ELIMINATION / EXTERIOR MASONRY / PARAPETS,Scope,Complete,9/20/2017,2/20/2018,12/8/2017,143647,133311,126434,"DSF0000875909, DSF0000875906, DSF0000875912, DSF0000875910",143647.0,133311.0,126434.0,2017-09-20,2018-02-20,2017-12-08,0.9280458345806039,-74,153,2017,0,5,Manhattan,5.1572965603867855,0,0,1,0,0
5,M125,I.S. 362 - MANHATTAN,SCA CIP,KITCHEN AREAS / ROOM CONVERSION,Scope,Complete,7/13/2017,1/12/2018,4/17/2018,131475,139435,138291,"DSF0000853308, DSF0000890995",131475.0,139435.0,138291.0,2017-07-13,2018-01-12,2018-04-17,1.0605438296254042,95,183,2017,1,5,Manhattan,5.118843179485495,0,0,0,0,0
5,M125,P.S. 125 - MANHATTAN,SCA CIP RESOA,FY18 RESO A PLAYGROUNDS,Design,Complete,8/28/2019,1/16/2020,6/15/2020,210000,136930,129804,DSF0000867354,210000.0,136930.0,129804.0,2019-08-28,2020-01-16,2020-06-15,0.6520476190476191,151,141,2019,1,5,Manhattan,5.3222192947339195,0,0,0,0,0
2,M126,P.S. 126 - MANHATTAN,SCA CIP,ROOFS / PARAPETS / WINDOWS / EXTERIOR MASONRY,Design,Complete,1/16/2019,6/17/2019,5/29/2020,1341692,627501,602994,"DSF0000875925, DSF0000875926, DSF0000875927, DSF0000875928",1341692.0,627501.0,602994.0,2019-01-16,2019-06-17,2020-05-29,0.4676937777075514,347,152,2019,1,2,Manhattan,6.1276528302498185,0,0,1,0,0
2,M126,P.S. 126 - MANHATTAN,SCA CIP,ROOFS / PARAPETS / WINDOWS / EXTERIOR MASONRY,Scope,Complete,10/23/2018,3/13/2019,1/10/2019,270242,290631,288862,"DSF0000875925, DSF0000875926, DSF0000875927, DSF0000875928",270242.0,290631.0,288862.0,2018-10-23,2019-03-13,2019-01-10,1.0754471917762598,-62,141,2018,0,2,Manhattan,5.43175284635419,0,0,1,0,0
5,M129,P.S. 129 - MANHATTAN,SCA CIP,FLOOD ELIMINATION / ROOFS / PARAPETS / WINDOWS / EXTERIOR MASONRY,Scope,Complete,10/31/2018,3/21/2019,1/10/2019,396751,331243,314481,"DSF0000875959, DSF0000875961, DSF0000875962, DSF0000875963, DSF0000875964",396751.0,331243.0,314481.0,2018-10-31,2019-03-21,2019-01-10,0.8348888849681538,-70,141,2018,0,5,Manhattan,5.598518030055581,0,0,1,0,0
6,M132,P.S. 132 - MANHATTAN,SCA CIP,IRON FENCE / FY16 RESO PLAYGRD / WATER INFILTRA / BOILER,Design,Complete,1/26/2018,6/27/2018,5/9/2018,547190,713824,670223,"DSF0000809387, DSF0000822927, DSF0000853418, DSF0000888992",547190.0,713824.0,670223.0,2018-01-26,2018-06-27,2018-05-09,1.3045267640125002,-49,152,2018,1,6,Manhattan,5.738138151971374,0,1,0,0,0
6,M132,P.S. 132 - MANHATTAN,SCA CIP,IRON FENCE / FY16 RESO PLAYGRD / WATER INFILTRA / BOILER,Scope,Complete,4/6/2015,2/1/2018,12/18/2017,137493,140978,140803,"DSF0000809387, DSF0000822927, DSF0000853418, DSF0000888992",137493.0,140978.0,140803.0,2015-04-06,2018-02-01,2017-12-18,1.0253467449251963,-45,1032,2015,0,6,Manhattan,5.1382805880662135,0,1,0,0,0
1,M134,P.S. 134 - MANHATTAN,SCA CIP,ROOFS / PARAPETS / WINDOWS / EXTERIOR MASONRY,Design,Complete,1/22/2019,6/21/2019,5/17/2019,1486620,749827,538587,"DSF0000876062, DSF0000876063, DSF0000876064, DSF0000876065",1486620.0,749827.0,538587.0,2019-01-22,2019-06-21,2019-05-17,0.5043837698941223,-35,150,2019,0,1,Manhattan,6.1721999712162985,0,0,1,0,0
1,M134,P.S. 134 - MANHATTAN,SCA CIP,ROOFS / PARAPETS / WINDOWS / EXTERIOR MASONRY,Scope,Complete,10/23/2018,3/13/2019,1/18/2019,371656,170272,170272,"DSF0000876062, DSF0000876063, DSF0000876064, DSF0000876065",371656.0,170272.0,170272.0,2018-10-23,2019-03-13,2019-01-18,0.4581440902339798,-54,141,2018,0,1,Manhattan,5.570141148428777,0,0,1,0,0
5,M136,MOTT HALL HS - MANHATTAN,SCA CIP,ELECTRICAL WORK FOR A/C INITIATIVE / LL26 CODE COMPLIANCE/EXIT SIGN REPLACEMENT,Design,Complete,6/24/2019,11/25/2019,9/5/2019,19441,14237,14237,"DSF0000912085, DSF0000912458",19441.0,14237.0,14237.0,2019-06-24,2019-11-25,2019-09-05,0.7323182963839309,-81,154,2019,0,5,Manhattan,4.288718600266807,1,0,0,0,0
5,M136,MOTT HALL HS - MANHATTAN,SCA CIP,IPDVS CAMERA INSTALLATION,Design,Complete,6/19/2020,12/16/2020,12/16/2020,16873,11040,11040,DSF0000960794,16873.0,11040.0,11040.0,2020-06-19,2020-12-16,2020-12-16,0.6542997688614947,0,180,2020,0,5,Manhattan,4.227192306514037,0,0,0,0,0
5,M136,I.S. 302 - MANHATTAN,SCA CIP,ENY PLAYGROUND UPGRADE,Scope,Complete,2/16/2017,4/14/2017,3/22/2017,26877,32673,16083,DSF0000865810,26877.0,32673.0,16083.0,2017-02-16,2017-04-14,2017-03-22,1.2156490679763365,-23,57,2017,1,5,Manhattan,4.429380791310483,0,0,0,0,0
1,M140,P.S. 140 - MANHATTAN,SCA CIP,ROOFS / PARAPETS / EXTERIOR MASONRY / WINDOWS,Scope,Complete,10/24/2018,3/14/2019,1/18/2019,219979,204666,203763,"DSF0000876119, DSF0000876120, DSF0000876121, DSF0000912290",219979.0,204666.0,203763.0,2018-10-24,2019-03-14,2019-01-18,0.9303888098409394,-55,141,2018,0,1,Manhattan,5.342381223461165,0,0,1,0,0
1,M142,P.S. 142 - MANHATTAN,SCA CIP,ROOFS / PARAPETS / EXTERIOR MASONRY,Scope,Complete,5/22/2020,11/19/2020,8/19/2020,90194,112061,86661,"DSF0000944456, DSF0000944457, DSF0000944458",90194.0,112061.0,86661.0,2020-05-22,2020-11-19,2020-08-19,1.2424440650154112,-92,181,2020,1,1,Manhattan,4.955177647812878,0,0,1,0,0
6,M143,I.S. 143 - MANHATTAN,SCA CIP,WATER MAIN / BACKFLOW PREVENTION / LOW VOLTAGE ELECTRICAL SYSTEM,Design,Complete,9/11/2019,5/20/2020,4/15/2020,168384,118559,118559,"DSF0000889654, DSF0000960508",168384.0,118559.0,118559.0,2019-09-11,2020-05-20,2020-04-15,0.7040989642721399,-35,252,2019,0,6,Manhattan,5.22630082206959,1,0,0,0,0
6,M143,I.S. 143 - MANHATTAN,SCA CIP,WATER MAIN / BACKFLOW PREVENTION / LOW VOLTAGE ELECTRICAL SYSTEM,Scope,Complete,10/10/2018,4/10/2019,9/6/2019,35524,29123,29123,"DSF0000889654, DSF0000960508",35524.0,29123.0,29123.0,2018-10-10,2019-04-10,2019-09-06,0.8198119581128251,149,182,2018,1,6,Manhattan,4.550521861389246,1,0,0,0,0
6,M143,I.S. 348 - MANHATTAN,SCA CIP RESOA,FY18 RESO A IPDVS CAMERA INSTALLATION,Design,Complete,4/30/2018,10/24/2018,8/1/2018,12960,11060,10572,DSF0000867321,12960.0,11060.0,10572.0,2018-04-30,2018-10-24,2018-08-01,0.8533950617283951,-84,177,2018,0,6,Manhattan,4.1126050015345745,0,0,0,0,0
3,M144,P.S. 242 - MANHATTAN,SCA CIP,PLANYC CLIMATE CONTROL / PLANYC BOILER CONVERSION,Design,Complete,4/11/2018,9/11/2018,10/1/2018,397233,369101,355381,"DSF0000798381, DSF0000798379",397233.0,369101.0,355381.0,2018-04-11,2018-09-11,2018-10-01,0.9291801033650275,20,153,2018,0,3,Manhattan,5.599045320192389,0,1,0,0,0
3,M144,P.S. 242 - MANHATTAN,SCA CIP,PLANYC CLIMATE CONTROL / PLANYC BOILER CONVERSION,Scope,Complete,12/21/2017,5/24/2018,4/3/2018,101605,94407,94407,"DSF0000798381, DSF0000798379",101605.0,94407.0,94407.0,2017-12-21,2018-05-24,2018-04-03,0.9291570296737365,-51,154,2017,0,3,Manhattan,5.006915080181949,0,1,0,0,0
3,M144,P.S. 242 - MANHATTAN,SCA CIP,EXTERIOR MASONRY,Scope,Complete,11/15/2018,4/4/2019,3/6/2019,19093,66179,47734,DSF0000876167,19093.0,66179.0,47734.0,2018-11-15,2019-04-04,2019-03-06,3.466139422825119,-29,140,2018,1,3,Manhattan,4.2808741725572155,0,0,1,0,0
3,M145,WEST PREP ACADEMY - MANHATTAN,SCA CIP RESOA,FY15 RESO A AUDITORIUM UPGRADE / ENY SUPPLEMENTAL COOLING,Design,Complete,9/28/2017,2/2/2018,11/26/2019,93995,90689,75345,"DSF0000800081, DSF0000865806",93995.0,90689.0,75345.0,2017-09-28,2018-02-02,2019-11-26,0.9648279163785308,662,127,2017,1,3,Manhattan,4.97310475221498,0,0,0,0,0
6,M152,P.S. 152 - MANHATTAN,SCA CIP,PLAYGROUND REDEVELOPMENT,Design,Complete,10/16/2018,3/6/2019,4/29/2019,268243,139861,139861,DSF0000912306,268243.0,139861.0,139861.0,2018-10-16,2019-03-06,2019-04-29,0.521396644087637,54,141,2018,0,6,Manhattan,5.4285283975493055,0,0,0,0,0
6,M152,P.S. 152 - MANHATTAN,SCA CIP,PLAYGROUND REDEVELOPMENT,Scope,Complete,6/25/2018,9/24/2018,10/9/2018,67061,34965,34965,DSF0000912306,67061.0,34965.0,34965.0,2018-06-25,2018-09-24,2018-10-09,0.5213909723982643,15,91,2018,0,6,Manhattan,4.826470025252119,0,0,0,0,0
6,M164,I.S. 328 - MANHATTAN,SCA CIP,IPDVS CAMERA INSTALLATION,Design,Complete,2/21/2018,8/15/2018,8/15/2018,21901,8246,8227,DSF0000868088,21901.0,8246.0,8227.0,2018-02-21,2018-08-15,2018-08-15,0.3765124880142459,0,175,2018,0,6,Manhattan,4.340463945185634,0,0,0,0,0
3,M165,P.S. 165 - MANHATTAN,SCA CIP,ROOFS,Design,Complete,6/6/2018,11/6/2018,8/27/2018,807600,297533,265252,DSF0000888806,807600.0,297533.0,265252.0,2018-06-06,2018-11-06,2018-08-27,0.3684162951956414,-71,153,2018,0,3,Manhattan,5.907196310271602,0,0,1,0,0
3,M165,P.S. 165 - MANHATTAN,SCA CIP,ROOFS,Scope,Complete,3/7/2018,7/20/2018,5/10/2018,201900,72996,72731,DSF0000888806,201900.0,72996.0,72731.0,2018-03-07,2018-07-20,2018-05-10,0.3615453194650817,-71,135,2018,0,3,Manhattan,5.30513631894364,0,0,1,0,0
3,M166,P.S. 166 - MANHATTAN,SCA CIP,MASONRY / ROOFS / PARAPETS / WINDOWS,Design,Complete,3/4/2019,8/1/2019,9/13/2019,494073,380390,61297,"DSF0000852189, DSF0000899281, DSF0000899282, DSF0000912308",494073.0,380390.0,61297.0,2019-03-04,2019-08-01,2019-09-13,0.7699064713109196,43,150,2019,0,3,Manhattan,5.693791121302078,0,0,1,0,0
3,M166,P.S. 166 - MANHATTAN,SCA CIP,MASONRY / ROOFS / PARAPETS / WINDOWS,Scope,Complete,9/29/2017,2/20/2018,3/29/2018,98981,277767,169278,"DSF0000852189, DSF0000899281, DSF0000899282, DSF0000912308",98981.0,277767.0,169278.0,2017-09-29,2018-02-20,2018-03-29,2.8062658490013237,37,144,2017,1,3,Manhattan,4.995551837152325,0,0,1,0,0
3,M166,P.S. 166 - MANHATTAN,SCA CIP RESOA,FY18 RESO A LIBRARY UPGRADES,Design,Complete,9/17/2018,2/5/2019,4/1/2019,40757,66506,48265,DSF0000866406,40757.0,66506.0,48265.0,2018-09-17,2019-02-05,2019-04-01,1.6317687759157935,55,141,2018,1,3,Manhattan,4.61020220940222,0,0,0,0,0
2,M169,M169 SPED - MANHATTAN,SCA CIP,FLOOD ELIMINATION / PARAPETS / WINDOWS / ROOFS,Design,Complete,2/20/2019,7/22/2019,3/10/2020,231333,119527,19022,"DSF0000876436, DSF0000876437, DSF0000876438, DSF0000944753",231333.0,119527.0,19022.0,2019-02-20,2019-07-22,2020-03-10,0.5166880643920236,232,152,2019,1,2,Manhattan,5.364237589950186,0,0,1,0,0
2,M169,M169 SPED - MANHATTAN,SCA CIP,FLOOD ELIMINATION / PARAPETS / WINDOWS / ROOFS,Scope,Complete,10/12/2018,3/4/2019,2/20/2019,48618,127588,85407,"DSF0000876436, DSF0000876437, DSF0000876438, DSF0000944753",48618.0,127588.0,85407.0,2018-10-12,2019-03-04,2019-02-20,2.6242955284051175,-12,143,2018,1,2,Manhattan,4.686797089290757,0,0,1,0,0
4,M171,P.S. 171 - MANHATTAN,SCA CIP,FULL PROGRAM ACCESSIBILITY / LOW VOLTAGE ELECTRICAL SYSTEM,Design,Complete,1/8/2019,6/26/2019,5/17/2019,552887,339995,323564,"DSF0000889343, DSF0000899333",552887.0,339995.0,323564.0,2019-01-08,2019-06-26,2019-05-17,0.6149448259770984,-40,169,2019,0,4,Manhattan,5.742636378517793,1,0,0,0,1
4,M171,P.S. 171 - MANHATTAN,SCA CIP,FLOOD ELIMINATION / WINDOWS / EXTERIOR MASONRY / HEATING PLANT UPGRADE,Design,Complete,2/21/2018,7/23/2018,5/16/2018,1043522,597282,512445,"DSF0000876454, DSF0000876457, DSF0000876458, DSF0000876460",1043522.0,597282.0,512445.0,2018-02-21,2018-07-23,2018-05-16,0.5723712581047644,-68,152,2018,0,4,Manhattan,6.018501609489528,0,1,1,0,0
4,M171,P.S. 171 - MANHATTAN,SCA CIP,FLOOD ELIMINATION / WINDOWS / EXTERIOR MASONRY / HEATING PLANT UPGRADE,Scope,Complete,12/18/2017,5/4/2018,2/15/2018,262984,167985,164452,"DSF0000876454, DSF0000876457, DSF0000876458, DSF0000876460",262984.0,167985.0,164452.0,2017-12-18,2018-05-04,2018-02-15,0.6387650959754205,-78,137,2017,0,4,Manhattan,5.419929326728972,0,1,1,0,0
4,M171,P.S. 171 - MANHATTAN,SCA CIP,FULL PROGRAM ACCESSIBILITY / LOW VOLTAGE ELECTRICAL SYSTEM,Scope,Complete,7/18/2018,12/4/2018,12/20/2018,138222,79433,79433,"DSF0000889343, DSF0000899333",138222.0,79433.0,79433.0,2018-07-18,2018-12-04,2018-12-20,0.5746769689340336,16,139,2018,0,4,Manhattan,5.140577172692274,1,0,0,0,1
6,M173,P.S. 173 - MANHATTAN,SCA CIP,FLOOD ELIMINATION / PARAPETS / EXTERIOR MASONRY / PAVED AREAS- CONCRETE / ROOFS,Design,Complete,3/23/2018,8/22/2018,5/18/2018,652179,406172,384853,"DSF0000876476, DSF0000876478, DSF0000876479, DSF0000876485, DSF0000889082",652179.0,406172.0,384853.0,2018-03-23,2018-08-22,2018-05-18,0.6227922088874374,-96,152,2018,0,6,Manhattan,5.814366810521836,0,0,1,0,0
6,M173,P.S. 173 - MANHATTAN,SCA CIP,ELECTRICAL WORK FOR A/C INITIATIVE / LL26 CODE COMPLIANCE/EXIT SIGN REPLACEMENT,Design,Complete,3/28/2019,8/27/2019,8/1/2019,45951,9437,9312,"DSF0000912086, DSF0000912436",45951.0,9437.0,9312.0,2019-03-28,2019-08-27,2019-08-01,0.20537093860851777,-26,152,2019,0,6,Manhattan,4.662294967076999,1,0,0,0,0
6,M173,P.S. 173 - MANHATTAN,SCA CIP,ELECTRICAL WORK FOR A/C INITIATIVE / LL26 CODE COMPLIANCE/EXIT SIGN REPLACEMENT,Scope,Complete,3/11/2019,7/26/2019,3/28/2019,10211,2314,2314,"DSF0000912086, DSF0000912436",10211.0,2314.0,2314.0,2019-03-11,2019-07-26,2019-03-28,0.22661835275683087,-120,137,2019,0,6,Manhattan,4.0090682761922185,1,0,0,0,0
6,M173,P.S. 173 - MANHATTAN,SCA CIP,FLOOD ELIMINATION / PARAPETS / EXTERIOR MASONRY / PAVED AREAS- CONCRETE / ROOFS,Scope,Complete,12/18/2017,5/4/2018,3/23/2018,165873,152852,149850,"DSF0000876476, DSF0000876478, DSF0000876479, DSF0000876485, DSF0000889082",165873.0,152852.0,149850.0,2017-12-18,2018-05-04,2018-03-23,0.9215001838756157,-42,137,2017,0,6,Manhattan,5.219775699434209,0,0,1,0,0
6,M176,P.S. 311 - MANHATTAN,SCA CIP,PARAPETS / EXTERIOR MASONRY,Design,Complete,1/8/2020,6/9/2020,6/25/2020,155087,125113,16591,"DSF0000899402, DSF0000944835",155087.0,125113.0,16591.0,2020-01-08,2020-06-09,2020-06-25,0.8067278366336315,16,153,2020,0,6,Manhattan,5.190575395074173,0,0,1,0,0
6,M176,P.S. 311 - MANHATTAN,SCA CIP,PARAPETS / EXTERIOR MASONRY,Scope,Complete,6/27/2019,11/13/2019,12/24/2019,31017,79789,37744,"DSF0000899402, DSF0000944835",31017.0,79789.0,37744.0,2019-06-27,2019-11-13,2019-12-24,2.572428023342038,41,139,2019,1,6,Manhattan,4.491599790045869,0,0,1,0,0
2,M183,P.S. 183 - MANHATTAN,SCA CIP,PLANYC BOILER CONVERSION / PLANYC CLIMATE CONTROL / VENTILATION,Design,Complete,7/17/2017,12/18/2017,10/20/2017,340180,300860,299751,"DSF0000798268, DSF0000798269, DSF0000853963",340180.0,300860.0,299751.0,2017-07-17,2017-12-18,2017-10-20,0.8844141336939267,-59,154,2017,0,2,Manhattan,5.531708776810456,0,1,0,0,0
2,M183,P.S. 183 - MANHATTAN,SCA CIP,PLANYC BOILER CONVERSION / PLANYC CLIMATE CONTROL / VENTILATION,Scope,Complete,5/15/2017,10/16/2017,7/7/2017,87390,67825,67825,"DSF0000798268, DSF0000798269, DSF0000853963",87390.0,67825.0,67825.0,2017-05-15,2017-10-16,2017-07-07,0.7761185490330701,-101,154,2017,0,2,Manhattan,4.9414617393473295,0,1,0,0,0
2,M183,P.S. 183 - MANHATTAN,SCA CIP RESOA,FY19 RESO A SUPPLEMENTAL COOLING,Design,Complete,12/3/2018,4/29/2019,4/1/2019,36000,48773,48773,DSF0000890826,36000.0,48773.0,48773.0,2018-12-03,2019-04-29,2019-04-01,1.3548055555555556,-28,147,2018,1,2,Manhattan,4.556302500767287,0,0,0,0,0
6,M189,P.S. 189 - MANHATTAN,SCA CIP,FLOOD ELIMINATION / ROOFS / PARAPETS / EXTERIOR MASONRY / PLAYGROUND,Design,Complete,2/28/2018,7/30/2018,5/17/2018,735179,877592,711645,"DSF0000876592, DSF0000876594, DSF0000876595, DSF0000876596, DSF0000889278",735179.0,877592.0,711645.0,2018-02-28,2018-07-30,2018-05-17,1.1937120075519023,-74,152,2018,1,6,Manhattan,5.866393093162637,0,0,1,0,0
6,M189,P.S. 189 - MANHATTAN,SCA CIP,FLOOD ELIMINATION / ROOFS / PARAPETS / EXTERIOR MASONRY / PLAYGROUND,Scope,Complete,12/18/2017,5/4/2018,2/28/2018,185319,255170,253821,"DSF0000876592, DSF0000876594, DSF0000876595, DSF0000876596, DSF0000889278",185319.0,255170.0,253821.0,2017-12-18,2018-05-04,2018-02-28,1.3769230354146094,-65,137,2017,1,6,Manhattan,5.267919948040649,0,0,1,0,0
2,M190,P.S. 290 - MANHATTAN,SCA CIP RESOA,FY15 RESO A- GREENROOF / FLOOD ELIMINATION / ROOFS / PARAPETS / EXTERIOR MASONRY,Design,Complete,2/28/2018,7/30/2018,5/4/2018,489247,603351,545367,"DSF0000754506, DSF0000876611, DSF0000876613, DSF0000876614, DSF0000876615",489247.0,603351.0,545367.0,2018-02-28,2018-07-30,2018-05-04,1.2332237090876388,-87,152,2018,1,2,Manhattan,5.6895281713000125,0,0,1,0,0
6,M192,P.S. 192 - MANHATTAN,SCA CIP,ASPHALT REPLACEMENT,Scope,Complete,10/22/2020,1/26/2021,12/23/2020,18021,8274,8274,DSF0000944965,18021.0,8274.0,8274.0,2020-10-22,2021-01-26,2020-12-23,0.4591310138172133,-34,96,2020,0,6,Manhattan,4.255778886667017,0,0,0,0,0
5,M223,I.S. 223 - MANHATTAN,SCA CIP,ELECTRICAL WORK FOR A/C INITIATIVE,Design,Complete,9/4/2019,2/7/2020,10/1/2019,10088,8233,8233,DSF0000912010,10088.0,8233.0,8233.0,2019-09-04,2020-02-07,2019-10-01,0.8161181601903251,-129,156,2019,0,5,Manhattan,4.003805073565025,1,0,0,0,0
5,M223,I.S. 223 - MANHATTAN,SCA CIP,FALLING SLATE TILES / EXTERIOR MASONRY,Scope,Complete,11/7/2018,3/28/2019,1/3/2020,12384,12521,872,"SCA0000050985, DSF0000960701",12384.0,12521.0,872.0,2018-11-07,2019-03-28,2020-01-03,1.011062661498708,281,141,2018,1,5,Manhattan,4.092860943338818,0,0,1,0,0
2,M234,P.S. 234 - MANHATTAN,SCA CIP,EXTERIOR MASONRY,Design,Complete,1/8/2020,6/9/2020,6/26/2020,111975,77955,69737,DSF0000960912,111975.0,77955.0,69737.0,2020-01-08,2020-06-09,2020-06-26,0.6961821835231078,17,153,2020,0,2,Manhattan,5.049121071116725,0,0,1,0,0
2,M234,P.S. 234 - MANHATTAN,SCA CIP,EXTERIOR MASONRY,Scope,Complete,3/12/2018,7/25/2018,12/16/2019,22395,57917,52911,DSF0000960912,22395.0,57917.0,52911.0,2018-03-12,2018-07-25,2019-12-16,2.5861576244697475,509,135,2018,1,2,Manhattan,4.350151066780707,0,0,1,0,0
2,M267,P.S. 267 - MANHATTAN,SCA CIP,EXTERIOR MASONRY / ROOFS,Design,Complete,5/3/2018,10/3/2018,11/9/2018,218146,151874,120708,"DSF0000911378, DSF0000889083",218146.0,151874.0,120708.0,2018-05-03,2018-10-03,2018-11-09,0.6962034600680278,37,153,2018,0,2,Manhattan,5.338747254023025,0,0,1,0,0
2,M267,P.S. 267 - MANHATTAN,SCA CIP,EXTERIOR MASONRY / ROOFS,Scope,Complete,9/26/2017,2/14/2018,3/14/2018,56234,73454,72883,"DSF0000911378, DSF0000889083",56234.0,73454.0,72883.0,2017-09-26,2018-02-14,2018-03-14,1.3062204360351388,28,141,2017,1,2,Manhattan,4.7499989765583495,0,0,1,0,0
2,M271,P.S./I.S. 217 - MANHATTAN,SCA CIP RESOA,FY14 RESO A GREEN ROOF,Design,Complete,8/9/2016,1/12/2017,12/8/2017,114600,143306,86055,DSF0000777343,114600.0,143306.0,86055.0,2016-08-09,2017-01-12,2017-12-08,1.2504886561954625,330,156,2016,1,2,Manhattan,5.059184617631371,0,0,1,0,0
4,M435,MANHTN CT FOR MATH & SCI. HS - M,SCA CIP,ELECTRICAL WORK FOR A/C INITIATIVE,"CM,F&E",Complete,1/16/2020,10/11/2020,10/10/2020,61168,36272,9288,DSF0000911968,61168.0,36272.0,9288.0,2020-01-16,2020-10-11,2020-10-10,0.5929897985874967,-1,269,2020,0,4,Manhattan,4.786524280674953,1,0,0,0,0
4,M435,MANHTN CT FOR MATH & SCI. HS - M,SCA CIP,ELECTRICAL WORK FOR A/C INITIATIVE,Construction,Complete,1/16/2020,10/11/2020,10/10/2020,330020,359545,208079,DSF0000911968,330020.0,359545.0,208079.0,2020-01-16,2020-10-11,2020-10-10,1.0894642748924308,-1,269,2020,0,4,Manhattan,5.518540259958009,1,0,0,0,0
4,M435,MANHTN CT FOR MATH & SCI. HS - M,SCA CIP,ELECTRICAL WORK FOR A/C INITIATIVE,Design,Complete,7/10/2019,12/11/2019,10/7/2019,25605,10973,10973,DSF0000911968,25605.0,10973.0,10973.0,2019-07-10,2019-12-11,2019-10-07,0.4285491115016598,-65,154,2019,0,4,Manhattan,4.408324780170415,1,0,0,0,0
4,M435,MANHTN CT FOR MATH & SCI. HS - M,SCA CIP,IPDVS CAMERA INSTALLATION,Design,Complete,6/26/2020,12/23/2020,12/22/2020,25564,10579,10579,DSF0000960797,25564.0,10579.0,10579.0,2020-06-26,2020-12-23,2020-12-22,0.41382412767954935,-1,180,2020,0,4,Manhattan,4.4076288088765185,0,0,0,0,0
2,M440,HUDSON HS OF LEARNING TECH - MANHATTAN,SCA CIP,IPDVS CAMERA INSTALLATION,Design,Complete,6/22/2020,12/17/2020,12/23/2020,23544,14810,14810,DSF0000960798,23544.0,14810.0,14810.0,2020-06-22,2020-12-17,2020-12-23,0.6290349983010534,6,178,2020,0,2,Manhattan,4.3718802490915545,0,0,0,0,0
2,M440,JAMES BALDWIN SCHOOL - MANHATTAN,SCA CIP,EXTERIOR MASONRY / FLOOD ELIMINATION / ROOFS,Design,Complete,2/6/2019,7/9/2019,9/18/2019,492101,251255,245213,"DSF0000899747, DSF0000899743, DSF0000912286",492101.0,251255.0,245213.0,2019-02-06,2019-07-09,2019-09-18,0.5105760809264764,71,153,2019,0,2,Manhattan,5.692054247566169,0,0,1,0,0
2,M440,JAMES BALDWIN SCHOOL - MANHATTAN,SCA CIP,DEFECTIVE POOL FOUNDATION WALLS,Design,Complete,4/16/2019,10/18/2019,6/30/2020,732460,514147,476367,DSF0000821943,732460.0,514147.0,476367.0,2019-04-16,2019-10-18,2020-06-30,0.7019454987303061,256,185,2019,1,2,Manhattan,5.864783912638969,0,0,0,0,0
2,M440,JAMES BALDWIN SCHOOL - MANHATTAN,SCA CIP,EXTERIOR MASONRY / FLOOD ELIMINATION / ROOFS,Scope,Complete,8/1/2018,12/18/2018,11/21/2018,98775,93946,55993,"DSF0000899747, DSF0000899743, DSF0000912286",98775.0,93946.0,55993.0,2018-08-01,2018-12-18,2018-11-21,0.9511111111111111,-27,139,2018,0,2,Manhattan,4.994647038353484,0,0,1,0,0
2,M440,JAMES BALDWIN SCHOOL - MANHATTAN,SCA CIP,DEFECTIVE POOL FOUNDATION WALLS,Scope,Complete,6/17/2015,11/17/2015,6/22/2016,183115,156362,154340,DSF0000821943,183115.0,156362.0,154340.0,2015-06-17,2015-11-17,2016-06-22,0.8539005542964804,218,153,2015,1,2,Manhattan,5.262723921311006,0,0,0,0,0
2,M460,WASHINGTON IRVING HS - MANHATTAN,SCA CIP,EXTERIOR MASONRY / ROOFS / PARAPETS / FLOOD ELIMINATION / WINDOWS / GYM FLOOR,Design,Complete,5/8/2014,10/8/2014,5/6/2015,2645233,1274790,1247752,"DSF0000764372, DSF0000786993, DSF0000786994, DSF0000799953, DSF0000799952, DSF0000821658",2645233.0,1274790.0,1247752.0,2014-05-08,2014-10-08,2015-05-06,0.4819197401514347,210,153,2014,1,2,Manhattan,6.422463932007336,0,0,1,0,0
2,M460,WASHINGTON IRVING HS - MANHATTAN,SCA CIP,EXTERIOR MASONRY / ROOFS / PARAPETS / FLOOD ELIMINATION / WINDOWS / GYM FLOOR,Scope,Complete,1/18/2013,6/5/2013,11/20/2013,663906,225542,222402,"DSF0000764372, DSF0000786993, DSF0000786994, DSF0000799953, DSF0000799952, DSF0000821658",663906.0,225542.0,222402.0,2013-01-18,2013-06-05,2013-11-20,0.33971977960735406,168,138,2013,1,2,Manhattan,5.822106593568018,0,0,1,0,0
2,M464,P.S. @ TRINITY PLACE - MANHATTAN,SCA Capacity,NEW SCHOOL,Design,Complete,11/6/2015,5/20/2016,6/26/2017,3365730,4137209,2468969,DSF0000798170,3365730.0,4137209.0,2468969.0,2015-11-06,2016-05-20,2017-06-26,1.2292159501801987,402,196,2015,1,2,Manhattan,6.527079273786779,0,0,0,0,0
2,M464,P.S. @ TRINITY PLACE - MANHATTAN,SCA Capacity,NEW SCHOOL,Scope,Complete,5/14/2015,10/29/2015,11/5/2015,747940,906814,906814,DSF0000798170,747940.0,906814.0,906814.0,2015-05-14,2015-10-29,2015-11-05,1.212415434393133,7,168,2015,1,2,Manhattan,5.873866760011435,0,0,0,0,0
6,M465,HS FOR HEALTH CAREER & SCIENCE - M,SCA CIP,WATER MAIN- BACKFLOW ISSUE,Design,Complete,9/21/2017,6/29/2018,8/8/2018,97900,102428,102428,DSF0000868064,97900.0,102428.0,102428.0,2017-09-21,2018-06-29,2018-08-08,1.0462512768130745,40,281,2017,0,6,Manhattan,4.990782691803138,0,0,0,0,0
6,M465,HS FOR HEALTH CAREER & SCIENCE - M,SCA CIP,IPDVS CAMERA INSTALLATION,Design,Complete,5/29/2018,11/23/2018,10/17/2018,31570,10564,10416,DSF0000868089,31570.0,10564.0,10416.0,2018-05-29,2018-11-23,2018-10-17,0.33462147608489073,-37,178,2018,0,6,Manhattan,4.499274581892218,0,0,0,0,0
6,M465,HS FOR HEALTH CAREER & SCIENCE - M,SCA CIP,CAFETERIA CHILLER,Design,Complete,4/28/2020,9/28/2020,9/24/2020,152225,123857,123857,DSF0000945291,152225.0,123857.0,123857.0,2020-04-28,2020-09-28,2020-09-24,0.8136442765642963,-4,153,2020,0,6,Manhattan,5.18248598272656,0,0,0,0,0
6,M465,HS FOR HEALTH CAREER & SCIENCE - M,SCA CIP,WINDOWS / ROOFS / PARAPETS / EXTERIOR MASONRY,Design,Complete,4/5/2019,9/5/2019,5/16/2019,2257620,652662,638822,"DSF0000876943, DSF0000876941, DSF0000876942, DSF0000876944",2257620.0,652662.0,638822.0,2019-04-05,2019-09-05,2019-05-16,0.2890929385813379,-112,153,2019,0,6,Manhattan,6.353650843792964,0,0,1,0,0
6,M465,HS FOR HEALTH CAREER & SCIENCE - M,SCA CIP,LOW VOLTAGE ELECTRICAL SYSTEM,Scope,Complete,7/8/2019,10/4/2019,10/1/2019,50571,70293,39645,DSF0000899817,50571.0,70293.0,39645.0,2019-07-08,2019-10-04,2019-10-01,1.3899863558165748,-3,88,2019,1,6,Manhattan,4.703901541534225,1,0,0,0,0
6,M465,HS FOR HEALTH CAREER & SCIENCE - M,SCA CIP,WATER MAIN- BACKFLOW ISSUE,Scope,Complete,9/11/2017,9/14/2017,9/21/2017,26700,64756,64756,DSF0000868064,26700.0,64756.0,64756.0,2017-09-11,2017-09-14,2017-09-21,2.425318352059925,7,3,2017,1,6,Manhattan,4.426511261364575,0,0,0,0,0
6,M465,HS FOR HEALTH CAREER & SCIENCE - M,SCA CIP,WINDOWS / ROOFS / PARAPETS / EXTERIOR MASONRY,Scope,Complete,11/15/2018,4/4/2019,4/4/2019,564406,411517,378029,"DSF0000876943, DSF0000876941, DSF0000876942, DSF0000876944",564406.0,411517.0,378029.0,2018-11-15,2019-04-04,2019-04-04,0.7291152113903822,0,140,2018,0,6,Manhattan,5.75159162193745,0,0,1,0,0
6,M465,HS FOR HEALTH CAREER & SCIENCE - M,SCA CIP,CAFETERIA CHILLER,Scope,Complete,4/28/2020,4/28/2020,4/28/2020,30445,29182,29182,DSF0000945291,30445.0,29182.0,29182.0,2020-04-28,2020-04-28,2020-04-28,0.9585153555592051,0,0,2020,0,6,Manhattan,4.483515978390542,0,0,0,0,0
6,M465,HS FOR MEDIA & COMM - MANHATTAN,SCA CIP RESOA,FY17 RESO A ROOM CONVERSIONS/PARTITIONING,Design,Complete,2/7/2018,6/18/2018,5/18/2018,139588,84327,82369,DSF0000844908,139588.0,84327.0,82369.0,2018-02-07,2018-06-18,2018-05-18,0.6041135341146804,-31,131,2018,0,6,Manhattan,5.144848084778639,0,0,0,0,0
6,M465,HS FOR HEALTH CAREER & SCIENCE - M,SCA CIP RESOA,SWIMMING POOLS,Design,Complete,2/25/2014,8/25/2014,10/16/2015,2378478,419126,371170,DSF0000754658,2378478.0,419126.0,371170.0,2014-02-25,2014-08-25,2015-10-16,0.17621605076860075,417,181,2014,1,6,Manhattan,6.3762991387188,0,0,0,0,0
3,M470,THE URBAN ASSEMBLY SCHOOL FOR GREEN CAREERS,SCA CIP,HVAC (BMS) WORK/BACKFLOW PREVENTER & WATER METER,Design,Complete,11/13/2013,5/15/2014,10/27/2014,189433,197295,176701,"DSF0000764431, DSF0000764420",189433.0,197295.0,176701.0,2013-11-13,2014-05-15,2014-10-27,1.0415028004624327,165,183,2013,1,3,Manhattan,5.277455637125061,0,1,0,0,0
3,M470,THE URBAN ASSEMBLY SCHOOL FOR GREEN CAREERS,SCA CIP,HVAC (BMS) WORK/BACKFLOW PREVENTER & WATER METER,Scope,Complete,5/20/2013,9/20/2013,11/4/2013,49058,58339,48364,"DSF0000764431, DSF0000764420",49058.0,58339.0,48364.0,2013-05-20,2013-09-20,2013-11-04,1.189184230910351,45,123,2013,1,3,Manhattan,4.6907098388832305,0,1,0,0,0
3,M470,THE URBAN ASSEMBLY SCHOOL FOR GREEN CAREERS,SCA CIP RESOA,FY17 RESO A ROOM CONVERSIONS/PARTITIONING,Design,Complete,1/31/2018,6/18/2018,5/21/2018,41220,42467,39615,DSF0000844926,41220.0,42467.0,39615.0,2018-01-31,2018-06-18,2018-05-21,1.0302523047064531,-28,138,2018,0,3,Manhattan,4.615107987443194,0,0,0,0,0
2,M471,DISTRICT 2 PRE-K CENTER,SCA CIP,UPE- INTERIOR CONVERSION,Design,Complete,2/15/2019,7/15/2019,5/15/2019,287168,307333,298282,DSF0000890643,287168.0,307333.0,298282.0,2019-02-15,2019-07-15,2019-05-15,1.0702202195230666,-61,150,2019,0,2,Manhattan,5.458136043516961,0,0,0,0,0
2,M471,DISTRICT 2 PRE-K CENTER,SCA CIP,UPE- INTERIOR CONVERSION,Scope,Complete,10/11/2018,3/18/2019,2/6/2019,57434,94539,94161,DSF0000890643,57434.0,94539.0,94161.0,2018-10-11,2019-03-18,2019-02-06,1.6460458961590696,-40,158,2018,1,2,Manhattan,4.759169063842253,0,0,0,0,0
2,M475,HS FOR HEALTH PROF & HUMAN SERV-M,SCA CIP,RPZ BACKFLOW PREVENTION DEVICES / LOW-VOLTAGE ELECTRICAL SYSTEM,Scope,Complete,5/21/2020,1/29/2021,10/27/2020,14481,2015,2015,"DSF0000890579, DSF0000099412",14481.0,2015.0,2015.0,2020-05-21,2021-01-29,2020-10-27,0.13914784890546233,-94,253,2020,0,2,Manhattan,4.1607985535383545,1,0,0,0,0
2,M477,STUYVESANT HS - MANHATTAN,SCA CIP,COOLING TOWER REPLACEMENT / VENTILATION / BMS UPGRADE,Scope,Complete,6/28/2018,10/29/2018,2/27/2019,72665,67336,67336,"DSF0000877020, DSF0000899905, DSF0000945339",72665.0,67336.0,67336.0,2018-06-28,2018-10-29,2019-02-27,0.9266634555838437,121,123,2018,1,2,Manhattan,4.861325277888098,0,0,0,0,0
3,M485,FIORELLO LAGUARDIA HS - MANHATTAN,SCA CIP,PARTIAL ACCESSIBILITY,Design,Complete,7/16/2018,1/3/2019,2/8/2019,214380,183277,164438,DSF0000867085,214380.0,183277.0,164438.0,2018-07-16,2019-01-03,2019-02-08,0.8549165034051683,36,171,2018,0,3,Manhattan,5.331184266586083,0,0,0,0,1
3,M485,FIORELLO LAGUARDIA HS - MANHATTAN,SCA CIP,FIRE SPRINKLER SYSTEM,Scope,Complete,6/22/2020,8/31/2020,8/11/2020,12400,13048,1027,DSF0000945398,12400.0,13048.0,1027.0,2020-06-22,2020-08-31,2020-08-11,1.052258064516129,-20,70,2020,0,3,Manhattan,4.093421685162235,0,0,0,1,0
3,M485,FIORELLO LAGUARDIA HS - MANHATTAN,SCA CIP,PARTIAL ACCESSIBILITY,Scope,Complete,9/8/2017,1/29/2018,1/9/2018,53595,45389,45389,DSF0000867085,53595.0,45389.0,45389.0,2017-09-08,2018-01-29,2018-01-09,0.8468887023043195,-20,143,2017,0,3,Manhattan,4.729124275258121,0,0,0,0,1
3,M485,FIORELLO LAGUARDIA HS - MANHATTAN,SCA CIP RESOA,FY15 RESO A TECHNICAL THEATER SHOP,Design,Complete,7/28/2016,3/28/2017,9/19/2018,285834,553695,351440,DSF0000800083,285834.0,553695.0,351440.0,2016-07-28,2017-03-28,2018-09-19,1.9371208463653729,540,243,2016,1,3,Manhattan,5.4561138869257,0,1,0,0,0
2,M486,J. K. ONASSIS HS FOR INT CAREERS-M,SCA CIP,FLOOD ELIMINATION / PARAPETS / EXTERIOR MASONRY / ROOFS / WINDOWS,Design,Complete,4/12/2019,9/12/2019,6/30/2020,416418,254201,140308,"DSF0000877067, DSF0000877069, DSF0000877070, DSF0000899958, DSF0000899960",416418.0,254201.0,140308.0,2019-04-12,2019-09-12,2020-06-30,0.6104467145992728,292,153,2019,1,2,Manhattan,5.619529493969424,0,0,1,0,0
2,M486,J. K. ONASSIS HS FOR INT CAREERS-M,SCA CIP,FLOOD ELIMINATION / PARAPETS / EXTERIOR MASONRY / ROOFS / WINDOWS,Scope,Complete,10/15/2018,3/5/2019,4/12/2019,85869,179234,179234,"DSF0000877067, DSF0000877069, DSF0000877070, DSF0000899958, DSF0000899960",85869.0,179234.0,179234.0,2018-10-15,2019-03-05,2019-04-12,2.0872957644784496,38,141,2018,1,2,Manhattan,4.933836405288255,0,0,1,0,0
3,M490,HS FOR ARTS & TECHNOLOGY - M,SCA CIP,FY16 RESO A TERRACE SURFACING AND PAVEMENTS / ROOFS / WINDOWS,"CM,F&E",Complete,8/6/2018,8/4/2020,12/10/2020,1215959,483890,459095,"DSF0000822834, DSF0000832537, DSF0000877090",1215959.0,483890.0,459095.0,2018-08-06,2020-08-04,2020-12-10,0.3979492729606837,128,729,2018,1,3,Manhattan,6.084918931537087,0,0,1,0,0
3,M490,HS FOR ARTS & TECHNOLOGY - M,SCA CIP,FY16 RESO A TERRACE SURFACING AND PAVEMENTS / ROOFS / WINDOWS,Construction,Complete,8/6/2018,8/4/2020,12/10/2020,16501566,15522980,13736787,"DSF0000822834, DSF0000832537, DSF0000877090",16501566.0,15522980.0,13736787.0,2018-08-06,2020-08-04,2020-12-10,0.9406973859329472,128,729,2018,1,3,Manhattan,7.21752516075249,0,0,1,0,0
3,M490,HS FOR ARTS & TECHNOLOGY - M,SCA CIP,FY16 RESO A TERRACE SURFACING AND PAVEMENTS / ROOFS / WINDOWS,Design,Complete,1/3/2018,7/2/2018,5/17/2018,925935,520001,433939,"DSF0000822834, DSF0000832537, DSF0000877090",925935.0,520001.0,433939.0,2018-01-03,2018-07-02,2018-05-17,0.5615955763633517,-46,180,2018,0,3,Manhattan,5.966580500578118,0,0,1,0,0
3,M490,HS FOR ARTS & TECHNOLOGY - M,SCA CIP,FY16 RESO A TERRACE SURFACING AND PAVEMENTS / ROOFS / WINDOWS,Scope,Complete,12/21/2015,5/31/2017,6/21/2017,233879,166408,165615,"DSF0000822834, DSF0000832537, DSF0000877090",233879.0,166408.0,165615.0,2015-12-21,2017-05-31,2017-06-21,0.7115132183736035,21,527,2015,0,3,Manhattan,5.36899122824969,0,0,1,0,0
3,M506,EDWARD A. REYNOLDS WEST SIDE HS-M,SCA CIP,ROOFS / PARAPETS / EXTERIOR MASONRY,Design,Complete,2/28/2019,7/30/2019,5/17/2019,374973,286021,223328,"DSF0000877141, DSF0000877142, DSF0000877143",374973.0,286021.0,223328.0,2019-02-28,2019-07-30,2019-05-17,0.7627775866529056,-74,152,2019,0,3,Manhattan,5.573999997399277,0,0,1,0,0
3,M506,EDWARD A. REYNOLDS WEST SIDE HS-M,SCA CIP,ROOFS / PARAPETS / EXTERIOR MASONRY,Scope,Complete,10/24/2018,3/14/2019,2/28/2019,94585,99593,99511,"DSF0000877141, DSF0000877142, DSF0000877143",94585.0,99593.0,99511.0,2018-10-24,2019-03-14,2019-02-28,1.05294708463287,-14,141,2018,0,3,Manhattan,4.975822268180293,0,0,1,0,0
1,M510,SATELLITE AT FORSYTHE,SCA CIP,PARAPET / FLOOD ELIMINATION / EXTERIOR MASONRY / ROOFS,Design,Complete,2/21/2018,7/23/2018,5/18/2018,597481,580580,549147,"DSF0000877157, DSF0000877154, DSF0000877158, DSF0000877156",597481.0,580580.0,549147.0,2018-02-21,2018-07-23,2018-05-18,0.9717129080255271,-66,152,2018,0,1,Manhattan,5.776324099199496,0,0,1,0,0
1,M510,SATELLITE AT FORSYTHE,SCA CIP,PARAPET / FLOOD ELIMINATION / EXTERIOR MASONRY / ROOFS,Scope,Complete,9/6/2017,3/6/2018,1/4/2018,149370,104625,85623,"DSF0000877157, DSF0000877154, DSF0000877158, DSF0000877156",149370.0,104625.0,85623.0,2017-09-06,2018-03-06,2018-01-04,0.7004418557943363,-61,181,2017,0,1,Manhattan,5.1742633809951215,0,0,1,0,0
2,M520,BERGTRAUM HS - MANHATTAN,SCA CIP,SCIENCE LAB UPGRADE / FIRE ALARM SYSTEMS,"CM,F&E",Complete,6/19/2017,12/10/2018,12/31/2020,770126,989877,984352,"DSF0000810567, DSF0000832617",770126.0,989877.0,984352.0,2017-06-19,2018-12-10,2020-12-31,1.2853442164009525,752,539,2017,1,2,Manhattan,5.886561785728361,0,0,0,1,0
2,M520,BERGTRAUM HS - MANHATTAN,SCA CIP,SCIENCE LAB UPGRADE / FIRE ALARM SYSTEMS,Construction,Complete,6/19/2017,12/10/2018,12/31/2020,9135619,8633408,8423099,"DSF0000810567, DSF0000832617",9135619.0,8633408.0,8423099.0,2017-06-19,2018-12-10,2020-12-31,0.9450271514168881,752,539,2017,1,2,Manhattan,6.9607379790751605,0,0,0,1,0
2,M520,BERGTRAUM HS - MANHATTAN,SCA CIP,PUBLIC ADDRESS & CLOCK SYSTEMS,Design,Complete,7/11/2018,12/12/2018,12/24/2018,128820,110489,108415,DSF0000888912,128820.0,110489.0,108415.0,2018-07-11,2018-12-12,2018-12-24,0.8577006675981991,12,154,2018,0,2,Manhattan,5.109983294819893,0,0,0,0,0
2,M520,BERGTRAUM HS - MANHATTAN,SCA CIP,IPDVS CAMERA INSTALLATION,Design,Complete,5/16/2018,11/9/2018,8/1/2018,36515,17890,17818,DSF0000868092,36515.0,17890.0,17818.0,2018-05-16,2018-11-09,2018-08-01,0.489935642886485,-100,177,2018,0,2,Manhattan,4.5624713049774686,0,0,0,0,0
2,M520,BERGTRAUM HS - MANHATTAN,SCA CIP,SCIENCE LAB UPGRADE / FIRE ALARM SYSTEMS,Design,Complete,8/19/2015,1/25/2016,3/15/2017,518627,658736,453385,"DSF0000810567, DSF0000832617",518627.0,658736.0,453385.0,2015-08-19,2016-01-25,2017-03-15,1.2701536942735339,415,159,2015,1,2,Manhattan,5.714855122625728,0,0,0,1,0
2,M520,BERGTRAUM HS - MANHATTAN,SCA CIP,SCIENCE LAB UPGRADE / FIRE ALARM SYSTEMS,Scope,Complete,4/29/2015,8/13/2015,8/12/2015,131296,73162,73162,"DSF0000810567, DSF0000832617",131296.0,73162.0,73162.0,2015-04-29,2015-08-13,2015-08-12,0.5572294662442115,-1,106,2015,0,2,Manhattan,5.1182514952868186,0,0,0,1,0
2,M520,BERGTRAUM HS - MANHATTAN,SCA CIP,PUBLIC ADDRESS & CLOCK SYSTEMS,Scope,Complete,3/16/2018,6/14/2018,5/24/2018,32205,27453,27453,DSF0000888912,32205.0,27453.0,27453.0,2018-03-16,2018-06-14,2018-05-24,0.8524452724732184,-21,90,2018,0,2,Manhattan,4.50792330349193,0,0,0,0,0
6,M540,A. PHILIP RANDOLPH HS -MANHATTAN,SCA CIP,ELECTRICAL WORK FOR A/C INITIATIVE,Design,Complete,2/20/2019,7/22/2019,5/8/2019,38170,23663,22358,DSF0000868288,38170.0,23663.0,22358.0,2019-02-20,2019-07-22,2019-05-08,0.6199371233953367,-75,152,2019,0,6,Manhattan,4.5817221599490985,1,0,0,0,0
6,M540,A. PHILIP RANDOLPH HS -MANHATTAN,SCA CIP,ENY GREENHOUSE,Design,Complete,5/10/2017,10/11/2017,6/7/2018,77290,249759,230295,DSF0000865808,77290.0,249759.0,230295.0,2017-05-10,2017-10-11,2018-06-07,3.231452969336266,239,154,2017,1,6,Manhattan,4.888123307297908,0,0,0,0,0
6,M540,A. PHILIP RANDOLPH HS -MANHATTAN,SCA CIP,EXTERIOR MASONRY / FLOOD ELIMINATION / PARAPETS / ROOFS,Design,Complete,5/23/2016,3/30/2017,2/28/2017,3893880,1292152,1249399,"DSF0000775750, DSF0000832675, DSF0000844100, DSF0000832677",3893880.0,1292152.0,1249399.0,2016-05-23,2017-03-30,2017-02-28,0.33184176194438453,-30,311,2016,0,6,Manhattan,6.59038256348066,0,0,1,0,0
6,M540,A. PHILIP RANDOLPH HS -MANHATTAN,SCA CIP,ENY GREENHOUSE,Scope,Complete,1/24/2017,5/9/2017,4/21/2017,19323,26126,26126,DSF0000865808,19323.0,26126.0,26126.0,2017-01-24,2017-05-09,2017-04-21,1.352067484345081,-18,105,2017,1,6,Manhattan,4.286074553875573,0,0,0,0,0
6,M540,A. PHILIP RANDOLPH HS -MANHATTAN,SCA CIP,EXTERIOR MASONRY / FLOOD ELIMINATION / PARAPETS / ROOFS,Scope,Complete,1/18/2013,6/5/2013,1/15/2014,973470,872608,871860,"DSF0000775750, DSF0000832675, DSF0000844100, DSF0000832677",973470.0,872608.0,871860.0,2013-01-18,2013-06-05,2014-01-15,0.8963892056252376,224,138,2013,1,6,Manhattan,5.988322572152698,0,0,1,0,0
6,M540,A. PHILIP RANDOLPH HS -MANHATTAN,SCA CIP,ELECTRICAL WORK FOR A/C INITIATIVE,Scope,Complete,1/15/2019,5/16/2019,2/20/2019,10410,5585,5585,DSF0000868288,10410.0,5585.0,5585.0,2019-01-15,2019-05-16,2019-02-20,0.5365033621517772,-85,121,2019,0,6,Manhattan,4.017450729510536,1,0,0,0,0
2,M600,FASHION INDUSTRIES VOC HS - M,SCA CIP,EXTERIOR MASONRY / PARAPETS / FLOOD ELIMINATION,Design,Complete,8/22/2016,1/26/2017,5/8/2017,1019987,525473,499592,"DSF0000787330, DSF0000787328, DSF0000832702",1019987.0,525473.0,499592.0,2016-08-22,2017-01-26,2017-05-08,0.51517617381398,102,157,2016,1,2,Manhattan,6.008594636600894,0,0,1,0,0
2,M600,FASHION INDUSTRIES VOC HS - M,SCA CIP,EXTERIOR MASONRY / PARAPETS / FLOOD ELIMINATION,Scope,Complete,9/3/2015,1/25/2016,2/2/2016,256466,98271,98271,"DSF0000787330, DSF0000787328, DSF0000832702",256466.0,98271.0,98271.0,2015-09-03,2016-01-25,2016-02-02,0.3831735980597818,8,144,2015,0,2,Manhattan,5.409029798332376,0,0,1,0,0
2,M620,MURRAY HILL ACADEMY HS - M,SCA CIP,EXTERIOR MASONRY / FLOOD ELIMINATION / ROOFS / PARAPETS / WINDOWS,Design,Complete,10/10/2018,3/15/2019,5/2/2019,1030274,501255,479944,"DSF0000822668, DSF0000891037, DSF0000877297, DSF0000877298, DSF0000877299",1030274.0,501255.0,479944.0,2018-10-10,2019-03-15,2019-05-02,0.4865259144654723,48,156,2018,0,2,Manhattan,6.012952740106273,0,0,1,0,0
2,M620,MURRAY HILL ACADEMY HS - M,SCA CIP,EMERGENCY GENERATOR / LOW-VOLTAGE ELECTRICAL SYSTEM / FIRE SYSTEM SPRINKLERS,Design,Complete,10/10/2018,3/15/2019,5/10/2019,1035960,435419,435419,"DSF0000832752, DSF0000877293, DSF0000877313",1035960.0,435419.0,435419.0,2018-10-10,2019-03-15,2019-05-10,0.42030483802463414,56,156,2018,0,2,Manhattan,6.015342986958783,1,0,0,1,0
2,M620,MURRAY HILL ACADEMY HS - M,SCA CIP,EMERGENCY GENERATOR / LOW-VOLTAGE ELECTRICAL SYSTEM / FIRE SYSTEM SPRINKLERS,Scope,Complete,11/23/2016,3/29/2017,4/20/2017,258990,138492,138492,"DSF0000832752, DSF0000877293, DSF0000877313",258990.0,138492.0,138492.0,2016-11-23,2017-03-29,2017-04-20,0.5347387930035908,22,126,2016,0,2,Manhattan,5.41328299563082,1,0,0,1,0
2,M620,MURRAY HILL ACADEMY HS - M,SCA CIP,EXTERIOR MASONRY / FLOOD ELIMINATION / ROOFS / PARAPETS / WINDOWS,Scope,Complete,10/2/2015,2/23/2016,4/25/2016,258548,199865,195328,"DSF0000822668, DSF0000891037, DSF0000877297, DSF0000877298, DSF0000877299",258548.0,199865.0,195328.0,2015-10-02,2016-02-23,2016-04-25,0.7730286059068335,62,144,2015,0,2,Manhattan,5.4125411826328484,0,0,1,0,0
2,M625,HS OF GRAPHIC COMM. ARTS (VOC)-M,SCA CIP,EXTERIOR MASONRY / ROOFS / PARAPETS,"CM,F&E",Complete,8/28/2017,2/18/2019,9/30/2020,535430,967943,962142,"DSF0000810708, DSF0000844140, DSF0000844141",535430.0,967943.0,962142.0,2017-08-28,2019-02-18,2020-09-30,1.8077862652447565,590,539,2017,1,2,Manhattan,5.728702700936549,0,0,1,0,0
2,M625,HS OF GRAPHIC COMM. ARTS (VOC)-M,SCA CIP,EXTERIOR MASONRY / ROOFS / PARAPETS,Construction,Complete,8/28/2017,2/18/2019,9/30/2020,8605125,9753572,9976695,"DSF0000810708, DSF0000844140, DSF0000844141",8605125.0,9753572.0,9976695.0,2017-08-28,2019-02-18,2020-09-30,1.1334608155023895,590,539,2017,1,2,Manhattan,6.9347571833696735,0,0,1,0,0
2,M625,HS OF GRAPHIC COMM. ARTS (VOC)-M,SCA CIP,EXTERIOR MASONRY / ROOFS / PARAPETS,Design,Complete,6/22/2016,11/23/2016,3/7/2017,458939,570592,550737,"DSF0000810708, DSF0000844140, DSF0000844141",458939.0,570592.0,550737.0,2016-06-22,2016-11-23,2017-03-07,1.2432850553123618,104,154,2016,1,2,Manhattan,5.661754965005864,0,0,1,0,0
2,M625,HS OF GRAPHIC COMM. ARTS (VOC)-M,SCA CIP,EXTERIOR MASONRY / ROOFS / PARAPETS,Scope,Complete,9/4/2015,1/26/2016,5/18/2016,114735,163294,159428,"DSF0000810708, DSF0000844140, DSF0000844141",114735.0,163294.0,159428.0,2015-09-04,2016-01-26,2016-05-18,1.4232274371377522,113,144,2015,1,2,Manhattan,5.059695919977973,0,0,1,0,0
2,M625,THE BUSINESS OF SPORTS SCHOOL,SCA CIP,CHARTER MATCH AUDITORIUM UPGRADE,Scope,Complete,9/25/2019,1/30/2020,3/31/2020,26292,14781,14781,DSF0000900213,26292.0,14781.0,14781.0,2019-09-25,2020-01-30,2020-03-31,0.562186216339571,61,127,2019,0,2,Manhattan,4.41982362360833,0,0,0,0,0
2,M634,NEW YORK HARBOR SCHOOL ANNEX - MANHATTAN,OUTROS,LEASE,Design,Complete,10/28/2014,4/15/2015,4/19/2019,1934197,2263213,2253741,DSF0000800281,1934197.0,2263213.0,2253741.0,2014-10-28,2015-04-15,2019-04-19,1.1701046997798052,1465,169,2014,1,2,Manhattan,6.286500705349776,0,0,0,0,0
2,M634,NEW YORK HARBOR SCHOOL ANNEX - MANHATTAN,OUTROS,LEASE,Scope,Complete,9/16/2014,10/31/2014,10/27/2014,429822,813921,813908,DSF0000800281,429822.0,813921.0,813908.0,2014-09-16,2014-10-31,2014-10-27,1.8936234068986697,-4,45,2014,1,2,Manhattan,5.633288640643744,0,0,0,0,0
2,M641,CITY-AS-SCHOOL - MANHATTAN,SCA CIP,FLOOD ELIMINATION / WINDOWS / EXTERIOR MASONRY / AUDITORIUM DUCTWORK / AUDITORIUM UPGRADE / PARAPETS / PATH OF TRAVEL AUDITORIUM UPGRADE / ROOFS,Scope,Complete,6/19/2019,11/4/2019,1/30/2020,219639,254054,242443,"DSF0000900222, DSF0000900224, DSF0000900225, DSF0000900234, DSF0000945688, DSF0000945680, DSF0000960728, DSF0000945679",219639.0,254054.0,242443.0,2019-06-19,2019-11-04,2020-01-30,1.156688930472275,87,138,2019,1,2,Manhattan,5.341709457731427,0,0,1,0,1
2,M645,LIFE SCIENCE SECONDARY SCHOOL - M,SCA CIP,HAZARDOUS-FACADE REPAIR,Design,Complete,3/16/2017,9/15/2017,6/7/2017,175651,176126,175104,DSF0000866156,175651.0,176126.0,175104.0,2017-03-16,2017-09-15,2017-06-07,1.0027042259935897,-100,183,2017,0,2,Manhattan,5.244650626620191,0,0,1,0,0
2,M645,LIFE SCIENCE SECONDARY SCHOOL - M,SCA CIP,HAZARDOUS-FACADE REPAIR,Scope,Complete,8/12/2015,4/28/2016,12/3/2015,43913,43706,43706,DSF0000866156,43913.0,43706.0,43706.0,2015-08-12,2016-04-28,2015-12-03,0.9952861339466673,-147,260,2015,0,2,Manhattan,4.6425931077703,0,0,1,0,0
2,M661,OLD MABLE DEAN BACON VOC HS AX,SCA CIP,WORK REQUIRED TO OBTAIN C OF O,Design,Complete,9/16/2008,10/30/2008,9/16/2008,55000,174162,159277,DSF0000622222,55000.0,174162.0,159277.0,2008-09-16,2008-10-30,2008-09-16,3.166581818181818,-44,44,2008,1,2,Manhattan,4.740362689494244,0,0,0,0,0
2,M661,MNHT COMPR. NIGHT & DAY HS - M,SCA CIP,FACADE REMEDIATION / WINDOWS / PARAPETS / FLOOD ELIMINATION,Design,Complete,3/4/2020,8/3/2020,6/30/2020,152464,72141,70106,"DSF0000961180, DSF0000960822, DSF0000945755, DSF0000945753",152464.0,72141.0,70106.0,2020-03-04,2020-08-03,2020-06-30,0.4731674362472453,-34,152,2020,0,2,Manhattan,5.183167309603889,0,0,1,0,0
2,M661,OLD MABLE DEAN BACON VOC HS AX,SCA CIP,WORK REQUIRED TO OBTAIN C OF O,Scope,Complete,7/22/2008,9/8/2008,9/16/2008,15000,34559,34402,DSF0000622222,15000.0,34559.0,34402.0,2008-07-22,2008-09-08,2008-09-16,2.303933333333333,8,48,2008,1,2,Manhattan,4.176091259055681,0,0,0,0,0
2,M661,MNHT COMPR. NIGHT & DAY HS - M,SCA CIP,PATH OF TRAVEL FLOOD ELIMINATION,Scope,Complete,4/17/2020,7/8/2020,6/22/2020,10155,10155,566,DSF0000960823,10155.0,10155.0,566.0,2020-04-17,2020-07-08,2020-06-22,1.0,-16,82,2020,0,2,Manhattan,4.006679927740826,0,0,0,0,1
2,M661,MNHT COMPR. NIGHT & DAY HS - M,SCA CIP,FACADE REMEDIATION / WINDOWS / PARAPETS / FLOOD ELIMINATION,Scope,Complete,3/7/2019,7/8/2019,2/26/2020,33881,23685,23685,"DSF0000961180, DSF0000960822, DSF0000945755, DSF0000945753",33881.0,23685.0,23685.0,2019-03-07,2019-07-08,2020-02-26,0.6990643723620908,233,123,2019,1,2,Manhattan,4.529956220078762,0,0,1,0,0
2,M816,P.S. 527 - MANHATTAN,SCA CIP RESOA,FY20 RESO A IPDVS CAMERA INSTALLATION,Design,Complete,4/3/2020,9/28/2020,5/29/2020,18233,16583,16583,DSF0000913351,18233.0,16583.0,16583.0,2020-04-03,2020-09-28,2020-05-29,0.9095047441452312,-122,178,2020,0,2,Manhattan,4.2608581319711405,0,0,0,0,0
2,M824,MILLENNIUM HS - MANHATTAN,SCA CIP,UPE - INTERIOR CONVERSION / IPDVS CAMERA INSTALLATION,Design,Complete,7/24/2019,12/26/2019,12/5/2019,453129,853617,695608,"SCA0000049166, DSF0000960503",453129.0,853617.0,695608.0,2019-07-24,2019-12-26,2019-12-05,1.88382778414094,-21,155,2019,1,2,Manhattan,5.6562218576701255,0,0,0,0,0
2,M824,MILLENNIUM HS - MANHATTAN,SCA CIP,UPE - INTERIOR CONVERSION / IPDVS CAMERA INSTALLATION,Scope,Complete,5/20/2019,9/23/2019,7/18/2019,91133,228954,219157,"SCA0000049166, DSF0000960503",91133.0,228954.0,219157.0,2019-05-20,2019-09-23,2019-07-18,2.512306189854389,-67,126,2019,1,2,Manhattan,4.959675667014423,0,0,0,0,0
3,M841,M811 SPED - MANHATTAN,SCA CIP,EXTERIOR MASONRY / FLOOD ELIMINATION,Design,Complete,1/10/2018,7/10/2018,5/15/2018,415762,376493,246836,"DSF0000877456, DSF0000877454",415762.0,376493.0,246836.0,2018-01-10,2018-07-10,2018-05-15,0.9055493287024788,-56,181,2018,0,3,Manhattan,5.618844792969303,0,0,1,0,0
3,M841,M811 SPED - MANHATTAN,SCA CIP,EXTERIOR MASONRY / FLOOD ELIMINATION,Scope,Complete,6/22/2017,12/22/2017,10/31/2017,105940,84773,84773,"DSF0000877456, DSF0000877454",105940.0,84773.0,84773.0,2017-06-22,2017-12-22,2017-10-31,0.8001982254106098,-52,183,2017,0,3,Manhattan,5.025059968599579,0,0,1,0,0
6,M845,P.S. 98 - MANHATTAN,SCA CIP RESOA,FY18 RESO A PLAYGROUNDS,Design,Complete,2/20/2018,7/5/2018,5/17/2018,19838,29392,29376,DSF0000866364,19838.0,29392.0,29376.0,2018-02-20,2018-07-05,2018-05-17,1.4816009678395,-49,135,2018,1,6,Manhattan,4.297497885925698,0,0,0,0,0
6,M847,P.S. 152 - MANHATTAN,SCA CIP,DEMOLITION OF MINI BUILDING,Design,Complete,10/16/2018,3/6/2019,4/29/2019,81077,175592,175592,DSF0000888968,81077.0,175592.0,175592.0,2018-10-16,2019-03-06,2019-04-29,2.1657436757650137,54,141,2018,1,6,Manhattan,4.908897670613596,0,0,0,0,0
6,M847,P.S. 152 - MANHATTAN,SCA CIP,DEMOLITION OF MINI BUILDING,Scope,Complete,6/25/2018,9/24/2018,10/9/2018,20269,68408,68393,DSF0000888968,20269.0,68408.0,68393.0,2018-06-25,2018-09-24,2018-10-09,3.3750061670531353,15,91,2018,1,6,Manhattan,4.306832322684375,0,0,0,0,0
6,M876,GREGORIO LUPERON PREP. SCHOOL - M,SCA CIP RESOA,FY19 RESO A SCIENCE LAB UPGRADE,Design,Complete,12/7/2018,6/12/2019,5/13/2019,322249,215144,201265,DSF0000890615,322249.0,215144.0,201265.0,2018-12-07,2019-06-12,2019-05-13,0.6676327932747658,-30,187,2018,0,6,Manhattan,5.508191578329069,0,0,0,0,0
30,Q002,P.S. 2 - QUEENS,SCA Capacity,ADDITION / DEMOLITION,Design,Complete,7/25/2018,1/31/2019,3/1/2019,2439437,2566452,1619789,"DSF0000888778, DSF0000888778",2439437.0,2566452.0,1619789.0,2018-07-25,2019-01-31,2019-03-01,1.052067341767793,29,190,2018,0,30,Queens,6.3872896066640426,0,0,0,0,0
30,Q002,P.S. 2 - QUEENS,SCA Capacity,ADDITION / DEMOLITION,Scope,Complete,2/5/2018,7/24/2018,7/24/2018,762324,520432,512349,"DSF0000888778, DSF0000888778",762324.0,520432.0,512349.0,2018-02-05,2018-07-24,2018-07-24,0.6826913490851659,0,169,2018,0,30,Queens,5.882139592738011,0,0,0,0,0
24,Q005,I.S. 5 - QUEENS,SCA CIP,PUBLIC ADDRESS SYSTEM / HVAC,Design,Complete,11/13/2014,4/17/2015,8/21/2015,282600,549219,522860,"DSF0000800040, DSF0000800039",282600.0,549219.0,522860.0,2014-11-13,2015-04-17,2015-08-21,1.9434501061571126,126,155,2014,1,24,Queens,5.45117215751254,0,1,0,0,0
24,Q005,I.S. 5 - QUEENS,SCA CIP,PUBLIC ADDRESS SYSTEM / HVAC,Scope,Complete,6/12/2014,9/11/2014,11/5/2014,70650,59831,59831,"DSF0000800040, DSF0000800039",70650.0,59831.0,59831.0,2014-06-12,2014-09-11,2014-11-05,0.8468648266100496,55,91,2014,0,24,Queens,4.849112166184577,0,1,0,0,0
24,Q005,I.S. 5 - QUEENS,SCA CIP RESOA,FY19 RESO A AUDITORIUM UPGRADE,Design,Complete,3/13/2019,8/12/2019,5/19/2020,36000,33023,32344,DSF0000890683,36000.0,33023.0,32344.0,2019-03-13,2019-08-12,2020-05-19,0.9173055555555556,281,152,2019,1,24,Queens,4.556302500767287,0,0,0,0,0
24,Q007,P.S. 7 - QUEENS,SCA CIP,CLIMATE CONTROL / LOW VOLTAGE ELECTRICAL SYSTEM,Design,Complete,4/19/2017,9/19/2017,10/16/2017,598500,674167,541191,"DSF0000843863, DSF0000855070",598500.0,674167.0,541191.0,2017-04-19,2017-09-19,2017-10-16,1.1264277360066834,27,153,2017,1,24,Queens,5.77706415474243,1,1,0,0,0
24,Q007,P.S. 7 - QUEENS,SCA CIP,CLIMATE CONTROL / LOW VOLTAGE ELECTRICAL SYSTEM,Scope,Complete,4/1/2016,8/31/2016,2/28/2017,149625,265783,264018,"DSF0000843863, DSF0000855070",149625.0,265783.0,264018.0,2016-04-01,2016-08-31,2017-02-28,1.776327485380117,181,152,2016,1,24,Queens,5.175004163414467,1,1,0,0,0
24,Q009,Q009 SPED - QUEENS,SCA CIP,EXTERIOR MASONRY / PARAPETS / FLOOD ELIMINATION / PARTIAL ACCESSIBILITY / FIRE ALARM / ROOFS,Design,Complete,2/22/2012,7/23/2012,5/8/2012,774063,606243,592348,"DSF0000720934, DSF0000720933, DSF0000720930, DSF0000799910, DSF0000811101, DSF0000877706",774063.0,606243.0,592348.0,2012-02-22,2012-07-23,2012-05-08,0.7831959414156212,-76,152,2012,0,24,Queens,5.888776308795179,0,0,1,1,1
24,Q009,Q009 SPED - QUEENS,SCA CIP,EXTERIOR MASONRY / PARAPETS / FLOOD ELIMINATION / PARTIAL ACCESSIBILITY / FIRE ALARM / ROOFS,Scope,Complete,9/26/2011,2/14/2012,2/15/2012,198202,173985,173985,"DSF0000720934, DSF0000720933, DSF0000720930, DSF0000799910, DSF0000811101, DSF0000877706",198202.0,173985.0,173985.0,2011-09-26,2012-02-14,2012-02-15,0.8778165709730477,1,141,2011,0,24,Queens,5.297108032513441,0,0,1,1,1
24,Q009,Q009 SPED - QUEENS,SCA CIP RESOA,FY16 RESO A SUPPLEMENTAL COOLING / FY18 RESO A AUDITORIUM UPGRADE,Design,Complete,7/16/2018,12/17/2018,2/15/2019,87839,140510,122801,"DSF0000822710, DSF0000867261",87839.0,140510.0,122801.0,2018-07-16,2018-12-17,2019-02-15,1.5996311433417958,60,154,2018,1,24,Queens,4.943687382923936,0,0,0,0,0
24,Q012,P.S. 12 - QUEENS,SCA CIP,FLOOD ELIMINATION / ROOFS / PARAPETS / EXTERIOR MASONRY / WINDOWS,Design,Complete,12/18/2019,5/20/2020,6/30/2020,376610,257170,244083,"DSF0000900613, DSF0000900615, DSF0000900616, DSF0000900617, DSF0000960660",376610.0,257170.0,244083.0,2019-12-18,2020-05-20,2020-06-30,0.6828549427790022,41,154,2019,0,24,Queens,5.575891847510599,0,0,1,0,0
24,Q012,P.S. 12 - QUEENS,SCA CIP,FLOOD ELIMINATION / ROOFS / PARAPETS / EXTERIOR MASONRY / WINDOWS,Scope,Complete,8/2/2019,12/19/2019,12/11/2019,77524,98262,98262,"DSF0000900613, DSF0000900615, DSF0000900616, DSF0000900617, DSF0000960660",77524.0,98262.0,98262.0,2019-08-02,2019-12-19,2019-12-11,1.267504256746298,-8,139,2019,1,24,Queens,4.889436172880561,0,0,1,0,0
24,Q013,P.S. 13 - QUEENS,SCA CIP,FLOOD ELIMINATION / PARAPETS / EXTERIOR MASONRY / WINDOWS / ROOFS,Design,Complete,12/2/2019,6/15/2020,5/4/2020,859962,380801,380801,"DSF0000900624, DSF0000900626, DSF0000900627, DSF0000960710, DSF0000946117",859962.0,380801.0,380801.0,2019-12-02,2020-06-15,2020-05-04,0.44281142655140576,-42,196,2019,0,24,Queens,5.9344792610634185,0,0,1,0,0
24,Q013,P.S. 13 - QUEENS,SCA CIP,FLOOD ELIMINATION / PARAPETS / EXTERIOR MASONRY / WINDOWS / ROOFS,Scope,Complete,6/24/2019,12/20/2019,11/19/2019,173356,267285,243030,"DSF0000900624, DSF0000900626, DSF0000900627, DSF0000960710, DSF0000946117",173356.0,267285.0,243030.0,2019-06-24,2019-12-20,2019-11-19,1.5418272225939684,-31,179,2019,1,24,Queens,5.23893887755744,0,0,1,0,0
30,Q017,P.S. 17 - QUEENS,SCA CIP,PLANYC BOILER CONVERSION / PLANYC CLIMATE CONTROL,Design,Complete,10/16/2019,3/20/2020,4/17/2020,421357,215329,208580,"DSF0000912541, DSF0000900680",421357.0,215329.0,208580.0,2019-10-16,2020-03-20,2020-04-17,0.5110369591581485,28,156,2019,0,30,Queens,5.62465021324746,0,1,0,0,0
30,Q017,P.S. 17 - QUEENS,SCA CIP,PLANYC BOILER CONVERSION / PLANYC CLIMATE CONTROL,Scope,Complete,6/18/2019,11/19/2019,10/2/2019,84271,65253,65253,"DSF0000912541, DSF0000900680",84271.0,65253.0,65253.0,2019-06-18,2019-11-19,2019-10-02,0.7743233140700834,-48,154,2019,0,30,Queens,4.925678147497901,0,1,0,0,0
26,Q018,P.S. 18 - QUEENS,SCA CIP,PLANYC BOILER CONVERSION / PLANYC CLIMATE CONTROL,Design,Complete,5/27/2020,10/27/2020,8/19/2020,437165,242065,180029,"DSF0000960646, DSF0000960647",437165.0,242065.0,180029.0,2020-05-27,2020-10-27,2020-08-19,0.5537154163759679,-69,153,2020,0,26,Queens,5.640645384486886,0,1,0,0,0
26,Q018,P.S. 18 - QUEENS,SCA CIP,PLANYC BOILER CONVERSION / PLANYC CLIMATE CONTROL,Scope,Complete,1/21/2020,6/19/2020,5/27/2020,87433,55770,55770,"DSF0000960646, DSF0000960647",87433.0,55770.0,55770.0,2020-01-21,2020-06-19,2020-05-27,0.6378598469685359,-23,150,2020,0,26,Queens,4.941675380150867,0,1,0,0,0
25,Q020,P.S. 20 - QUEENS,SCA CIP,FLOOD ELIMINATION / EXTERIOR MASONRY / ROOFS / PARAPETS,Design,Complete,3/21/2018,8/20/2018,5/18/2018,407457,386051,370735,"DSF0000877872, DSF0000877874, DSF0000889087, DSF0000877873",407457.0,386051.0,370735.0,2018-03-21,2018-08-20,2018-05-18,0.9474643950159158,-94,152,2018,0,25,Queens,5.610081783264756,0,0,1,0,0
25,Q020,P.S. 20 - QUEENS,SCA CIP,FIRE ALARM SYSTEM / MECHANICAL SYSTEMS REPAIR / CERTIFICATE OF OCCUPANCY,Design,Complete,4/20/2018,10/22/2018,5/16/2019,564660,527986,380439,"DSF0000765327, DSF0000787947, DSF0000867109",564660.0,527986.0,380439.0,2018-04-20,2018-10-22,2019-05-16,0.9350511812418092,206,185,2018,1,25,Queens,5.751787023801051,0,0,0,1,0
25,Q020,P.S. 20 - QUEENS,SCA CIP,FLOOD ELIMINATION / EXTERIOR MASONRY / ROOFS / PARAPETS,Scope,Complete,12/18/2017,5/4/2018,3/21/2018,103128,89163,89163,"DSF0000877872, DSF0000877874, DSF0000889087, DSF0000877873",103128.0,89163.0,89163.0,2017-12-18,2018-05-04,2018-03-21,0.8645857575052363,-44,137,2017,0,25,Queens,5.013376595395509,0,0,1,0,0
25,Q020,P.S. 20 - QUEENS,SCA CIP,FIRE ALARM SYSTEM / MECHANICAL SYSTEMS REPAIR / CERTIFICATE OF OCCUPANCY,Scope,Complete,7/23/2013,12/18/2017,12/18/2017,141166,69689,69689,"DSF0000765327, DSF0000787947, DSF0000867109",141166.0,69689.0,69689.0,2013-07-23,2017-12-18,2017-12-18,0.4936670303047476,0,1609,2013,0,25,Queens,5.149730108964738,0,0,0,1,0
25,Q021,P.S. 21 - QUEENS,SCA CIP,PLANYC BOILER CONVERSION / PLANYC CLIMATE CONTROL,Design,Complete,9/25/2019,3/2/2020,1/23/2020,368252,278322,267071,"DSF0000912543, DSF0000912544",368252.0,278322.0,267071.0,2019-09-25,2020-03-02,2020-01-23,0.7557922292343286,-39,159,2019,0,25,Queens,5.566145114201987,0,1,0,0,0
25,Q021,P.S. 21 - QUEENS,SCA CIP,PLANYC BOILER CONVERSION / PLANYC CLIMATE CONTROL,Scope,Complete,6/27/2019,11/29/2019,9/18/2019,73650,57254,57254,"DSF0000912543, DSF0000912544",73650.0,57254.0,57254.0,2019-06-27,2019-11-29,2019-09-18,0.7773794976238968,-72,155,2019,0,25,Queens,4.86717275117865,0,1,0,0,0
25,Q022,P.S. 22 - QUEENS,SCA CIP,TCU REMOVAL/PLAYGROUND REDEVELOPMENT,Design,Complete,1/3/2019,5/20/2019,2/28/2020,55777,66852,65272,DSF0000888913,55777.0,66852.0,65272.0,2019-01-03,2019-05-20,2020-02-28,1.1985585456370906,284,137,2019,1,25,Queens,4.746455151764321,0,0,0,0,0
25,Q022,P.S. 22 - QUEENS,SCA CIP,TCU REMOVAL/PLAYGROUND REDEVELOPMENT,Scope,Complete,8/27/2018,11/28/2018,12/10/2018,11155,24227,24227,DSF0000888913,11155.0,24227.0,24227.0,2018-08-27,2018-11-28,2018-12-10,2.1718511878081577,12,93,2018,1,25,Queens,4.047469574619856,0,0,0,0,0
25,Q022,P.S. 22 - QUEENS,SCA CIP RESOA,FY19 RESO A IPDVS CAMERA INSTALLATION,Design,Complete,4/3/2020,9/28/2020,5/14/2020,30000,10996,10996,DSF0000890853,30000.0,10996.0,10996.0,2020-04-03,2020-09-28,2020-05-14,0.3665333333333333,-137,178,2020,0,25,Queens,4.477121254719663,0,0,0,0,0
25,Q025,J.H.S. 25 - QUEENS,SCA CIP,PLANYC BOILER CONVERSION / PLANYC CLIMATE CONTROL,Design,Complete,9/27/2019,3/4/2020,1/23/2020,513323,259741,248491,"DSF0000912542, DSF0000900805",513323.0,259741.0,248491.0,2019-09-27,2020-03-04,2020-01-23,0.5059991467360707,-41,159,2019,0,25,Queens,5.71039072373729,0,1,0,0,0
25,Q025,J.H.S. 25 - QUEENS,SCA CIP,PLANYC BOILER CONVERSION / PLANYC CLIMATE CONTROL,Scope,Complete,6/25/2019,11/26/2019,9/25/2019,102665,64169,64169,"DSF0000912542, DSF0000900805",102665.0,64169.0,64169.0,2019-06-25,2019-11-26,2019-09-25,0.6250328739102907,-62,154,2019,0,25,Queens,5.01142241148846,0,1,0,0,0
26,Q026,P.S. 26 - QUEENS,SCA CIP,PLANYC BOILER CONVERSION / PLANYC CLIMATE CONTROL,Design,Complete,5/2/2018,11/29/2018,8/21/2018,433020,230334,207271,"DSF0000798312, DSF0000798314",433020.0,230334.0,207271.0,2018-05-02,2018-11-29,2018-08-21,0.5319246224192878,-100,211,2018,0,26,Queens,5.636507955681417,0,1,0,0,0
26,Q026,P.S. 26 - QUEENS,SCA CIP,ELECTRICAL WORK FOR A/C INITIATIVE,Design,Complete,8/15/2019,1/21/2020,1/22/2020,22422,10702,10702,DSF0000912702,22422.0,10702.0,10702.0,2019-08-15,2020-01-21,2020-01-22,0.4772990812594773,1,159,2019,0,26,Queens,4.350674348233281,1,0,0,0,0
26,Q026,P.S. 26 - QUEENS,SCA CIP,PLANYC BOILER CONVERSION / PLANYC CLIMATE CONTROL,Scope,Complete,1/19/2018,6/20/2018,4/9/2018,108255,66561,66561,"DSF0000798312, DSF0000798314",108255.0,66561.0,66561.0,2018-01-19,2018-06-20,2018-04-09,0.6148538173756408,-72,152,2018,0,26,Queens,5.034447964353455,0,1,0,0,0
24,Q028,P.S. 28 - QUEENS,SCA CIP,PARAPETS / EXTERIOR MASONRY / REPLACEMENT OF RTUS / ROOFS,Scope,Complete,5/21/2020,11/18/2020,10/8/2020,85366,109168,79803,"DSF0000956380, DSF0000956381, DSF0001008584, DSF0001005521",85366.0,109168.0,79803.0,2020-05-21,2020-11-18,2020-10-08,1.2788229505892275,-41,181,2020,1,24,Queens,4.931284932134728,0,0,1,0,0
24,Q028,P.S. 28 - QUEENS,SCA CIP RESOA,FY19 RESO A ROOM CONVERSIONS/PARTITIONING,Design,Complete,6/7/2019,11/29/2019,12/17/2020,18000,28674,27810,DSF0000890855,18000.0,28674.0,27810.0,2019-06-07,2019-11-29,2020-12-17,1.593,384,175,2019,1,24,Queens,4.2552725051033065,0,0,0,0,0
25,Q029,P.S. 29 - QUEENS,SCA CIP,FLOOD ELIMINATION / ROOFS,Scope,Complete,12/18/2017,5/4/2018,4/3/2018,26800,101925,93711,"DSF0000877975, DSF0000877976",26800.0,101925.0,93711.0,2017-12-18,2018-05-04,2018-04-03,3.8031716417910446,-31,137,2017,1,25,Queens,4.4281347940287885,0,0,1,0,0
28,Q030,P.S. 354 - QUEENS,SCA CIP,TCU REMOVAL AND PLAYGROUND REDEVELOPMENT,Design,Complete,2/13/2015,6/30/2015,6/30/2015,95480,97016,89196,DSF0000800310,95480.0,97016.0,89196.0,2015-02-13,2015-06-30,2015-06-30,1.0160871386677839,0,137,2015,0,28,Queens,4.979912410334717,0,0,0,0,0
28,Q030,P.S. 354 - QUEENS,SCA CIP,TCU REMOVAL AND PLAYGROUND REDEVELOPMENT,Scope,Complete,10/9/2014,1/13/2015,2/13/2015,26040,31810,31810,DSF0000800310,26040.0,31810.0,31810.0,2014-10-09,2015-01-13,2015-02-13,1.2215821812596006,31,96,2014,1,28,Queens,4.415640979896154,0,0,0,0,0
28,Q030,P.S. 354 - QUEENS,SCA CIP RESOA,FY19 RESO A LIBRARY UPGRADE / PATH OF TRAVEL RESO A LIBRARY UPGRADE,Design,Complete,12/4/2019,1/6/2020,12/11/2019,30000,41395,37989,"DSF0000890923, DSF0000912451",30000.0,41395.0,37989.0,2019-12-04,2020-01-06,2019-12-11,1.3798333333333332,-26,33,2019,1,28,Queens,4.477121254719663,0,0,0,0,1
26,Q031,P.S. 31 - QUEENS,SCA CIP,CHIMNEY LINER REPLACEMENT / PLANYC BOILER CONVERSION / PLANYC CLIMATE CONTROL / REINFORCING SUPPORT ELEMENTS / EXTERIOR MASONRY / ROOFS / PARAPETS,Design,Complete,2/12/2016,7/14/2016,10/12/2016,898205,836039,583337,"DSF0000800273, DSF0000833500, DSF0000843954, DSF0000833494, DSF0000843955, DSF0000833495, DSF0000833496",898205.0,836039.0,583337.0,2016-02-12,2016-07-14,2016-10-12,0.9307886284311488,90,153,2016,0,26,Queens,5.953375468302253,0,1,1,0,0
26,Q031,P.S. 31 - QUEENS,SCA CIP,ELECTRICAL WORK FOR A/C INITIATIVE / LL26 CODE COMPLIANCE/EXIT SIGN REPLACEMENT,Design,Complete,3/27/2019,8/26/2019,7/18/2019,24956,14304,14304,"DSF0000912013, DSF0000912393",24956.0,14304.0,14304.0,2019-03-27,2019-08-26,2019-07-18,0.5731687770476038,-39,152,2019,0,26,Queens,4.3971749769583255,1,0,0,0,0
26,Q031,P.S. 31 - QUEENS,SCA CIP,CHIMNEY LINER REPLACEMENT / PLANYC BOILER CONVERSION / PLANYC CLIMATE CONTROL / REINFORCING SUPPORT ELEMENTS / EXTERIOR MASONRY / ROOFS / PARAPETS,Scope,Complete,9/17/2014,2/5/2015,3/16/2015,226470,129723,129723,"DSF0000800273, DSF0000833500, DSF0000843954, DSF0000833494, DSF0000843955, DSF0000833495, DSF0000833496",226470.0,129723.0,129723.0,2014-09-17,2015-02-05,2015-03-16,0.5728043449463505,39,141,2014,0,26,Queens,5.355010680091146,0,1,1,0,0
25,Q032,P.S. 32 - QUEENS,SCA Capacity,ADDITION,Scope,Complete,9/10/2019,2/24/2020,2/21/2020,631317,594619,585202,DSF0000911835,631317.0,594619.0,585202.0,2019-09-10,2020-02-24,2020-02-21,0.941870724216202,-3,167,2019,0,25,Queens,5.800247484094956,0,0,0,0,0
25,Q032,P.S. 32 - QUEENS,SCA CIP,DEMOLITION,Design,Complete,12/16/2019,2/14/2020,7/1/2020,74014,116574,108394,DSF0000911835,74014.0,116574.0,108394.0,2019-12-16,2020-02-14,2020-07-01,1.5750263463669036,138,60,2019,1,25,Queens,4.869313875780604,0,0,0,0,0
25,Q032,P.S. 32 - QUEENS,SCA CIP,DEMOLITION,Scope,Complete,12/13/2019,12/13/2019,12/13/2019,14803,4330,4330,DSF0000911835,14803.0,4330.0,4330.0,2019-12-13,2019-12-13,2019-12-13,0.2925082753495913,0,0,2019,0,25,Queens,4.170349739139184,0,0,0,0,0
25,Q032,P.S. 32 - QUEENS,SCA CIP RESOA,FY19 RESO A GYMNASIUM UPGRADE / PATH OF TRAVEL RESO A GYMNASIUM UPGRADE,Design,Complete,10/21/2019,1/21/2020,2/14/2020,45000,50524,50524,"DSF0000890684, DSF0000912590",45000.0,50524.0,50524.0,2019-10-21,2020-01-21,2020-02-14,1.1227555555555555,24,92,2019,1,25,Queens,4.653212513775344,0,0,0,0,1
29,Q033,P.S. 33 - QUEENS,SCA CIP,ELECTRICAL WORK FOR A/C INITIATIVE,Design,Complete,8/12/2019,1/15/2020,1/22/2020,29764,6490,6490,DSF0000912703,29764.0,6490.0,6490.0,2019-08-12,2020-01-15,2020-01-22,0.218048649375084,7,156,2019,0,29,Queens,4.473691295865516,1,0,0,0,0
29,Q034,P.S. 34 - QUEENS,SCA CIP,LOOSE MASONRY / ROOFS / WINDOWS,Design,Complete,11/28/2018,4/22/2019,5/13/2019,497045,191286,170323,"DSF0000900927, DSF0000900925, DSF0000912552",497045.0,191286.0,170323.0,2018-11-28,2019-04-22,2019-05-13,0.3848464424750274,21,145,2018,0,29,Queens,5.696395709391248,0,0,1,0,0
29,Q034,P.S. 34 - QUEENS,SCA CIP,ELECTRICAL WORK FOR A/C INITIATIVE,Design,Complete,8/14/2019,1/17/2020,1/22/2020,17601,6391,6391,DSF0000912704,17601.0,6391.0,6391.0,2019-08-14,2020-01-17,2020-01-22,0.3631043690699392,5,156,2019,0,29,Queens,4.245537342935994,1,0,0,0,0
29,Q034,P.S. 34 - QUEENS,SCA CIP,LOOSE MASONRY / ROOFS / WINDOWS,Scope,Complete,4/11/2018,8/31/2018,9/20/2018,126533,48491,48491,"DSF0000900927, DSF0000900925, DSF0000912552",126533.0,48491.0,48491.0,2018-04-11,2018-08-31,2018-09-20,0.38322809069570785,20,142,2018,0,29,Queens,5.10220380494957,0,0,1,0,0
29,Q035,P.S. 35 - QUEENS,SCA CIP,STORM WATER DRAINAGE,Design,Complete,10/4/2018,2/4/2019,3/25/2019,29241,27817,23506,DSF0000833597,29241.0,27817.0,23506.0,2018-10-04,2019-02-04,2019-03-25,0.9513012550870353,49,123,2018,0,29,Queens,4.465992220784307,0,0,0,0,0
29,Q036,P.S. 36 - QUEENS,SCA CIP,PLANYC CLIMATE CONTROL / PLANYC BOILER CONVERSION,Design,Complete,11/9/2016,4/14/2017,5/2/2017,343924,452637,451837,"DSF0000788193, DSF0000798270",343924.0,452637.0,451837.0,2016-11-09,2017-04-14,2017-05-02,1.3160959979530362,18,156,2016,1,29,Queens,5.53646248319009,0,1,0,0,0
29,Q036,P.S. 36 - QUEENS,SCA CIP,PLANYC CLIMATE CONTROL / PLANYC BOILER CONVERSION,Scope,Complete,9/15/2016,2/21/2017,11/3/2016,87996,125607,121661,"DSF0000788193, DSF0000798270",87996.0,125607.0,121661.0,2016-09-15,2017-02-21,2016-11-03,1.4274171553252422,-110,159,2016,1,29,Queens,4.944462931043235,0,1,0,0,0
29,Q036,P.S. 36 - QUEENS,SCA CIP RESOA,FY19 RESO A LOW-VOLTAGE ELECTRICAL SYSTEM,Design,Complete,7/25/2019,12/27/2019,12/27/2019,32175,20494,20494,DSF0000890857,32175.0,20494.0,20494.0,2019-07-25,2019-12-27,2019-12-27,0.6369541569541569,0,155,2019,0,29,Queens,4.507518555576424,1,0,0,0,0
29,Q037,P.S. 37 - QUEENS,SCA CIP,FLOOD ELIMINATION / FIRE ALARM / EXTERIOR MASONRY / ELEVATOR / PARAPETS / FLOOD ELIMINATION,Design,Complete,4/5/2016,9/2/2016,2/14/2017,967305,836120,818110,"DSF0000777242, DSF0000788218, DSF0000844042, DSF0000811529, DSF0000833628, DSF0000833629",967305.0,836120.0,818110.0,2016-04-05,2016-09-02,2017-02-14,0.8643809346586651,165,150,2016,1,29,Queens,5.985563432647528,0,0,1,1,1
29,Q037,P.S. 37 - QUEENS,SCA CIP,PLANYC BOILER CONVERSION / PLANYC CLIMATE CONTROL,Design,Complete,7/14/2017,12/15/2017,11/6/2017,617025,450738,432609,"DSF0000798349, DSF0000788217",617025.0,450738.0,432609.0,2017-07-14,2017-12-15,2017-11-06,0.7305020055913456,-39,154,2017,0,29,Queens,5.7903027606978945,0,1,0,0,0
29,Q037,P.S. 37 - QUEENS,SCA CIP,ELECTRICAL WORK FOR A/C INITIATIVE / LL26 CODE COMPLIANCE/EXIT SIGN REPLACEMENT,Design,Complete,9/10/2019,2/13/2020,2/5/2020,19939,6817,6817,"DSF0000912705, DSF0000914265",19939.0,6817.0,6817.0,2019-09-10,2020-02-13,2020-02-05,0.34189277295752046,-8,156,2019,0,29,Queens,4.29970337336519,1,0,0,0,0
29,Q037,P.S. 37 - QUEENS,SCA CIP,PLANYC BOILER CONVERSION / PLANYC CLIMATE CONTROL,Scope,Complete,5/9/2017,10/10/2017,7/7/2017,154256,127398,127398,"DSF0000798349, DSF0000788217",154256.0,127398.0,127398.0,2017-05-09,2017-10-10,2017-07-07,0.8258868374649933,-95,154,2017,0,29,Queens,5.188242065517035,0,1,0,0,0
29,Q037,P.S. 37 - QUEENS,SCA CIP,FLOOD ELIMINATION / FIRE ALARM / EXTERIOR MASONRY / ELEVATOR / PARAPETS / FLOOD ELIMINATION,Scope,Complete,8/15/2013,5/11/2015,11/3/2015,245222,267914,260160,"DSF0000777242, DSF0000788218, DSF0000844042, DSF0000811529, DSF0000833628, DSF0000833629",245222.0,267914.0,260160.0,2013-08-15,2015-05-11,2015-11-03,1.0925365587100668,176,634,2013,1,29,Queens,5.389559430161226,0,0,1,1,1
29,Q038,P.S. 38 - QUEENS,SCA CIP,ELECTRICAL WORK FOR A/C INITIATIVE / LL26 CODE COMPLIANCE/EXIT SIGN REPLACEMENT,Design,Complete,6/12/2019,11/13/2019,10/30/2019,11125,12999,12999,"DSF0000912014, DSF0000912597",11125.0,12999.0,12999.0,2019-06-12,2019-11-13,2019-10-30,1.1684494382022472,-14,154,2019,1,29,Queens,4.0463000196529695,1,0,0,0,0
28,Q040,P.S. 40 - QUEENS,SCA CIP,EXTERIOR MASONRY / TCU REMOVAL AND PLAYGROUND REDEVELOPMENT / FLOOD ELIMINATION,Design,Complete,12/17/2014,11/22/2016,4/10/2017,627783,512425,472446,"DSF0000788263, DSF0000800317, DSF0000833666",627783.0,512425.0,472446.0,2014-12-17,2016-11-22,2017-04-10,0.8162454223832121,139,706,2014,1,28,Queens,5.797809551080246,0,0,1,0,0
28,Q040,P.S. 40 - QUEENS,SCA CIP,EXTERIOR MASONRY / TCU REMOVAL AND PLAYGROUND REDEVELOPMENT / FLOOD ELIMINATION,Scope,Complete,7/2/2014,12/11/2014,11/25/2014,158492,156815,155662,"DSF0000788263, DSF0000800317, DSF0000833666",158492.0,156815.0,155662.0,2014-07-02,2014-12-11,2014-11-25,0.9894190243040658,-16,162,2014,0,28,Queens,5.200007345774344,0,0,1,0,0
26,Q041,P.S. 41 - QUEENS,SCA Capacity,ADDITION,Design,Complete,8/5/2019,2/28/2020,3/30/2020,4588661,1289804,1186707,DSF0000889663,4588661.0,1289804.0,1186707.0,2019-08-05,2020-02-28,2020-03-30,0.2810850485577383,31,207,2019,0,26,Queens,6.661685974175899,0,0,0,0,0
26,Q041,P.S. 41 - QUEENS,SCA Capacity,ADDITION,Scope,Complete,2/25/2019,8/2/2019,8/2/2019,1019703,775446,752858,DSF0000889663,1019703.0,775446.0,752858.0,2019-02-25,2019-08-02,2019-08-02,0.7604626052880104,0,158,2019,0,26,Queens,6.008473697013351,0,0,0,0,0
26,Q041,P.S. 41 - QUEENS,SCA CIP,DEMOLITION,Design,Complete,8/5/2019,2/28/2020,3/30/2020,25568,38015,38015,DSF0000889663,25568.0,38015.0,38015.0,2019-08-05,2020-02-28,2020-03-30,1.486819461827284,31,207,2019,1,26,Queens,4.4076967576338975,0,0,0,0,0
26,Q041,P.S. 41 - QUEENS,SCA CIP RESOA,FY17 RESO A ELECTRICAL WORK FOR A/C INITIATIVE / FIRE ALARM,Design,Complete,4/17/2017,9/15/2017,5/17/2018,182671,245234,239482,"DSF0000844955, DSF0000901039",182671.0,245234.0,239482.0,2017-04-17,2017-09-15,2018-05-17,1.342490050418512,244,151,2017,1,26,Queens,5.261669606248828,1,0,0,1,0
27,Q042,P.S. 42 - QUEENS,SCA CIP,SANDY:INTERIOR SPACES / HEATING PLANT / FLOOD ELIM / SANITARY / STORM PIPING / HVAC / ELEC SYS / NON-SANDY: CLIMATE CTRL / ELEC SYS,Design,Complete,4/8/2014,9/8/2014,9/11/2014,991112,1388541,1243960,"DSF0000788302, DSF0000788296, DSF0000788293, DSF0000799428, DSF0000799439, DSF0000799438, DSF0000799608, DSF0000799919",991112.0,1388541.0,1243960.0,2014-04-08,2014-09-08,2014-09-11,1.4009930260152232,3,153,2014,1,27,Queens,5.996122734438401,0,1,0,0,0
27,Q042,P.S. 42 - QUEENS,SCA CIP,SANDY:INTERIOR SPACES / HEATING PLANT / FLOOD ELIM / SANITARY / STORM PIPING / HVAC / ELEC SYS / NON-SANDY: CLIMATE CTRL / ELEC SYS,Scope,Complete,2/7/2014,7/10/2014,4/8/2014,251956,242741,216672,"DSF0000788302, DSF0000788296, DSF0000788293, DSF0000799428, DSF0000799439, DSF0000799438, DSF0000799608, DSF0000799919",251956.0,242741.0,216672.0,2014-02-07,2014-07-10,2014-04-08,0.963426153772881,-93,153,2014,0,27,Queens,5.4013247049655115,0,1,0,0,0
27,Q043,P.S. 43 - QUEENS,SCA CIP,TCU REMOVAL/PLAYGROUND REDEVELOPMENT,Design,Complete,1/7/2019,5/29/2019,5/17/2019,70740,125609,106016,DSF0000888907,70740.0,125609.0,106016.0,2019-01-07,2019-05-29,2019-05-17,1.7756432004523608,-12,142,2019,1,27,Queens,4.849665055478733,0,0,0,0,0
27,Q043,P.S. 43 - QUEENS,SCA CIP,TCU REMOVAL/PLAYGROUND REDEVELOPMENT,Scope,Complete,7/31/2018,10/30/2018,12/12/2018,17685,38279,38279,DSF0000888907,17685.0,38279.0,38279.0,2018-07-31,2018-10-30,2018-12-12,2.164489680520215,43,91,2018,1,27,Queens,4.24760506415077,0,0,0,0,0
27,Q045,P.S. 45 - QUEENS,SCA CIP,FLOOD ELIMINATION / ROOFS / PARAPETS / EXTERIOR MASONRY,Design,Complete,2/20/2019,7/22/2019,5/10/2019,729960,445282,369027,"DSF0000878240, DSF0000878242, DSF0000878243, DSF0000878244",729960.0,445282.0,369027.0,2019-02-20,2019-07-22,2019-05-10,0.6100087676037043,-73,152,2019,0,27,Queens,5.863299062510548,0,0,1,0,0
27,Q045,P.S. 45 - QUEENS,SCA CIP,ELECTRICAL WORK FOR A/C INITIATIVE,Design,Complete,6/27/2019,11/29/2019,11/29/2019,36749,15365,15365,DSF0000912015,36749.0,15365.0,15365.0,2019-06-27,2019-11-29,2019-11-29,0.41810661514599035,0,155,2019,0,27,Queens,4.5652455257225055,1,0,0,0,0
27,Q045,P.S. 45 - QUEENS,SCA CIP,FLOOD ELIMINATION / ROOFS / PARAPETS / EXTERIOR MASONRY,Scope,Complete,10/17/2018,3/7/2019,2/20/2019,182490,114676,114676,"DSF0000878240, DSF0000878242, DSF0000878243, DSF0000878244",182490.0,114676.0,114676.0,2018-10-17,2019-03-07,2019-02-20,0.6283960764973423,-15,141,2018,0,27,Queens,5.261239071182586,0,0,1,0,0
26,Q046,P.S. 46 - QUEENS,SCA Capacity,ADDITION / PLAYGROUND REDEVELOPMENT PROJECT,Design,Complete,2/1/2019,3/12/2020,11/1/2019,4117680,2393329,1034014,"DSF0000798204, DSF0000798204",4117680.0,2393329.0,1034014.0,2019-02-01,2020-03-12,2019-11-01,0.5812323929979989,-132,405,2019,0,26,Queens,6.614652592977941,0,0,0,0,0
26,Q046,P.S. 46 - QUEENS,SCA Capacity,ADDITION / PLAYGROUND REDEVELOPMENT PROJECT,Scope,Complete,9/13/2018,1/31/2019,1/31/2019,915040,662735,635709,"DSF0000798204, DSF0000798204",915040.0,662735.0,635709.0,2018-09-13,2019-01-31,2019-01-31,0.7242688844203532,0,140,2018,0,26,Queens,5.961440079202597,0,0,0,0,0
26,Q046,P.S. 46 - QUEENS,SCA CIP,PLANYC CLIMATE CONTROL / PLANYC BOILER CONVERSION,Design,Complete,4/24/2018,9/24/2018,9/19/2018,329326,172325,159825,"DSF0000788342, DSF0000798471",329326.0,172325.0,159825.0,2018-04-24,2018-09-24,2018-09-19,0.5232657002483861,-5,153,2018,0,26,Queens,5.517626019235395,0,1,0,0,0
26,Q046,P.S. 46 - QUEENS,SCA CIP,WORK IN EXISTING BUILDING,Scope,Complete,10/28/2019,12/19/2019,2/28/2020,52032,126230,126230,DSF0000798204,52032.0,126230.0,126230.0,2019-10-28,2019-12-19,2020-02-28,2.4260070725707257,71,52,2019,1,26,Queens,4.7162705195779555,0,0,0,0,0
26,Q046,P.S. 46 - QUEENS,SCA CIP,PLANYC CLIMATE CONTROL / PLANYC BOILER CONVERSION,Scope,Complete,1/18/2018,6/19/2018,4/17/2018,82332,36816,36816,"DSF0000788342, DSF0000798471",82332.0,36816.0,36816.0,2018-01-18,2018-06-19,2018-04-17,0.4471651362775106,-63,152,2018,0,26,Queens,4.915568665374035,0,1,0,0,0
28,Q048,Q075 SPED - QUEENS,SCA CIP RESOA,FY19 RESO A LOW-VOLTAGE ELECTRICAL SYSTEM,Design,Complete,6/20/2019,11/21/2019,11/21/2019,39000,15532,15532,DSF0000890868,39000.0,15532.0,15532.0,2019-06-20,2019-11-21,2019-11-21,0.39825641025641023,0,154,2019,0,28,Queens,4.5910646070264995,1,0,0,0,0
28,Q050,P.S. 50 - QUEENS,SCA CIP,ELECTRICAL WORK FOR A/C INITIATIVE,"CM,F&E",Complete,1/2/2020,9/27/2020,10/5/2020,51385,34144,33594,DSF0000912092,51385.0,34144.0,33594.0,2020-01-02,2020-09-27,2020-10-05,0.6644740683078719,8,269,2020,0,28,Queens,4.710836360863743,1,0,0,0,0
28,Q050,P.S. 50 - QUEENS,SCA CIP,ELECTRICAL WORK FOR A/C INITIATIVE,Construction,Complete,1/2/2020,9/27/2020,10/5/2020,277240,289838,181243,DSF0000912092,277240.0,289838.0,181243.0,2020-01-02,2020-09-27,2020-10-05,1.0454407733371809,8,269,2020,0,28,Queens,5.442855890175056,1,0,0,0,0
28,Q050,P.S. 50 - QUEENS,SCA CIP,ELECTRICAL WORK FOR A/C INITIATIVE,Design,Complete,5/8/2019,10/8/2019,10/9/2019,21510,15695,15695,DSF0000912092,21510.0,15695.0,15695.0,2019-05-08,2019-10-08,2019-10-09,0.7296606229660623,1,153,2019,0,28,Queens,4.332640410387462,1,0,0,0,0
27,Q051,P.S. 51 - QUEENS,SCA CIP,ROOFS / EXTERIOR MASONRY / WINDOWS,Scope,Complete,5/15/2020,11/12/2020,9/16/2020,62604,156032,89443,"DSF0000946680, DSF0000946681, DSF0000961577",62604.0,156032.0,89443.0,2020-05-15,2020-11-12,2020-09-16,2.4923647051306625,-57,181,2020,1,27,Queens,4.79660208277,0,0,1,0,0
29,Q052,P.S. 52 - QUEENS,SCA CIP,ELECTRICAL WORK FOR A/C INITIATIVE,Design,Complete,9/9/2019,2/12/2020,2/5/2020,10256,5928,5928,DSF0000912706,10256.0,5928.0,5928.0,2019-09-09,2020-02-12,2020-02-05,0.578003120124805,-7,156,2019,0,29,Queens,4.010978012174742,1,0,0,0,0
29,Q052,P.S. 52 - QUEENS,SCA CIP,PAVED AREA- BLACKTOP,Scope,Complete,9/25/2019,12/27/2019,1/16/2020,19188,41184,15159,DSF0000901197,19188.0,41184.0,15159.0,2019-09-25,2019-12-27,2020-01-16,2.1463414634146343,20,93,2019,1,29,Queens,4.283029709793859,0,0,0,0,0
27,Q053,I.S. 53 - QUEENS,SCA CIP,IPDVS CAMERA INSTALLATION,Design,Complete,6/23/2020,12/18/2020,12/22/2020,27073,21329,21329,DSF0000960803,27073.0,21329.0,21329.0,2020-06-23,2020-12-18,2020-12-22,0.7878328962434898,4,178,2020,0,27,Queens,4.432536383264256,0,0,0,0,0
27,Q053,I.S. 53 - QUEENS,SCA CIP,COURTYARD CONCRETE SPALLING / FLOOD ELIMINATION / PARAPETS / ROOFS / WINDOWS / C OF O,Design,Complete,9/8/2015,2/11/2016,5/2/2016,1038000,1141609,928677,"DSF0000822673, DSF0000822674, DSF0000822675, DSF0000811759, DSF0000822676, DSF0000843772",1038000.0,1141609.0,928677.0,2015-09-08,2016-02-11,2016-05-02,1.099815992292871,81,156,2015,0,27,Queens,6.016197353512439,0,0,1,0,0
27,Q053,I.S. 53 - QUEENS,SCA CIP,PLANYC BOILER CONVERSION / PLANYC CLIMATE CONTROL,Design,Complete,1/30/2019,7/1/2019,5/15/2019,608905,427601,400803,"DSF0000890601, DSF0000878359",608905.0,427601.0,400803.0,2019-01-30,2019-07-01,2019-05-15,0.7022458347361247,-47,152,2019,0,27,Queens,5.784549540261607,0,1,0,0,0
27,Q053,I.S. 53 - QUEENS,SCA CIP,COURTYARD CONCRETE SPALLING / FLOOD ELIMINATION / PARAPETS / ROOFS / WINDOWS / C OF O,Scope,Complete,5/15/2013,9/27/2013,7/31/2013,259500,288991,249868,"DSF0000822673, DSF0000822674, DSF0000822675, DSF0000811759, DSF0000822676, DSF0000843772",259500.0,288991.0,249868.0,2013-05-15,2013-09-27,2013-07-31,1.113645472061657,-58,135,2013,1,27,Queens,5.414137362184476,0,0,1,0,0
27,Q053,I.S. 53 - QUEENS,SCA CIP,PLANYC BOILER CONVERSION / PLANYC CLIMATE CONTROL,Scope,Complete,10/3/2018,3/11/2019,1/14/2019,141298,95707,95707,"DSF0000890601, DSF0000878359",141298.0,95707.0,95707.0,2018-10-03,2019-03-11,2019-01-14,0.6773415051876177,-56,159,2018,0,27,Queens,5.15013601467863,0,1,0,0,0
27,Q053,I.S. 319 - QUEENS,SCA CIP RESOA,SCIENCE LAB UPGRADE,Design,Complete,10/10/2018,3/15/2019,5/13/2019,270000,176804,111048,DSF0000867383,270000.0,176804.0,111048.0,2018-10-10,2019-03-15,2019-05-13,0.6548296296296297,59,156,2018,0,27,Queens,5.431363764158987,0,0,0,0,0
28,Q054,P.S. 54 - QUEENS,SCA CIP,ELECTRICAL WORK FOR A/C INITIATIVE,Design,Complete,6/18/2019,11/19/2019,11/20/2019,17081,15854,15854,DSF0000912093,17081.0,15854.0,15854.0,2019-06-18,2019-11-19,2019-11-20,0.9281657982553715,1,154,2019,0,28,Queens,4.232513292686058,1,0,0,0,0
28,Q055,P.S. 55 - QUEENS,SCA CIP,PLANYC CLIMATE CONTROL / PLANYC BOILER CONVERSION,Design,Complete,4/11/2018,9/11/2018,8/30/2018,380460,283688,269941,"DSF0000788465, DSF0000798475",380460.0,283688.0,269941.0,2018-04-11,2018-09-11,2018-08-30,0.7456447458339904,-12,153,2018,0,28,Queens,5.580309003570605,0,1,0,0,0
28,Q055,P.S. 55 - QUEENS,SCA CIP,PLANYC CLIMATE CONTROL / PLANYC BOILER CONVERSION,Scope,Complete,1/10/2018,6/12/2018,4/3/2018,95115,74314,74314,"DSF0000788465, DSF0000798475",95115.0,74314.0,74314.0,2018-01-10,2018-06-12,2018-04-03,0.7813068390895233,-70,153,2018,0,28,Queens,4.978249012242642,0,1,0,0,0
27,Q056,P.S. 56 - QUEENS,SCA CIP,TCU REMOVAL/PLAYGROUND REDEVELOPMENT,Design,Complete,3/27/2019,5/17/2019,5/17/2019,73500,90122,82673,DSF0000912167,73500.0,90122.0,82673.0,2019-03-27,2019-05-17,2019-05-17,1.2261496598639456,0,51,2019,1,27,Queens,4.866287339084195,0,0,0,0,0
27,Q056,P.S. 56 - QUEENS,SCA CIP,LOW VOLTAGE ELECTRICAL SYSTEM,Scope,Complete,10/8/2019,1/10/2020,1/31/2020,13361,22220,22220,DSF0000901262,13361.0,22220.0,22220.0,2019-10-08,2020-01-10,2020-01-31,1.6630491729660954,21,94,2019,1,27,Queens,4.125838963995005,1,0,0,0,0
27,Q056,P.S. 56 - QUEENS,SCA CIP,TCU REMOVAL/PLAYGROUND REDEVELOPMENT,Scope,Complete,1/31/2019,3/15/2019,3/27/2019,18375,38042,37835,DSF0000912167,18375.0,38042.0,37835.0,2019-01-31,2019-03-15,2019-03-27,2.070312925170068,12,43,2019,1,27,Queens,4.264227347756233,0,0,0,0,0
24,Q058,P.S. 58 - QUEENS,SCA CIP,ROOFS / PARAPETS,Design,Complete,11/26/2019,4/29/2020,6/30/2020,323952,185489,180363,"DSF0000910388, DSF0000910389",323952.0,185489.0,180363.0,2019-11-26,2020-04-29,2020-06-30,0.5725817405047662,62,155,2019,0,24,Queens,5.510480665516976,0,0,1,0,0
24,Q058,P.S. 58 - QUEENS,SCA CIP,EXTERIOR MASONRY,Design,Complete,11/26/2019,4/29/2020,6/30/2020,31609,31609,30708,DSF0000910390,31609.0,31609.0,30708.0,2019-11-26,2020-04-29,2020-06-30,1.0,62,155,2019,0,24,Queens,4.4998107564738214,0,0,1,0,0
24,Q058,P.S. 58 - QUEENS,SCA CIP,ROOFS / PARAPETS,Scope,Complete,7/11/2019,11/26/2019,11/26/2019,66220,36806,36806,"DSF0000910388, DSF0000910389",66220.0,36806.0,36806.0,2019-07-11,2019-11-26,2019-11-26,0.5558139534883721,0,138,2019,0,24,Queens,4.82098917641605,0,0,1,0,0
24,Q058,P.S. 58 - QUEENS,SCA CIP,EXTERIOR MASONRY,Scope,Complete,7/11/2019,11/26/2019,11/26/2019,36705,36705,34514,DSF0000910390,36705.0,36705.0,34514.0,2019-07-11,2019-11-26,2019-11-26,1.0,0,138,2019,0,24,Queens,4.564725228407471,0,0,1,0,0
27,Q064,P.S. 64 - QUEENS,SCA CIP,PLANYC BOILER CONVERSION / PLANYC CLIMATE CONTROL / FIRE ALARM SYSTEMS,Design,Complete,5/8/2017,10/6/2017,10/18/2017,427468,592791,278713,"DSF0000844688, DSF0000855949, DSF0000855950",427468.0,592791.0,278713.0,2017-05-08,2017-10-06,2017-10-18,1.3867494175002573,12,151,2017,1,27,Queens,5.630903609254638,0,1,0,1,0
27,Q064,P.S. 64 - QUEENS,SCA CIP,PLANYC BOILER CONVERSION / PLANYC CLIMATE CONTROL / FIRE ALARM SYSTEMS,Scope,Complete,9/13/2016,2/16/2017,3/30/2017,108610,168101,161493,"DSF0000844688, DSF0000855949, DSF0000855950",108610.0,168101.0,161493.0,2016-09-13,2017-02-16,2017-03-30,1.547748826074947,42,156,2016,1,27,Queens,5.035869813695553,0,1,0,1,0
24,Q068,P.S. 68 - QUEENS,SCA CIP,ELECTRICAL WORK FOR A/C INITIATIVE / LL26 CODE COMPLIANCE/EXIT SIGN REPLACEMENT,Design,Complete,5/7/2019,10/7/2019,5/15/2019,34425,13128,12908,"DSF0000868219, DSF0000912517",34425.0,13128.0,12908.0,2019-05-07,2019-10-07,2019-05-15,0.3813507625272331,-145,153,2019,0,24,Queens,4.536873948928961,1,0,0,0,0
30,Q069,P.S. 69 - QUEENS,SCA CIP,COOLING TOWER REPLACEMENT,Design,Complete,5/8/2019,11/8/2019,10/11/2019,164450,254264,209180,DSF0000878619,164450.0,254264.0,209180.0,2019-05-08,2019-11-08,2019-10-11,1.5461477652782,-28,184,2019,1,30,Queens,5.216033877818673,0,0,0,0,0
30,Q069,P.S. 69 - QUEENS,SCA CIP,COOLING TOWER REPLACEMENT,Scope,Complete,1/23/2019,4/5/2019,5/3/2019,32890,57618,57617,DSF0000878619,32890.0,57618.0,57617.0,2019-01-23,2019-04-05,2019-05-03,1.7518394648829432,28,72,2019,1,30,Queens,4.5170638734826545,0,0,0,0,0
30,Q069,P.S. 69 - QUEENS,SCA CIP RESOA,FY19 RESO A PLAYGROUND,Design,Complete,7/17/2019,12/3/2019,3/25/2020,42000,34943,34092,DSF0000890865,42000.0,34943.0,34092.0,2019-07-17,2019-12-03,2020-03-25,0.8319761904761904,113,139,2019,1,30,Queens,4.623249290397901,0,0,0,0,0
30,Q070,P.S. 70 - QUEENS,SCA CIP,ELECTRICAL WORK FOR A/C INITIATIVE,Design,Complete,5/21/2019,10/22/2019,10/30/2019,10760,7059,7059,DSF0000912094,10760.0,7059.0,7059.0,2019-05-21,2019-10-22,2019-10-30,0.6560408921933085,8,154,2019,0,30,Queens,4.03181227133037,1,0,0,0,0
24,Q071,P.S. 71 - QUEENS,SCA CIP,PARAPETS / EXTERIOR MASONRY / ROOFS,Design,Complete,2/12/2014,7/15/2014,7/29/2015,462000,437175,421173,"DSF0000766068, DSF0000766069, DSF0000878637",462000.0,437175.0,421173.0,2014-02-12,2014-07-15,2015-07-29,0.9462662337662338,379,153,2014,1,24,Queens,5.664641975556125,0,0,1,0,0
24,Q071,P.S. 71 - QUEENS,SCA CIP,ELECTRICAL WORK FOR A/C INITIATIVE / LL26 CODE COMPLIANCE/EXIT SIGN REPLACEMENT,Design,Complete,4/5/2019,9/5/2019,8/5/2019,30744,10361,10208,"DSF0000911969, DSF0000912405",30744.0,10361.0,10208.0,2019-04-05,2019-09-05,2019-08-05,0.3370088472547489,-31,153,2019,0,24,Queens,4.487760371456292,1,0,0,0,0
24,Q071,P.S. 71 - QUEENS,SCA CIP,PARAPETS / EXTERIOR MASONRY / ROOFS,Scope,Complete,7/10/2013,11/25/2013,2/12/2014,115500,128113,128113,"DSF0000766068, DSF0000766069, DSF0000878637",115500.0,128113.0,128113.0,2013-07-10,2013-11-25,2014-02-12,1.1092034632034633,79,138,2013,1,24,Queens,5.062581984228163,0,0,1,0,0
24,Q073,I.S. 73 - QUEENS,SCA CIP,LOW VOLT ELECTRICCAL SYSTEMS,Design,Complete,12/15/2011,6/19/2012,4/24/2012,83250,88277,88277,DSF0000721890,83250.0,88277.0,88277.0,2011-12-15,2012-06-19,2012-04-24,1.0603843843843843,-56,187,2011,0,24,Queens,4.920384242178358,1,0,0,0,0
24,Q073,I.S. 73 - QUEENS,SCA CIP,PLANYC CLIMATE CONTROL / PLANYC BOILER CONVERSION,Design,Complete,12/7/2018,5/10/2019,5/7/2019,468600,441941,416618,"DSF0000885445, DSF0000890603",468600.0,441941.0,416618.0,2018-12-07,2019-05-10,2019-05-07,0.9431092616303884,-3,154,2018,0,24,Queens,5.670802284260944,0,1,0,0,0
24,Q073,I.S. 73 - QUEENS,SCA CIP,IPDVS CAMERA INSTALLATION,Design,Complete,6/24/2020,12/21/2020,12/21/2020,15737,12755,12755,DSF0000960769,15737.0,12755.0,12755.0,2020-06-24,2020-12-21,2020-12-21,0.8105102624388384,0,180,2020,0,24,Queens,4.196921944819459,0,0,0,0,0
24,Q073,I.S. 73 - QUEENS,SCA CIP,PLANYC CLIMATE CONTROL / PLANYC BOILER CONVERSION,Scope,Complete,10/3/2018,3/11/2019,12/5/2018,117150,96759,96759,"DSF0000885445, DSF0000890603",117150.0,96759.0,96759.0,2018-10-03,2019-03-11,2018-12-05,0.8259411011523687,-96,159,2018,0,24,Queens,5.068742292932981,0,1,0,0,0
24,Q073,I.S. 73 - QUEENS,SCA CIP,LOW VOLT ELECTRICCAL SYSTEMS,Scope,Complete,10/11/2011,1/12/2012,12/6/2011,27750,18465,18465,DSF0000721890,27750.0,18465.0,18465.0,2011-10-11,2012-01-12,2011-12-06,0.6654054054054054,-37,93,2011,0,24,Queens,4.443262987458695,1,0,0,0,0
24,Q073,I.S. 73 - QUEENS,SCA CIP RESOA,FY19 RESO A CAFETERIA ELECTRICAL UPGRADE / ELECTRICAL WORK FOR A/C INITIATIVE / LL26 CODE COMPLIANCE/EXIT SIGN REPLACEMENT,"CM,F&E",Complete,8/26/2019,5/21/2020,9/4/2020,65419,80113,77050,"DSF0000890867, DSF0000912095, DSF0000912380",65419.0,80113.0,77050.0,2019-08-26,2020-05-21,2020-09-04,1.2246136443540867,106,269,2019,1,24,Queens,4.8157039011799565,1,0,0,0,0
24,Q073,I.S. 73 - QUEENS,SCA CIP RESOA,FY19 RESO A CAFETERIA ELECTRICAL UPGRADE / ELECTRICAL WORK FOR A/C INITIATIVE / LL26 CODE COMPLIANCE/EXIT SIGN REPLACEMENT,Construction,Complete,8/26/2019,5/21/2020,9/4/2020,959486,1109807,752313,"DSF0000890867, DSF0000912095, DSF0000912380",959486.0,1109807.0,752313.0,2019-08-26,2020-05-21,2020-09-04,1.1566682577963618,106,269,2019,1,24,Queens,5.982038642263669,1,0,0,0,0
24,Q073,I.S. 73 - QUEENS,SCA CIP RESOA,FY19 RESO A CAFETERIA ELECTRICAL UPGRADE / ELECTRICAL WORK FOR A/C INITIATIVE / LL26 CODE COMPLIANCE/EXIT SIGN REPLACEMENT,Design,Complete,3/13/2019,8/12/2019,5/17/2019,65419,46583,43651,"DSF0000890867, DSF0000912095, DSF0000912380",65419.0,46583.0,43651.0,2019-03-13,2019-08-12,2019-05-17,0.712071416560938,-87,152,2019,0,24,Queens,4.8157039011799565,1,0,0,0,0
24,Q075,Q075 SPED - QUEENS,SCA CIP,FLOOD ELIMINATION / ROOFS / PARAPETS / EXTERIOR MASONRY / WINDOWS,Scope,Complete,10/15/2018,3/5/2019,1/31/2019,80526,305900,291107,"DSF0000878706, DSF0000878707, DSF0000878708, DSF0000878709, DSF0000912291",80526.0,305900.0,291107.0,2018-10-15,2019-03-05,2019-01-31,3.798773067083923,-33,141,2018,1,24,Queens,4.905936126745815,0,0,1,0,0
30,Q076,P.S. 76 - QUEENS,SCA CIP,RPZ BACKFLOW PREVENTION DEVICES,Design,Complete,9/11/2019,3/11/2020,3/11/2020,57100,56540,56540,DSF0000890588,57100.0,56540.0,56540.0,2019-09-11,2020-03-11,2020-03-11,0.9901926444833625,0,182,2019,0,30,Queens,4.756636108245848,0,0,0,0,0
30,Q076,P.S. 76 - QUEENS,SCA CIP,RPZ BACKFLOW PREVENTION DEVICES,Scope,Complete,10/29/2018,4/29/2019,9/6/2019,12689,12011,12011,DSF0000890588,12689.0,12011.0,12011.0,2018-10-29,2019-04-29,2019-09-06,0.9465678934510205,130,182,2018,1,30,Queens,4.1034273973827675,0,0,0,0,0
25,Q079,P.S. 79 - QUEENS,SCA CIP,C OF O / EXTERIOR MASONRY / TCU REMOVAL/PLAYGROUND REDEVELOPMENT / LOW VOLTAGE ELECTRICAL SYSTEM / ELECTRICAL WORK FOR A/C INITIATIVE / ROOFS / PARAPETS,Design,Complete,4/18/2018,9/18/2018,5/22/2018,1437088,1080193,907755,"DSF0000823601, DSF0000856168, DSF0000866283, DSF0000856162, DSF0000868319, DSF0000888905, DSF0000888906",1437088.0,1080193.0,907755.0,2018-04-18,2018-09-18,2018-05-22,0.7516540392794318,-119,153,2018,0,25,Queens,6.15748336294581,1,0,1,0,0
25,Q079,P.S. 79 - QUEENS,SCA CIP,C OF O / EXTERIOR MASONRY / TCU REMOVAL/PLAYGROUND REDEVELOPMENT / LOW VOLTAGE ELECTRICAL SYSTEM / ELECTRICAL WORK FOR A/C INITIATIVE / ROOFS / PARAPETS,Scope,Complete,10/14/2015,8/10/2018,4/18/2018,360183,359762,354367,"DSF0000823601, DSF0000856168, DSF0000866283, DSF0000856162, DSF0000868319, DSF0000888905, DSF0000888906",360183.0,359762.0,354367.0,2015-10-14,2018-08-10,2018-04-18,0.998831149721114,-114,1031,2015,0,25,Queens,5.556523211036479,1,0,1,0,0
28,Q080,P.S. 80 - QUEENS,SCA CIP,ELECTRICAL WORK FOR A/C INITIATIVE / LL26 CODE COMPLIANCE/EXIT SIGN REPLACEMENT,Design,Complete,5/29/2019,10/29/2019,9/25/2019,20880,14249,14249,"DSF0000912017, DSF0000912594",20880.0,14249.0,14249.0,2019-05-29,2019-10-29,2019-09-25,0.6824233716475095,-34,153,2019,0,28,Queens,4.319730494330225,1,0,0,0,0
30,Q084,P.S. 84 - QUEENS,SCA CIP,ELECTRICAL WORK FOR A/C INITIATIVE,Design,Complete,8/23/2019,1/29/2020,1/15/2020,18135,6743,6743,DSF0000912708,18135.0,6743.0,6743.0,2019-08-23,2020-01-29,2020-01-15,0.3718224427901847,-14,159,2019,0,30,Queens,4.258517559916453,1,0,0,0,0
30,Q084,P.S. 84 - QUEENS,SCA CIP,WATER PENETRATION,Scope,Complete,9/4/2019,1/23/2020,3/16/2020,14135,40570,40570,DSF0000901679,14135.0,40570.0,40570.0,2019-09-04,2020-01-23,2020-03-16,2.8701804032543334,53,141,2019,1,30,Queens,4.150295812825538,0,0,0,0,0
28,Q086,P.S. 86 - QUEENS,SCA CIP,ELECTRICAL WORK FOR A/C INITIATIVE / LL26 CODE COMPLIANCE/EXIT SIGN REPLACEMENT,Design,Complete,6/12/2019,11/13/2019,8/12/2019,26730,9554,9554,"DSF0000911970, DSF0000912329",26730.0,9554.0,9554.0,2019-06-12,2019-11-13,2019-08-12,0.35742611298166854,-93,154,2019,0,28,Queens,4.4269989587565375,1,0,0,0,0
24,Q087,P.S. 87 - QUEENS,SCA CIP,FLOOD ELIMINATION,Design,Complete,7/19/2019,12/20/2019,3/2/2020,63436,42722,41683,SCA0000053508,63436.0,42722.0,41683.0,2019-07-19,2019-12-20,2020-03-02,0.6734661706286651,73,154,2019,0,24,Queens,4.802335790439813,0,0,0,0,0
24,Q087,P.S. 87 - QUEENS,SCA CIP,FLOOD ELIMINATION,Scope,Complete,12/6/2018,4/24/2019,4/2/2019,14097,14720,14720,SCA0000053508,14097.0,14720.0,14720.0,2018-12-06,2019-04-24,2019-04-02,1.0441938000993118,-22,139,2018,0,24,Queens,4.149126699742614,0,0,0,0,0
24,Q087,P.S. 87 - QUEENS,SCA CIP RESOA,FY19 RESO A CAFETERIA / MULTIPURPOSE ROOM UPGRADE,Design,Complete,7/25/2019,12/11/2019,6/23/2020,186000,125763,70084,DSF0000890687,186000.0,125763.0,70084.0,2019-07-25,2019-12-11,2020-06-23,0.6761451612903225,195,139,2019,1,24,Queens,5.269512944217916,0,0,0,0,0
24,Q088,P.S. 88 - QUEENS,SCA CIP,LOW VOLTAGE ELECTRICAL SYSTEM,Design,Complete,4/25/2018,10/26/2018,8/27/2018,96448,74642,73525,DSF0000878883,96448.0,74642.0,73525.0,2018-04-25,2018-10-26,2018-08-27,0.7739092568015926,-60,184,2018,0,24,Queens,4.984293226298519,1,0,0,0,0
24,Q088,P.S. 88 - QUEENS,SCA CIP,ELECTRICAL WORK FOR A/C INITIATIVE,Design,Complete,8/21/2019,1/27/2020,1/28/2020,52275,10825,10825,DSF0000912709,52275.0,10825.0,10825.0,2019-08-21,2020-01-27,2020-01-28,0.20707795313247251,1,159,2019,0,24,Queens,4.71829404148971,1,0,0,0,0
24,Q088,P.S. 88 - QUEENS,SCA CIP,LOW VOLTAGE ELECTRICAL SYSTEM,Scope,Complete,2/6/2018,5/7/2018,3/23/2018,26304,22655,22655,DSF0000878883,26304.0,22655.0,22655.0,2018-02-06,2018-05-07,2018-03-23,0.8612758515815085,-45,90,2018,0,24,Queens,4.420021795859957,1,0,0,0,0
24,Q088,P.S. 88 - QUEENS,SCA CIP,ELECTRICAL WORK FOR A/C INITIATIVE,Scope,Complete,8/13/2019,12/16/2019,8/21/2019,11617,2706,2706,DSF0000912709,11617.0,2706.0,2706.0,2019-08-13,2019-12-16,2019-08-21,0.23293449255401566,-117,125,2019,0,24,Queens,4.065093989357153,1,0,0,0,0
24,Q088,P.S. 88 - QUEENS,SCA CIP RESOA,FY19 RESO A SUPPLEMENTAL COOLING,Design,Complete,4/2/2019,9/3/2019,9/23/2019,48000,48038,42027,DSF0000890870,48000.0,48038.0,42027.0,2019-04-02,2019-09-03,2019-09-23,1.0007916666666667,20,154,2019,0,24,Queens,4.681241237375588,0,0,0,0,0
24,Q089,P.S. 89 - QUEENS,SCA CIP RESOA,FY19 RESO A GYMNASIUM UPGRADE,Design,Complete,7/3/2019,11/19/2019,11/19/2019,54000,50084,47984,DSF0000890688,54000.0,50084.0,47984.0,2019-07-03,2019-11-19,2019-11-19,0.9274814814814815,0,139,2019,0,24,Queens,4.732393759822968,0,0,0,0,0
27,Q090,P.S. 90 - QUEENS,SCA CIP,AUDITORIUM UPGRADE,Design,Complete,2/21/2018,7/23/2018,5/18/2018,102190,108899,105040,DSF0000743438,102190.0,108899.0,105040.0,2018-02-21,2018-07-23,2018-05-18,1.0656522164595361,-66,152,2018,0,27,Queens,5.009408399151867,0,0,0,0,0
27,Q090,P.S. 90 - QUEENS,SCA CIP,AUDITORIUM UPGRADE,Scope,Complete,6/13/2017,10/13/2017,9/25/2017,27870,25815,25419,DSF0000743438,27870.0,25815.0,25419.0,2017-06-13,2017-10-13,2017-09-25,0.926264800861141,-18,122,2017,0,27,Queens,4.445136968713304,0,0,0,0,0
24,Q091,P.S. 91 - QUEENS,SCA CIP,ROOFS / EXTERIOR MASONRY / PARAPETS,Scope,Complete,7/9/2019,11/22/2019,11/14/2019,67705,81301,81208,"DSF0000901811, DSF0000901812, DSF0000947337",67705.0,81301.0,81208.0,2019-07-09,2019-11-22,2019-11-14,1.2008123476848092,-8,136,2019,1,24,Queens,4.83062074242556,0,0,1,0,0
24,Q093,I.S. 93 - QUEENS,SCA CIP,ELECTRICAL WORK FOR A/C INITIATIVE / LL26 CODE COMPLIANCE/EXIT SIGN REPLACEMENT,Design,Complete,11/21/2019,4/24/2020,1/30/2020,28721,20034,20034,"DSF0000912098, DSF0000960473",28721.0,20034.0,20034.0,2019-11-21,2020-04-24,2020-01-30,0.6975383865464294,-85,155,2019,0,24,Queens,4.458199556981169,1,0,0,0,0
24,Q093,I.S. 93 - QUEENS,SCA CIP,ACCESSIBILITY / WINDOWS / ROOFS / EXTERIOR MASONRY / PARAPETS,Design,Complete,5/1/2015,11/16/2017,4/19/2018,1227451,1146911,920416,"DSF0000800329, DSF0000812371, DSF0000789064, DSF0000789066, DSF0000812370",1227451.0,1146911.0,920416.0,2015-05-01,2017-11-16,2018-04-19,0.9343843460960967,154,930,2015,1,24,Queens,6.089004164050105,0,0,1,0,1
24,Q093,I.S. 93 - QUEENS,SCA CIP,ACCESSIBILITY / WINDOWS / ROOFS / EXTERIOR MASONRY / PARAPETS,Scope,Complete,8/27/2014,4/13/2015,3/9/2015,309057,263614,260052,"DSF0000800329, DSF0000812371, DSF0000789064, DSF0000789066, DSF0000812370",309057.0,263614.0,260052.0,2014-08-27,2015-04-13,2015-03-09,0.8529623985219555,-35,229,2014,0,24,Queens,5.490038584611051,0,0,1,0,1
29,Q095,P.S. 95 - QUEENS,SCA CIP,ELECTRICAL WORK FOR A/C INITIATIVE,Design,Complete,12/21/2018,5/24/2019,5/16/2019,79640,26104,26104,DSF0000891051,79640.0,26104.0,26104.0,2018-12-21,2019-05-24,2019-05-16,0.32777498744349576,-8,154,2018,0,29,Queens,4.9011312513553715,1,0,0,0,0
29,Q095,P.S. 95 - QUEENS,SCA CIP,ELECTRICAL WORK FOR A/C INITIATIVE,Scope,Complete,12/10/2018,4/12/2019,12/21/2018,21720,6526,6526,DSF0000891051,21720.0,6526.0,6526.0,2018-12-10,2019-04-12,2018-12-21,0.30046040515653777,-112,123,2018,0,29,Queens,4.33685982091681,1,0,0,0,0
27,Q096,P.S. 96 - QUEENS,SCA CIP,DEMOLITION,Scope,Complete,10/27/2020,10/27/2020,10/27/2020,18939,0,0,DSF0000912660,18939.0,0.0,0.0,2020-10-27,2020-10-27,2020-10-27,0.0,0,0,2020,0,27,Queens,4.277357044047016,0,0,0,0,0
27,Q097,P.S. 97 - QUEENS,SCA CIP,ELECTRICAL WORK FOR A/C INITIATIVE,Design,Complete,5/1/2019,10/1/2019,8/30/2019,24840,9217,9217,DSF0000912099,24840.0,9217.0,9217.0,2019-05-01,2019-10-01,2019-08-30,0.3710547504025765,-32,153,2019,0,27,Queens,4.3951515915045425,1,0,0,0,0
27,Q097,P.S. 97 - QUEENS,SCA CIP RESOA,FY20 RESO A IPDVS CAMERA INSTALLATION,Design,Complete,4/3/2020,9/28/2020,5/15/2020,36000,15245,15245,DSF0000913393,36000.0,15245.0,15245.0,2020-04-03,2020-09-28,2020-05-15,0.42347222222222225,-136,178,2020,0,27,Queens,4.556302500767287,0,0,0,0,0
26,Q098,P.S. 98 - QUEENS,SCA CIP,DETERIORATED MASONRY,Design,Complete,9/19/2018,2/25/2019,5/13/2019,237420,99653,88712,DSF0000901929,237420.0,99653.0,88712.0,2018-09-19,2019-02-25,2019-05-13,0.41973296268216664,77,159,2018,0,26,Queens,5.375517300649672,0,0,1,0,0
26,Q098,P.S. 98 - QUEENS,SCA CIP,DETERIORATED MASONRY,Scope,Complete,3/14/2018,7/27/2018,8/22/2018,59355,20738,20738,DSF0000901929,59355.0,20738.0,20738.0,2018-03-14,2018-07-27,2018-08-22,0.34938926796394576,26,135,2018,0,26,Queens,4.773457309321709,0,0,1,0,0
28,Q099,P.S. 99 - QUEENS,SCA CIP,ELECTRICAL WORK FOR A/C INITIATIVE,Design,Complete,10/1/2019,3/6/2020,11/20/2019,22839,6580,6475,DSF0000912710,22839.0,6580.0,6475.0,2019-10-01,2020-03-06,2019-11-20,0.2881036822978239,-107,157,2019,0,28,Queens,4.358677084512974,1,0,0,0,0
24,Q102,P.S. 102 - QUEENS,SCA CIP,FLOOD ELIMINATION / PARAPETS / EXTERIOR MASONRY / ROOFS / WINDOWS,Design,Complete,2/15/2019,7/18/2019,5/7/2019,846000,564135,459743,"DSF0000879111, DSF0000879114, DSF0000879115, DSF0000912469, DSF0000912468",846000.0,564135.0,459743.0,2019-02-15,2019-07-18,2019-05-07,0.6668262411347518,-72,153,2019,0,24,Queens,5.9273703630390235,0,0,1,0,0
24,Q102,P.S. 102 - QUEENS,SCA CIP,FLOOD ELIMINATION / PARAPETS / EXTERIOR MASONRY / ROOFS / WINDOWS,Scope,Complete,10/25/2018,3/15/2019,2/14/2019,211500,186884,185870,"DSF0000879111, DSF0000879114, DSF0000879115, DSF0000912469, DSF0000912468",211500.0,186884.0,185870.0,2018-10-25,2019-03-15,2019-02-14,0.8836122931442081,-29,141,2018,0,24,Queens,5.325310371711061,0,0,1,0,0
27,Q104,P.S. 104 - QUEENS,SCA CIP,BOILER REPLACEMENT / CLIMATE CONTROL / HVAC,Design,Complete,3/13/2015,8/12/2015,2/9/2016,412894,467663,400948,"DSF0000856554, DSF0000812532, DSF0000821892",412894.0,467663.0,400948.0,2015-03-13,2015-08-12,2016-02-09,1.1326466356982663,181,152,2015,1,27,Queens,5.6158385719378545,0,1,0,0,0
27,Q104,P.S. 104 - QUEENS,SCA CIP,DOWNTOWN FAR ROCKAWAY REZONING PARK UPGRADES,Design,Complete,8/27/2019,1/15/2020,3/31/2020,71260,56528,55133,DSF0000911829,71260.0,56528.0,55133.0,2019-08-27,2020-01-15,2020-03-31,0.7932641032837496,76,141,2019,0,27,Queens,4.8528458180149965,0,0,0,0,0
27,Q104,P.S. 104 - QUEENS,SCA CIP,DOWNTOWN FAR ROCKAWAY REZONING PARK UPGRADES,Scope,Complete,5/22/2019,8/21/2019,8/13/2019,15836,20425,20425,DSF0000911829,15836.0,20425.0,20425.0,2019-05-22,2019-08-21,2019-08-13,1.2897827734276333,-8,91,2019,1,27,Queens,4.199645493080167,0,0,0,0,0
27,Q104,P.S. 104 - QUEENS,SCA CIP,BOILER REPLACEMENT / CLIMATE CONTROL / HVAC,Scope,Complete,10/21/2014,3/26/2015,1/22/2015,103717,106422,106422,"DSF0000856554, DSF0000812532, DSF0000821892",103717.0,106422.0,106422.0,2014-10-21,2015-03-26,2015-01-22,1.0260805846678944,-63,156,2014,0,27,Queens,5.015849946370661,0,1,0,0,0
25,Q107,P.S. 107 - QUEENS,SCA CIP,FLOOD ELIMINATION / ROOFS / PARAPETS / EXTERIOR MASONRY,Design,Complete,1/21/2020,6/19/2020,6/30/2020,250924,203107,184310,"DSF0000902050, DSF0000902052, DSF0000902053, DSF0000902054",250924.0,203107.0,184310.0,2020-01-21,2020-06-19,2020-06-30,0.8094363233489025,11,150,2020,0,25,Queens,5.399542202044323,0,0,1,0,0
25,Q107,P.S. 107 - QUEENS,SCA CIP,FLOOD ELIMINATION / ROOFS / PARAPETS / EXTERIOR MASONRY,Scope,Complete,8/27/2019,1/15/2020,1/15/2020,51235,50852,50852,"DSF0000902050, DSF0000902052, DSF0000902053, DSF0000902054",51235.0,50852.0,50852.0,2019-08-27,2020-01-15,2020-01-15,0.9925246413584464,0,141,2019,0,25,Queens,4.709566740542544,0,0,1,0,0
27,Q108,P.S. 108 - QUEENS,SCA CIP,FLOOD ELIMINATION / ROOFS / EXTERIOR MASONRY / WINDOWS / PARAPETS,Design,Complete,2/19/2019,7/19/2019,5/6/2019,1393442,793319,665576,"DSF0000879196, DSF0000879198, DSF0000879199, DSF0000912414, DSF0000902075",1393442.0,793319.0,665576.0,2019-02-19,2019-07-19,2019-05-06,0.5693233015798289,-74,150,2019,0,27,Queens,6.144088896548302,0,0,1,0,0
27,Q108,P.S. 108 - QUEENS,SCA CIP,FLOOD ELIMINATION / ROOFS / EXTERIOR MASONRY / WINDOWS / PARAPETS,Scope,Complete,10/25/2018,3/15/2019,2/19/2019,348361,248943,237942,"DSF0000879196, DSF0000879198, DSF0000879199, DSF0000912414, DSF0000902075",348361.0,248943.0,237942.0,2018-10-25,2019-03-15,2019-02-19,0.7146121408538844,-24,141,2018,0,27,Queens,5.542029528560486,0,0,1,0,0
27,Q108,P.S. 108 - QUEENS,SCA CIP RESOA,FY19 RESO A COMPUTER LAB UPGRADE,Design,Complete,6/19/2019,11/4/2019,10/10/2019,70500,48700,46997,DSF0000890875,70500.0,48700.0,46997.0,2019-06-19,2019-11-04,2019-10-10,0.6907801418439716,-25,138,2019,0,27,Queens,4.848189116991398,0,0,0,0,0
29,Q109,I.S. 109 - QUEENS,SCA CIP,ELECTRICAL WORK FOR A/C INITIATIVE / LL26 CODE COMPLIANCE/EXIT SIGN REPLACEMENT,Design,Complete,11/21/2019,4/24/2020,2/5/2020,22635,22594,22594,"DSF0000912712, DSF0000960471",22635.0,22594.0,22594.0,2019-11-21,2020-04-24,2020-02-05,0.9981886459023636,-79,155,2019,0,29,Queens,4.354780498831271,1,0,0,0,0
30,Q111,P.S. 111 - QUEENS,SCA CIP RESOA,FY19 RESO A GYMNASIUM UPGRADE,Design,Complete,4/22/2019,9/5/2019,5/17/2019,27000,27076,26058,DSF0000890877,27000.0,27076.0,26058.0,2019-04-22,2019-09-05,2019-05-17,1.0028148148148148,-111,136,2019,0,30,Queens,4.431363764158987,0,0,0,0,0
30,Q112,P.S. 112 - QUEENS,SCA CIP,ROOFS / PARAPETS / EXTERIOR MASONRY,"CM,F&E",Complete,7/23/2018,4/12/2020,7/23/2020,604678,655392,653434,"DSF0000879253, DSF0000879254, DSF0000879255",604678.0,655392.0,653434.0,2018-07-23,2020-04-12,2020-07-23,1.0838694313337016,102,629,2018,1,30,Queens,5.781524167957008,0,0,1,0,0
30,Q112,P.S. 112 - QUEENS,SCA CIP,ROOFS / PARAPETS / EXTERIOR MASONRY,Construction,Complete,7/23/2018,4/12/2020,7/23/2020,7006914,6679032,6509856,"DSF0000879253, DSF0000879254, DSF0000879255",7006914.0,6679032.0,6509856.0,2018-07-23,2020-04-12,2020-07-23,0.9532059334537287,102,629,2018,1,30,Queens,6.845526787173232,0,0,1,0,0
30,Q112,P.S. 112 - QUEENS,SCA CIP,ROOFS / PARAPETS / EXTERIOR MASONRY,Design,Complete,3/5/2018,8/2/2018,5/18/2018,414584,439026,432106,"DSF0000879253, DSF0000879254, DSF0000879255",414584.0,439026.0,432106.0,2018-03-05,2018-08-02,2018-05-18,1.0589554830866603,-76,150,2018,0,30,Queens,5.6176125373965435,0,0,1,0,0
30,Q112,P.S. 112 - QUEENS,SCA CIP,ROOFS / PARAPETS / EXTERIOR MASONRY,Scope,Complete,12/18/2017,5/4/2018,3/5/2018,105781,163871,161789,"DSF0000879253, DSF0000879254, DSF0000879255",105781.0,163871.0,161789.0,2017-12-18,2018-05-04,2018-03-05,1.549153439653624,-60,137,2017,1,30,Queens,5.024407668302451,0,0,1,0,0
30,Q112,P.S. 112 - QUEENS,SCA CIP RESOA,FY17 RESO A PLAYGROUND REDEVELOPMENT,Design,Complete,3/24/2017,8/8/2017,5/17/2017,78533,99086,99086,DSF0000844957,78533.0,99086.0,99086.0,2017-03-24,2017-08-08,2017-05-17,1.2617116371461679,-83,137,2017,1,30,Queens,4.895052188036304,0,0,0,0,0
29,Q116,P.S. 116 - QUEENS,SCA CIP,ELECTRICAL WORK FOR A/C INITIATIVE / LL26 CODE COMPLIANCE/EXIT SIGN REPLACEMENT,Design,Complete,6/3/2019,11/1/2019,10/30/2019,26523,19462,19462,"DSF0000911971, DSF0000912598",26523.0,19462.0,19462.0,2019-06-03,2019-11-01,2019-10-30,0.7337782302152849,-2,151,2019,0,29,Queens,4.42362264528925,1,0,0,0,0
28,Q117,P.S. 117 - QUEENS,SCA CIP,ELECTRICAL WORK FOR A/C INITIATIVE,Design,Complete,8/13/2019,1/16/2020,1/17/2020,22553,13400,13400,DSF0000912713,22553.0,13400.0,13400.0,2019-08-13,2020-01-16,2020-01-17,0.5941559881168802,1,156,2019,0,28,Queens,4.35320431990742,1,0,0,0,0
24,Q119,I.S. 119 - QUEENS,SCA CIP,ROOFS / FLOOD ELIMINATION / PARAPETS / WINDOWS / EXTERIOR MASONRY / FIRE ALARM / LL26 EXIT SIGNS / EXTERIOR DOORS,Design,Complete,12/2/2019,6/15/2020,5/12/2020,1127362,477315,454768,"DSF0000902236, DSF0000902234, DSF0000902237, DSF0000902238, DSF0000902239, DSF0000902233, DSF0000960625, DSF0000947795",1127362.0,477315.0,454768.0,2019-12-02,2020-06-15,2020-05-12,0.4233910669332477,-34,196,2019,0,24,Queens,6.0520633919632845,0,0,1,1,0
24,Q119,I.S. 119 - QUEENS,SCA CIP,ROOFS / FLOOD ELIMINATION / PARAPETS / WINDOWS / EXTERIOR MASONRY / FIRE ALARM / LL26 EXIT SIGNS / EXTERIOR DOORS,Scope,Complete,6/24/2019,12/20/2019,11/18/2019,228659,360899,331862,"DSF0000902236, DSF0000902234, DSF0000902237, DSF0000902238, DSF0000902239, DSF0000902233, DSF0000960625, DSF0000947795",228659.0,360899.0,331862.0,2019-06-24,2019-12-20,2019-11-18,1.5783284279210528,-32,179,2019,1,24,Queens,5.359188299849279,0,0,1,1,0
24,Q119,I.S. 119 - QUEENS,SCA CIP RESOA,FY19 RESO A AUDITORIUM UPGRADE,Design,Complete,6/3/2019,11/1/2019,3/12/2020,27000,45125,42688,DSF0000890879,27000.0,45125.0,42688.0,2019-06-03,2019-11-01,2020-03-12,1.6712962962962963,132,151,2019,1,24,Queens,4.431363764158987,0,0,0,0,0
25,Q120,P.S. 120 - QUEENS,SCA CIP,FLOOD ELIMINATION / ROOFS / PARAPETS / EXTERIOR MASONRY / WINDOWS,Scope,Complete,5/27/2020,11/23/2020,10/21/2020,185739,147452,52338,"DSF0000947804, DSF0000947806, DSF0000947807, DSF0000947808, DSF0001008590",185739.0,147452.0,52338.0,2020-05-27,2020-11-23,2020-10-21,0.7938666623595475,-33,180,2020,0,25,Queens,5.26890310302072,0,0,1,0,0
28,Q121,P.S. 121 - QUEENS,SCA CIP,ROOFS / PARAPETS / WINDOWS / EXTERIOR MASONRY / FENCING / FLOOD ELIMINATION / EXTERIOR DOORS,Design,Complete,2/25/2019,7/25/2019,5/9/2019,1072388,544913,544221,"DSF0000879400, DSF0000879401, DSF0000879402, DSF0000879403, DSF0000902285, DSF0000912452, DSF0000902289",1072388.0,544913.0,544221.0,2019-02-25,2019-07-25,2019-05-09,0.5081304527838805,-77,150,2019,0,28,Queens,6.030351945591575,0,0,1,0,0
28,Q121,P.S. 121 - QUEENS,SCA CIP,ELECTRICAL WORK FOR A/C INITIATIVE / LL26 CODE COMPLIANCE/EXIT SIGN REPLACEMENT,Design,Complete,11/21/2019,4/24/2020,1/17/2020,25778,14974,14974,"DSF0000912019, DSF0000960470",25778.0,14974.0,14974.0,2019-11-21,2020-04-24,2020-01-17,0.5808829234230739,-98,155,2019,0,28,Queens,4.411249219353385,1,0,0,0,0
28,Q121,P.S. 121 - QUEENS,SCA CIP,ROOFS / PARAPETS / WINDOWS / EXTERIOR MASONRY / FENCING / FLOOD ELIMINATION / EXTERIOR DOORS,Scope,Complete,10/11/2018,3/1/2019,2/11/2019,271933,238596,216903,"DSF0000879400, DSF0000879401, DSF0000879402, DSF0000879403, DSF0000902285, DSF0000912452, DSF0000902289",271933.0,238596.0,216903.0,2018-10-11,2019-03-01,2019-02-11,0.8774073025340801,-18,141,2018,0,28,Queens,5.434461913906978,0,0,1,0,0
30,Q122,P.S. 122 - QUEENS,SCA CIP,PATH OF TRAVEL AUDITORIUM UPGRADE,Design,Complete,5/27/2020,7/28/2020,6/30/2020,20543,20543,4287,DSF0000960714,20543.0,20543.0,4287.0,2020-05-27,2020-07-28,2020-06-30,1.0,-28,62,2020,0,30,Queens,4.312663866150631,0,0,0,0,1
30,Q122,P.S. 122 - QUEENS,SCA CIP,ELECTRICAL WORK FOR A/C INITIATIVE / LL26 CODE COMPLIANCE/EXIT SIGN REPLACEMENT,Design,Complete,10/7/2019,3/12/2020,1/29/2020,63912,8615,8615,"DSF0000912715, DSF0000914325",63912.0,8615.0,8615.0,2019-10-07,2020-03-12,2020-01-29,0.13479471773688823,-43,157,2019,0,30,Queens,4.805582408150547,1,0,0,0,0
30,Q122,P.S. 122 - QUEENS,SCA CIP,ELECTRICAL WORK FOR A/C INITIATIVE / LL26 CODE COMPLIANCE/EXIT SIGN REPLACEMENT,Scope,Complete,8/16/2019,2/10/2020,10/7/2019,14203,2153,2153,"DSF0000912715, DSF0000914325",14203.0,2153.0,2153.0,2019-08-16,2020-02-10,2019-10-07,0.15158769274097023,-126,178,2019,0,30,Queens,4.152380087047603,1,0,0,0,0
30,Q122,P.S. 122 - QUEENS,SCA CIP,PATH OF TRAVEL AUDITORIUM UPGRADE,Scope,Complete,3/18/2020,7/31/2020,5/26/2020,15815,15815,1022,DSF0000960714,15815.0,15815.0,1022.0,2020-03-18,2020-07-31,2020-05-26,1.0,-66,135,2020,0,30,Queens,4.199069196251742,0,0,0,0,1
30,Q122,P.S. 122 - QUEENS,SCA CIP RESOA,FY16 RESO A SOLAR PANELS,Design,Complete,11/7/2017,4/12/2018,5/9/2018,74181,214717,189476,DSF0000823589,74181.0,214717.0,189476.0,2017-11-07,2018-04-12,2018-05-09,2.89450128739165,27,156,2017,1,30,Queens,4.870292683556553,0,0,0,0,0
30,Q122,P.S. 122 - QUEENS,SCA CIP RESOA,FY18 RESO A CAFETERIA / MULTIPURPOSE ROOM UPGRADE,Design,Complete,10/1/2018,2/20/2019,3/8/2019,34320,80869,67483,DSF0000867275,34320.0,80869.0,67483.0,2018-10-01,2019-02-20,2019-03-08,2.3563228438228436,16,142,2018,1,30,Queens,4.535547279176668,0,0,0,0,0
27,Q123,P.S. 123 - QUEENS,SCA CIP,ELECTRICAL WORK FOR A/C INITIATIVE,Design,Complete,6/20/2019,11/21/2019,8/28/2019,17550,6553,6553,DSF0000912100,17550.0,6553.0,6553.0,2019-06-20,2019-11-21,2019-08-28,0.37339031339031337,-85,154,2019,0,27,Queens,4.244277120801843,1,0,0,0,0
27,Q123,P.S. 123 - QUEENS,SCA CIP,TCU REMOVAL & PLAYGROUND REDEVELOPMENT,Design,Complete,11/10/2015,5/13/2016,5/10/2016,64920,172833,168910,DSF0000821930,64920.0,172833.0,168910.0,2015-11-10,2016-05-13,2016-05-10,2.66224584103512,-3,185,2015,1,27,Queens,4.812378511154194,0,0,0,0,0
27,Q123,P.S. 123 - QUEENS,SCA CIP,TCU REMOVAL & PLAYGROUND REDEVELOPMENT,Scope,Complete,7/20/2015,1/21/2016,10/21/2015,16230,58495,58495,DSF0000821930,16230.0,58495.0,58495.0,2015-07-20,2016-01-21,2015-10-21,3.604128157732594,-92,185,2015,1,27,Queens,4.210318519826232,0,0,0,0,0
27,Q123,P.S. 123 - QUEENS,SCA CIP RESOA,FY19 RESO A IPDVS CAMERA INSTALLATION,Design,Complete,2/20/2019,8/14/2019,5/13/2019,54126,11748,11748,DSF0000890881,54126.0,11748.0,11748.0,2019-02-20,2019-08-14,2019-05-13,0.21704910763773416,-93,175,2019,0,27,Queens,4.733405933203824,0,0,0,0,0
27,Q123,P.S. 123 - QUEENS,SCA CIP RESOA,FY19 RESO A LIBRARY UPGRADE,Design,Complete,1/30/2019,6/14/2019,5/14/2019,27900,52041,43266,DSF0000890880,27900.0,52041.0,43266.0,2019-01-30,2019-06-14,2019-05-14,1.865268817204301,-31,135,2019,1,27,Queens,4.445604203273597,0,0,0,0,0
27,Q124,P.S. 124 - QUEENS,SCA CIP,PLANYC BOILER CONVERSION / PLANYC CLIMATE CONTROL,Design,Complete,12/7/2016,5/10/2017,5/11/2017,324840,521538,498065,"DSF0000798317, DSF0000789560",324840.0,521538.0,498065.0,2016-12-07,2017-05-10,2017-05-11,1.6055227188769856,1,154,2016,1,27,Queens,5.511669501818131,0,1,0,0,0
27,Q124,P.S. 124 - QUEENS,SCA CIP,PLANYC BOILER CONVERSION / PLANYC CLIMATE CONTROL,Scope,Complete,10/17/2016,3/22/2017,11/22/2016,81210,98207,98207,"DSF0000798317, DSF0000789560",81210.0,98207.0,98207.0,2016-10-17,2017-03-22,2016-11-22,1.2092968846201206,-120,156,2016,1,27,Queens,4.909609510490169,0,1,0,0,0
27,Q124,P.S. 124 - QUEENS,SCA CIP,HVAC CHILLER SYSTEM,Scope,Complete,5/28/2019,9/30/2019,11/21/2019,18363,20379,20379,DSF0000902352,18363.0,20379.0,20379.0,2019-05-28,2019-09-30,2019-11-21,1.1097859826825682,52,125,2019,1,27,Queens,4.26394363421885,0,1,0,0,0
27,Q124,P.S. 124 - QUEENS,SCA CIP RESOA,FY19 RESO A GYMNASIUM UPGRADE,Design,Complete,11/13/2019,4/1/2020,6/24/2020,21000,29715,27985,DSF0000890883,21000.0,29715.0,27985.0,2019-11-13,2020-04-01,2020-06-24,1.415,84,140,2019,1,27,Queens,4.3222192947339195,0,0,0,0,0
27,Q124,P.S. 124 - QUEENS,SCA CIP RESOA,FY19 RESO A AUDITORIUM UPGRADE,Design,Complete,11/13/2019,4/16/2020,6/19/2020,21000,36656,34372,DSF0000890882,21000.0,36656.0,34372.0,2019-11-13,2020-04-16,2020-06-19,1.7455238095238095,64,155,2019,1,27,Queens,4.3222192947339195,0,0,0,0,0
24,Q125,I.S. 125 - QUEENS,SCA CIP,ELECTRICAL WORK FOR A/C INITIATIVE,Design,Complete,6/7/2018,6/7/2018,6/7/2018,26540,24190,24190,DSF0000868320,26540.0,24190.0,24190.0,2018-06-07,2018-06-07,2018-06-07,0.9114544084400904,0,0,2018,0,24,Queens,4.423900918528417,1,0,0,0,0
30,Q126,I.S. 126 - QUEENS,SCA CIP,IPDVS CAMERA INSTALLATION,Design,Complete,11/3/2017,5/3/2018,4/18/2018,22869,21729,20642,DSF0000867066,22869.0,21729.0,20642.0,2017-11-03,2018-05-03,2018-04-18,0.9501508592417683,-15,181,2017,0,30,Queens,4.359247174489695,0,0,0,0,0
30,Q126,THE 30TH AVENUE SCHOOL,SCA CIP RESOA,FY18 RESO A SCIENCE LAB UPGRADES,Design,Complete,8/10/2018,1/15/2019,3/27/2019,37989,61534,59608,DSF0000866399,37989.0,61534.0,59608.0,2018-08-10,2019-01-15,2019-03-27,1.6197846745110427,71,158,2018,1,30,Queens,4.579657861593733,0,0,0,0,0
30,Q127,P.S. 127 - QUEENS,SCA CIP,ELECTRICAL WORK FOR A/C INITIATIVE / LL26 CODE COMPLIANCE/EXIT SIGN REPLACEMENT,Design,Complete,4/23/2019,9/23/2019,8/28/2019,26191,18327,18327,"DSF0000912102, DSF0000912492",26191.0,18327.0,18327.0,2019-04-23,2019-09-23,2019-08-28,0.6997441869344432,-26,153,2019,0,30,Queens,4.418152080563105,1,0,0,0,0
25,Q129,P.S. 129 - QUEENS,SCA Capacity,ADDITION,OUTROS,Complete,5/30/2018,9/3/2020,8/14/2020,7200060,5401511,5123100,DSF0000843833,7200060.0,5401511.0,5123100.0,2018-05-30,2020-09-03,2020-08-14,0.750203609414366,-20,827,2018,0,25,Queens,6.857336115536872,0,0,0,0,0
25,Q129,P.S. 129 - QUEENS,SCA Capacity,ADDITION,Construction,Complete,5/30/2018,9/3/2020,8/14/2020,51129540,47486340,44934169,DSF0000843833,51129540.0,47486340.0,44934169.0,2018-05-30,2020-09-03,2020-08-14,0.9287456918251171,-20,827,2018,0,25,Queens,7.708671885502591,0,0,0,0,0
25,Q129,P.S. 129 - QUEENS,SCA Capacity,ADDITION,Design,Complete,2/1/2017,9/15/2017,10/16/2017,3645600,3287585,2632229,DSF0000843833,3645600.0,3287585.0,2632229.0,2017-02-01,2017-09-15,2017-10-16,0.9017953149001536,31,226,2017,0,25,Queens,6.561769015574392,0,0,0,0,0
25,Q129,P.S. 129 - QUEENS,SCA Capacity,ADDITION,Scope,Complete,9/13/2016,1/31/2017,1/31/2017,1139250,1279206,1251269,DSF0000843833,1139250.0,1279206.0,1251269.0,2016-09-13,2017-01-31,2017-01-31,1.1228492429229757,0,140,2016,1,25,Queens,6.056619037254486,0,0,0,0,0
26,Q130,P.S. 130 - QUEENS,SCA CIP,ELECTRICAL WORK FOR A/C INITIATIVE,Design,Complete,8/7/2019,1/10/2020,1/22/2020,24433,11172,11172,DSF0000912716,24433.0,11172.0,11172.0,2019-08-07,2020-01-10,2020-01-22,0.4572504399787173,12,156,2019,0,26,Queens,4.387976794990437,1,0,0,0,0
29,Q131,P.S. 131 - QUEENS,SCA Capacity,ADDITION,Design,Complete,9/11/2017,3/16/2018,4/26/2018,3717440,2313565,1705993,DSF0000843904,3717440.0,2313565.0,1705993.0,2017-09-11,2018-03-16,2018-04-26,0.6223543621416889,41,186,2017,0,29,Queens,6.570243967677058,0,0,0,0,0
29,Q131,P.S. 131 - QUEENS,SCA Capacity,ADDITION,Scope,Complete,3/17/2017,9/7/2017,9/8/2017,1161700,840582,839159,DSF0000843904,1161700.0,840582.0,839159.0,2017-03-17,2017-09-07,2017-09-08,0.7235792373246105,1,174,2017,0,29,Queens,6.065093989357153,0,0,0,0,0
29,Q131,P.S. 131 - QUEENS,SCA CIP,ELECTRICAL WORK FOR A/C INITIATIVE / LL26 CODE COMPLIANCE/EXIT SIGN REPLACEMENT,Design,Complete,9/27/2019,3/4/2020,12/3/2019,27902,8669,8669,"DSF0000912020, DSF0000912662",27902.0,8669.0,8669.0,2019-09-27,2020-03-04,2019-12-03,0.31069457386567273,-92,159,2019,0,29,Queens,4.445635334378726,1,0,0,0,0
29,Q131,P.S. 131 - QUEENS,SCA CIP,WINDOWS,Scope,Complete,5/19/2020,11/16/2020,10/26/2020,41423,180838,118042,DSF0000960540,41423.0,180838.0,118042.0,2020-05-19,2020-11-16,2020-10-26,4.365642276030225,-21,181,2020,1,29,Queens,4.617241548837126,0,0,0,0,0
29,Q132,P.S. 132 - QUEENS,SCA CIP RESOA,FY18 RESO A KITCHEN AREAS,Design,Complete,5/15/2018,10/16/2018,5/6/2019,262041,176552,172566,DSF0000867322,262041.0,176552.0,172566.0,2018-05-15,2018-10-16,2019-05-06,0.6737571601390622,202,154,2018,1,29,Queens,5.418369248116234,0,0,0,0,0
26,Q133,P.S. 133 - QUEENS,SCA CIP,ELECTRICAL WORK FOR A/C INITIATIVE,Design,Complete,8/15/2019,1/21/2020,1/22/2020,26744,12252,12252,DSF0000912717,26744.0,12252.0,12252.0,2019-08-15,2020-01-21,2020-01-22,0.45812144780137604,1,159,2019,0,26,Queens,4.427226363584512,1,0,0,0,0
29,Q134,P.S. 134 - QUEENS,SCA CIP,WATER PENETRATION / EXTERIOR MASONRY,Design,Complete,10/23/2019,3/27/2020,6/30/2020,22069,5840,5471,"DSF0000879647, DSF0000948069",22069.0,5840.0,5471.0,2019-10-23,2020-03-27,2020-06-30,0.26462458652408355,95,156,2019,1,29,Queens,4.343782654669529,0,0,1,0,0
29,Q136,P.S. 136 - QUEENS,SCA CIP,FULL PROGRAM ACCESSIBILITY / FIRE ALARM REPLACEMENT,Design,Complete,9/25/2019,3/17/2020,7/1/2020,72818,110430,51146,"DSF0000912356, DSF0000914286",72818.0,110430.0,51146.0,2019-09-25,2020-03-17,2020-07-01,1.516520640500975,106,174,2019,1,29,Queens,4.86223874654393,0,0,0,1,1
29,Q136,P.S. 136 - QUEENS,SCA CIP,FULL PROGRAM ACCESSIBILITY / FIRE ALARM REPLACEMENT,Scope,Complete,5/17/2019,10/2/2019,9/5/2019,16182,29253,29253,"DSF0000912356, DSF0000914286",16182.0,29253.0,29253.0,2019-05-17,2019-10-02,2019-09-05,1.8077493511308862,-27,138,2019,1,29,Queens,4.209032196836535,0,0,0,1,1
27,Q137,M.S. 137 - QUEENS,SCA CIP RESOA,FY20 RESO A AUDITORIUM UPGRADE,Design,Complete,5/1/2020,1/29/2021,12/23/2020,30000,18972,18972,DSF0000913406,30000.0,18972.0,18972.0,2020-05-01,2021-01-29,2020-12-23,0.6324,-37,273,2020,0,27,Queens,4.477121254719663,0,0,0,0,0
28,Q139,P.S. 139 - QUEENS,SCA CIP,ELECTRICAL WORK FOR A/C INITIATIVE,Design,Complete,10/9/2019,3/16/2020,3/25/2020,107640,14823,14823,DSF0000912720,107640.0,14823.0,14823.0,2019-10-09,2020-03-16,2020-03-25,0.13770903010033445,9,159,2019,0,28,Queens,5.031973689091717,1,0,0,0,0
28,Q139,P.S. 139 - QUEENS,SCA CIP,ELECTRICAL WORK FOR A/C INITIATIVE,Scope,Complete,8/22/2019,12/26/2019,10/9/2019,23920,3271,3271,DSF0000912720,23920.0,3271.0,3271.0,2019-08-22,2019-12-26,2019-10-09,0.136747491638796,-78,126,2019,0,28,Queens,4.378761175316373,1,0,0,0,0
28,Q139,P.S. 139 - QUEENS,SCA CIP RESOA,FY16 RESO A SUPPLEMENTAL COOLING,Design,Complete,8/7/2017,11/9/2017,11/22/2017,50400,50224,49035,DSF0000822884,50400.0,50224.0,49035.0,2017-08-07,2017-11-09,2017-11-22,0.9965079365079365,13,94,2017,0,28,Queens,4.702430536445525,0,0,0,0,0
28,Q140,P.S. 140 - QUEENS,SCA CIP,FLOOD ELIMINATION / ROOFS / PARAPETS / EXTERIOR MASONRY / WINDOWS / PERIMETER FENCING,Scope,Complete,5/19/2020,11/16/2020,10/7/2020,175206,248566,68793,"DSF0000948166, DSF0000948168, DSF0000948169, DSF0000948170, DSF0001008553, DSF0000997080",175206.0,248566.0,68793.0,2020-05-19,2020-11-16,2020-10-07,1.418707121902218,-40,181,2020,1,28,Queens,5.243548974676087,0,0,1,0,0
30,Q141,I.S. 141 - QUEENS,SCA CIP,ELECTRICAL WORK FOR A/C INITIATIVE / LL26 CODE COMPLIANCE/EXIT SIGN REPLACEMENT,Design,Complete,10/7/2019,3/12/2020,1/29/2020,29309,11206,11206,"DSF0000912722, DSF0000914324",29309.0,11206.0,11206.0,2019-10-07,2020-03-12,2020-01-29,0.38233989559520964,-43,157,2019,0,30,Queens,4.467001000905487,1,0,0,0,0
24,Q143,P.S. 143 - QUEENS,SCA Capacity,ADDITION,OUTROS,Complete,7/18/2017,3/17/2021,8/7/2020,13900840,7564879,7188883,DSF0000798195,13900840.0,7564879.0,7188883.0,2017-07-18,2021-03-17,2020-08-07,0.544203012192069,-222,1338,2017,0,24,Queens,7.143041044595266,0,0,0,0,0
24,Q143,P.S. 143 - QUEENS,SCA Capacity,ADDITION,Construction,Complete,7/18/2017,3/17/2021,8/7/2020,98713560,85821210,85782321,DSF0000798195,98713560.0,85821210.0,85782321.0,2017-07-18,2021-03-17,2020-08-07,0.8693963625666018,-222,1338,2017,0,24,Queens,7.994376814560987,0,0,0,0,0
24,Q143,P.S. 143 - QUEENS,SCA Capacity,ADDITION,Design,Complete,8/16/2016,3/17/2017,4/19/2017,7038400,6158649,3178207,DSF0000798195,7038400.0,6158649.0,3178207.0,2016-08-16,2017-03-17,2017-04-19,0.8750069618095022,33,213,2016,0,24,Queens,6.847473944632788,0,0,0,0,0
24,Q143,P.S. 143 - QUEENS,SCA Capacity,ADDITION,Scope,Complete,1/15/2016,9/2/2016,8/15/2016,2199500,2170642,2167617,DSF0000798195,2199500.0,2170642.0,2167617.0,2016-01-15,2016-09-02,2016-08-15,0.9868797453966811,-18,231,2016,0,24,Queens,6.342323966312882,0,0,0,0,0
24,Q143,P.S. 143 - QUEENS,SCA CIP,FLOOD ELIMINATION / ROOFS / PARAPETS / WINDOWS / EXTERIOR MASONRY / AIR CONDITIONING UNIT (RTU),Design,Complete,12/4/2019,6/15/2020,4/30/2020,859837,445689,407739,"DSF0000902669, DSF0000902670, DSF0000902671, DSF0000960662, DSF0000948236, DSF0000948250",859837.0,445689.0,407739.0,2019-12-04,2020-06-15,2020-04-30,0.518341267007584,-46,194,2019,0,24,Queens,5.934416129487771,0,0,1,0,0
24,Q143,P.S. 143 - QUEENS,SCA CIP,PHASE 3- PLAYGROUND REDEVELOPMENT FOR JOP,Scope,Complete,12/12/2018,4/16/2019,7/15/2019,24224,35752,35752,DSF0000798195,24224.0,35752.0,35752.0,2018-12-12,2019-04-16,2019-07-15,1.475891677675033,90,125,2018,1,24,Queens,4.3842458578199786,0,0,0,0,0
24,Q143,P.S. 143 - QUEENS,SCA CIP,HEATING PLANT UPGRADE,Scope,Complete,7/24/2020,12/28/2020,7/29/2020,12000,1123,1123,DSF0000948238,12000.0,1123.0,1123.0,2020-07-24,2020-12-28,2020-07-29,0.09358333333333334,-152,157,2020,0,24,Queens,4.079181246047625,0,1,0,0,0
24,Q143,P.S. 143 - QUEENS,SCA CIP,ROOM CONVERSIONS,Scope,Complete,11/5/2020,11/5/2020,11/5/2020,48000,0,0,DSF0001007720,48000.0,0.0,0.0,2020-11-05,2020-11-05,2020-11-05,0.0,0,0,2020,0,24,Queens,4.681241237375588,0,0,0,0,0
24,Q143,P.S. 143 - QUEENS,SCA CIP,FLOOD ELIMINATION / ROOFS / PARAPETS / WINDOWS / EXTERIOR MASONRY / AIR CONDITIONING UNIT (RTU),Scope,Complete,6/25/2019,12/23/2019,11/19/2019,171968,296921,274626,"DSF0000902669, DSF0000902670, DSF0000902671, DSF0000960662, DSF0000948236, DSF0000948250",171968.0,296921.0,274626.0,2019-06-25,2019-12-23,2019-11-19,1.7266061127651655,-34,181,2019,1,24,Queens,5.235447640417056,0,0,1,0,0
28,Q144,P.S. 144 - QUEENS,SCA CIP,FLOOD ELIMINATION / ROOFS / PARAPETS / EXTERIOR MASONRY,Design,Complete,12/13/2019,4/15/2020,7/30/2020,518916,315620,301835,"DSF0000902690, DSF0000902691, DSF0000902692, DSF0000902694",518916.0,315620.0,301835.0,2019-12-13,2020-04-15,2020-07-30,0.6082294629573958,106,124,2019,1,28,Queens,5.715097061723223,0,0,1,0,0
28,Q144,P.S. 144 - QUEENS,SCA CIP,FLOOD ELIMINATION / ROOFS / PARAPETS / EXTERIOR MASONRY,Scope,Complete,6/19/2019,11/4/2019,12/13/2019,103784,110448,104251,"DSF0000902690, DSF0000902691, DSF0000902692, DSF0000902694",103784.0,110448.0,104251.0,2019-06-19,2019-11-04,2019-12-13,1.064210282895244,39,138,2019,0,28,Queens,5.016130405079764,0,0,1,0,0
28,Q144,P.S. 144 - QUEENS,SCA CIP RESOA,FY17 RESO A SUPPLEMENTAL COOLING,Design,Complete,8/14/2019,12/16/2019,5/20/2020,71703,41694,39948,DSF0000844833,71703.0,41694.0,39948.0,2019-08-14,2019-12-16,2020-05-20,0.581481946362077,156,124,2019,1,28,Queens,4.8555373266048925,0,0,0,0,0
30,Q145,I.S. 145 - QUEENS,SCA CIP,PLANYC BOILER CONVERSION / PLANYC CLIMATE CONTROL,Design,Complete,4/1/2015,8/31/2015,8/26/2015,509820,281016,263192,"DSF0000798276, DSF0000789941",509820.0,281016.0,263192.0,2015-04-01,2015-08-31,2015-08-26,0.5512063081087443,-5,152,2015,0,30,Queens,5.7074168686367095,0,1,0,0,0
30,Q145,I.S. 145 - QUEENS,SCA CIP,PLANYC BOILER CONVERSION / PLANYC CLIMATE CONTROL,Scope,Complete,12/12/2014,5/15/2015,2/26/2015,127455,94563,94563,"DSF0000798276, DSF0000789941",127455.0,94563.0,94563.0,2014-12-12,2015-05-15,2015-02-26,0.7419324467459103,-78,154,2014,0,30,Queens,5.105356877308747,0,1,0,0,0
27,Q146,P.S. 146 - QUEENS,SCA CIP,TCU REMOVAL/PLAYGROUND REDEVELOPMENT / PATH OF TRAVEL TCU REMOVAL / PLAYGROUND REDEVELOPMENT,Design,Complete,3/13/2019,7/26/2019,5/16/2019,94600,81064,77170,"DSF0000889667, DSF0000912514",94600.0,81064.0,77170.0,2019-03-13,2019-07-26,2019-05-16,0.8569133192389007,-71,135,2019,0,27,Queens,4.975891136401793,0,0,0,0,1
27,Q146,P.S. 146 - QUEENS,SCA CIP,TCU REMOVAL/PLAYGROUND REDEVELOPMENT / PATH OF TRAVEL TCU REMOVAL / PLAYGROUND REDEVELOPMENT,Scope,Complete,1/15/2019,4/16/2019,3/13/2019,25800,27099,27017,"DSF0000889667, DSF0000912514",25800.0,27099.0,27017.0,2019-01-15,2019-04-16,2019-03-13,1.0503488372093024,-34,91,2019,0,27,Queens,4.41161970596323,0,0,0,0,1
30,Q148,P.S. 148 - QUEENS,SCA CIP,ELECTRICAL WORK FOR A/C INITIATIVE,Design,Complete,6/19/2019,11/20/2019,11/7/2019,16778,20320,20320,DSF0000912104,16778.0,20320.0,20320.0,2019-06-19,2019-11-20,2019-11-07,1.2111097866253426,-13,154,2019,1,30,Queens,4.224740190060544,1,0,0,0,0
30,Q148,P.S. 148 - QUEENS,SCA CIP,ROOFS / EXTERIOR MASONRY,Design,Complete,3/13/2019,8/12/2019,5/14/2019,214800,109662,109662,"DSF0000879918, DSF0000879919",214800.0,109662.0,109662.0,2019-03-13,2019-08-12,2019-05-14,0.5105307262569833,-90,152,2019,0,30,Queens,5.332034277027518,0,0,1,0,0
30,Q148,P.S. 148 - QUEENS,SCA CIP,ROOFS / EXTERIOR MASONRY,Scope,Complete,10/22/2018,3/12/2019,3/8/2019,53700,40382,40218,"DSF0000879918, DSF0000879919",53700.0,40382.0,40218.0,2018-10-22,2019-03-12,2019-03-08,0.7519925512104283,-4,141,2018,0,30,Queens,4.729974285699556,0,0,1,0,0
30,Q150,P.S. 150 - QUEENS,SCA CIP,FLOOD ELIMINATION / ROOFS / PARAPETS / EXTERIOR MASONRY,Design,Complete,11/13/2019,4/16/2020,6/26/2020,660206,414051,390381,"DSF0000902814, DSF0000902816, DSF0000902817, DSF0000902818",660206.0,414051.0,390381.0,2019-11-13,2020-04-16,2020-06-26,0.6271542518547242,71,155,2019,0,30,Queens,5.81967946691197,0,0,1,0,0
30,Q150,P.S. 150 - QUEENS,SCA CIP,FLOOD ELIMINATION / ROOFS / PARAPETS / EXTERIOR MASONRY,Scope,Complete,6/28/2019,11/14/2019,11/6/2019,132042,153594,150602,"DSF0000902814, DSF0000902816, DSF0000902817, DSF0000902818",132042.0,153594.0,150602.0,2019-06-28,2019-11-14,2019-11-06,1.1632207933839234,-8,139,2019,1,30,Queens,5.1207120938344755,0,0,1,0,0
30,Q150,P.S. 150 - QUEENS,SCA CIP RESOA,FY19 RESO A AUDITORIUM UPGRADE / PATH OF TRAVEL RESO A AUDITORIUM UPGRADE,Design,Complete,9/11/2019,1/13/2020,11/4/2019,26325,83200,54055,"DSF0000890891, DSF0000912302",26325.0,83200.0,54055.0,2019-09-11,2020-01-13,2019-11-04,3.1604938271604937,-70,124,2019,1,30,Queens,4.420368379857524,0,0,0,0,1
30,Q152,P.S. 152 - QUEENS,SCA CIP,ELECTRICAL WORK FOR A/C INITIATIVE,Design,Complete,7/2/2019,12/4/2019,11/6/2019,25472,12106,12106,DSF0000912105,25472.0,12106.0,12106.0,2019-07-02,2019-12-04,2019-11-06,0.47526695979899497,-28,155,2019,0,30,Queens,4.406063046057575,1,0,0,0,0
24,Q153,P.S. 153 - QUEENS,SCA CIP,ELECTRICAL WORK FOR A/C INITIATIVE / LL26 CODE COMPLIANCE/EXIT SIGN REPLACEMENT,Design,Complete,8/16/2019,1/22/2020,1/21/2020,25473,12501,12501,"DSF0000912724, DSF0000913019",25473.0,12501.0,12501.0,2019-08-16,2020-01-22,2020-01-21,0.4907549169709104,-1,159,2019,0,24,Queens,4.406080095600492,1,0,0,0,0
27,Q155,P.S. 155 - QUEENS,SCA CIP,FLOOD ELIMINATION / ROOFS / PARAPETS / WINDOWS / EXTERIOR MASONRY,Design,Complete,4/1/2019,8/29/2019,5/17/2019,666606,273311,244492,"DSF0000880044, DSF0000880046, DSF0000880047, DSF0000880048, DSF0000880049",666606.0,273311.0,244492.0,2019-04-01,2019-08-29,2019-05-17,0.41000381034674155,-104,150,2019,0,27,Queens,5.82386921834816,0,0,1,0,0
27,Q155,P.S. 155 - QUEENS,SCA CIP,FLOOD ELIMINATION / ROOFS / PARAPETS / WINDOWS / EXTERIOR MASONRY,Scope,Complete,10/30/2018,3/20/2019,4/1/2019,167054,108994,108464,"DSF0000880044, DSF0000880046, DSF0000880047, DSF0000880048, DSF0000880049",167054.0,108994.0,108464.0,2018-10-30,2019-03-20,2019-04-01,0.6524477115184312,12,141,2018,0,27,Queens,5.2228568789991705,0,0,1,0,0
29,Q156,P.S. 156 - QUEENS,SCA CIP,DEFECTIVE FLOORING REPLACEMENT,Scope,Complete,9/25/2019,3/2/2020,1/6/2020,16064,43043,43001,DSF0000902936,16064.0,43043.0,43001.0,2019-09-25,2020-03-02,2020-01-06,2.6794696215139444,-56,159,2019,1,29,Queens,4.205853695464925,0,0,0,0,0
28,Q157,J.H.S. 157 - QUEENS,SCA CIP RESOA,FY16 RESO A ROOM CONVERSIONS / DANCE STUDIO,Design,Complete,5/18/2016,10/19/2016,10/13/2016,35520,83317,81126,DSF0000822889,35520.0,83317.0,81126.0,2016-05-18,2016-10-19,2016-10-13,2.3456362612612613,-6,154,2016,1,28,Queens,4.550472957106564,0,0,0,0,0
26,Q158,J.H.S. 158 - QUEENS,SCA CIP,ELECTRICAL WORK FOR A/C INITIATIVE / LOW VOLTAGE ELECTRICAL / LL26 CODE COMPLIANCE/EXIT SIGN REPLACEMENT,Design,Complete,2/20/2019,7/22/2019,5/16/2019,151190,89384,89384,"DSF0000868321, DSF0000880102, DSF0000912319",151190.0,89384.0,89384.0,2019-02-20,2019-07-22,2019-05-16,0.5912031218995966,-67,152,2019,0,26,Queens,5.179523067035285,1,0,0,0,0
26,Q158,J.H.S. 158 - QUEENS,SCA CIP,ELECTRICAL WORK FOR A/C INITIATIVE / LOW VOLTAGE ELECTRICAL / LL26 CODE COMPLIANCE/EXIT SIGN REPLACEMENT,Scope,Complete,9/13/2018,6/19/2019,2/20/2019,39159,21909,21909,"DSF0000868321, DSF0000880102, DSF0000912319",39159.0,21909.0,21909.0,2018-09-13,2019-06-19,2019-02-20,0.5594882402512832,-119,279,2018,0,26,Queens,4.592831592732042,1,0,0,0,0
26,Q162,P.S. 162 - QUEENS,SCA CIP,PLANYC BOILER CONVERSION / PLANYC CLIMATE CONTROL,Design,Complete,11/9/2016,4/14/2017,4/26/2017,363300,395834,393941,"DSF0000798369, DSF0000798370",363300.0,395834.0,393941.0,2016-11-09,2017-04-14,2017-04-26,1.089551334984861,12,156,2016,0,26,Queens,5.560265397862715,0,1,0,0,0
26,Q162,P.S. 162 - QUEENS,SCA CIP,ELECTRICAL WORK FOR A/C INITIATIVE,Design,Complete,1/9/2019,6/11/2019,2/27/2019,30250,12585,11835,DSF0000889062,30250.0,12585.0,11835.0,2019-01-09,2019-06-11,2019-02-27,0.4160330578512397,-104,153,2019,0,26,Queens,4.480725378988487,1,0,0,0,0
26,Q162,P.S. 162 - QUEENS,SCA CIP,PLANYC BOILER CONVERSION / PLANYC CLIMATE CONTROL,Scope,Complete,9/19/2016,2/23/2017,11/3/2016,90825,112181,108312,"DSF0000798369, DSF0000798370",90825.0,112181.0,108312.0,2016-09-19,2017-02-23,2016-11-03,1.2351334984860995,-112,157,2016,1,26,Queens,4.958205406534752,0,1,0,0,0
25,Q163,P.S. 163 - QUEENS,SCA CIP,ELECTRICAL WORK FOR A/C INITIATIVE / LL26 CODE COMPLIANCE/EXIT SIGN REPLACEMENT,Design,Complete,2/20/2019,7/22/2019,5/15/2019,41849,26069,26069,"DSF0000889063, DSF0000912321",41849.0,26069.0,26069.0,2019-02-20,2019-07-22,2019-05-15,0.6229300580659036,-68,152,2019,0,25,Queens,4.621685084798319,1,0,0,0,0
25,Q163,P.S. 163 - QUEENS,SCA CIP,ELECTRICAL WORK FOR A/C INITIATIVE / LL26 CODE COMPLIANCE/EXIT SIGN REPLACEMENT,Scope,Complete,9/10/2018,6/19/2019,2/20/2019,11414,6551,6551,"DSF0000889063, DSF0000912321",11414.0,6551.0,6551.0,2018-09-10,2019-06-19,2019-02-20,0.5739442789556685,-119,282,2018,0,25,Queens,4.057437868212939,1,0,0,0,0
25,Q163,P.S. 163 - QUEENS,SCA CIP RESOA,FY19 RESO A AUDITORIUM UPGRADE,Design,Complete,3/13/2019,8/12/2019,3/16/2020,24000,22534,22015,DSF0000890893,24000.0,22534.0,22015.0,2019-03-13,2019-08-12,2020-03-16,0.9389166666666666,217,152,2019,1,25,Queens,4.380211241711606,0,0,0,0,0
25,Q164,P.S. 164 - QUEENS,SCA CIP,ELECTRICAL WORK FOR A/C INITIATIVE / LL26 CODE COMPLIANCE/EXIT SIGN REPLACEMENT,Design,Complete,5/22/2019,10/23/2019,10/7/2019,19020,16824,16824,"DSF0000912023, DSF0000912519",19020.0,16824.0,16824.0,2019-05-22,2019-10-23,2019-10-07,0.8845425867507887,-16,154,2019,0,25,Queens,4.279210512601395,1,0,0,0,0
25,Q168,THE QUEENS SCHOOL OF INQUIRY-Q,SCA CIP,ROOFS / EXTERIOR MASONRY / PARAPETS,Design,Complete,1/30/2019,7/1/2019,5/8/2019,169692,184346,161102,"DSF0000880232, DSF0000880233, DSF0000912490",169692.0,184346.0,161102.0,2019-01-30,2019-07-01,2019-05-08,1.086356457581972,-54,152,2019,0,25,Queens,5.229661368317959,0,0,1,0,0
25,Q168,THE QUEENS SCHOOL OF INQUIRY-Q,SCA CIP,ROOFS / EXTERIOR MASONRY / PARAPETS,Scope,Complete,10/4/2018,2/25/2019,1/25/2019,43561,82402,82102,"DSF0000880232, DSF0000880233, DSF0000912490",43561.0,82402.0,82102.0,2018-10-04,2019-02-25,2019-01-25,1.8916461972865637,-31,144,2018,1,25,Queens,4.639097840998727,0,0,1,0,0
25,Q169,P.S. 169 - QUEENS,SCA Capacity,ADDITION / WORK IN SUPPORT OF ADDITION / FIRE ALARM SYSTEM,Design,Complete,11/25/2019,12/26/2019,11/25/2019,6234030,2446694,1576028,"DSF0000798201, DSF0000798201, DSF0000960504",6234030.0,2446694.0,1576028.0,2019-11-25,2019-12-26,2019-11-25,0.3924738892818931,-31,31,2019,0,25,Queens,6.794768887899613,0,0,0,1,0
25,Q169,P.S. 169 - QUEENS,SCA Capacity,ADDITION / WORK IN SUPPORT OF ADDITION / FIRE ALARM SYSTEM,Scope,Complete,9/11/2018,11/25/2019,11/25/2019,1385340,1308337,1195196,"DSF0000798201, DSF0000798201, DSF0000960504",1385340.0,1308337.0,1195196.0,2018-09-11,2019-11-25,2019-11-25,0.9444158112809852,0,440,2018,0,25,Queens,6.141556374124269,0,0,0,1,0
25,Q169,P.S. 169 - QUEENS,SCA CIP,ELECTRICAL WORK FOR A/C INITIATIVE,Design,Complete,2/20/2019,7/22/2019,5/2/2019,34490,17202,17202,DSF0000911870,34490.0,17202.0,17202.0,2019-02-20,2019-07-22,2019-05-02,0.49875326181501883,-81,152,2019,0,25,Queens,4.537693194367391,1,0,0,0,0
25,Q169,P.S. 169 - QUEENS,SCA CIP,PLANYC BOILER CONVERSION,Scope,Complete,2/1/2019,7/3/2019,8/26/2019,56339,59286,59286,DSF0000911887,56339.0,59286.0,59286.0,2019-02-01,2019-07-03,2019-08-26,1.0523083476810025,54,152,2019,0,25,Queens,4.7508091341240855,0,1,0,0,0
25,Q169,P.S. 169 - QUEENS,SCA CIP,PLANYC CLIMATE CONTROL,Scope,Complete,2/1/2019,7/3/2019,8/26/2019,23825,28544,28544,DSF0000903103,23825.0,28544.0,28544.0,2019-02-01,2019-07-03,2019-08-26,1.1980692549842602,54,152,2019,1,25,Queens,4.377032909310364,0,1,0,0,0
26,Q172,J.H.S. 172 - QUEENS,SCA CIP,ROOFS / PARAPETS / EXTERIOR MASONRY / WINDOWS,Design,Complete,11/13/2019,6/15/2020,4/14/2020,671939,301662,301661,"DSF0000903136, DSF0000903137, DSF0000903138, DSF0000960585",671939.0,301662.0,301661.0,2019-11-13,2020-06-15,2020-04-14,0.4489425379387117,-62,215,2019,0,26,Queens,5.827329848699871,0,0,1,0,0
26,Q172,J.H.S. 172 - QUEENS,SCA CIP,ROOFS / PARAPETS / EXTERIOR MASONRY / WINDOWS,Scope,Complete,6/11/2019,10/25/2019,10/25/2019,134389,158879,151126,"DSF0000903136, DSF0000903137, DSF0000903138, DSF0000960585",134389.0,158879.0,151126.0,2019-06-11,2019-10-25,2019-10-25,1.1822321767406558,0,136,2019,1,26,Queens,5.12836372232786,0,0,1,0,0
28,Q174,P.S. 174 - QUEENS,SCA CIP RESOA,FY16 RESO A SUPPLEMENTAL COOLING,Design,Complete,8/7/2017,11/9/2017,11/22/2017,41221,106052,81735,DSF0000822888,41221.0,106052.0,81735.0,2017-08-07,2017-11-09,2017-11-22,2.572766308435021,13,94,2017,1,28,Queens,4.615118523329026,0,0,0,0,0
28,Q175,P.S. 175 - QUEENS,SCA CIP,ELECTRICAL WORK FOR A/C INITIATIVE / LL26 CODE COMPLIANCE/EXIT SIGN REPLACEMENT,Design,Complete,5/3/2019,10/3/2019,5/15/2019,70462,61317,60675,"DSF0000891032, DSF0000912518",70462.0,61317.0,60675.0,2019-05-03,2019-10-03,2019-05-15,0.8702137322244614,-141,153,2019,0,28,Queens,4.847954966075378,1,0,0,0,0
28,Q175,P.S. 175 - QUEENS,SCA CIP,ELECTRICAL WORK FOR A/C INITIATIVE / LL26 CODE COMPLIANCE/EXIT SIGN REPLACEMENT,Scope,Complete,10/3/2018,9/3/2019,5/3/2019,17749,15158,15158,"DSF0000891032, DSF0000912518",17749.0,15158.0,15158.0,2018-10-03,2019-09-03,2019-05-03,0.8540199447856217,-123,335,2018,0,28,Queens,4.249173889407112,1,0,0,0,0
28,Q175,P.S. 175 - QUEENS,SCA CIP RESOA,FY16 RESO A SUPPLEMENTAL COOLING,"CM,F&E",Complete,5/22/2019,2/15/2020,2/15/2020,84923,26935,25468,DSF0000822885,84923.0,26935.0,25468.0,2019-05-22,2020-02-15,2020-02-15,0.31716967134934,0,269,2019,0,28,Queens,4.929025327703482,0,0,0,0,0
28,Q175,P.S. 175 - QUEENS,SCA CIP RESOA,FY16 RESO A SUPPLEMENTAL COOLING,Construction,Complete,5/22/2019,2/15/2020,2/15/2020,1245530,996123,889532,DSF0000822885,1245530.0,996123.0,889532.0,2019-05-22,2020-02-15,2020-02-15,0.7997583358088525,0,269,2019,0,28,Queens,6.095354192472725,0,0,0,0,0
28,Q175,P.S. 175 - QUEENS,SCA CIP RESOA,FY16 RESO A SUPPLEMENTAL COOLING,Design,Complete,6/6/2018,10/9/2018,2/15/2019,84923,105656,105531,DSF0000822885,84923.0,105656.0,105531.0,2018-06-06,2018-10-09,2019-02-15,1.2441388080967464,129,125,2018,1,28,Queens,4.929025327703482,0,0,0,0,0
29,Q176,P.S. 176 - QUEENS,SCA CIP,PLAYGROUND REDEVELOPMENT,Design,Complete,3/26/2014,8/8/2014,9/26/2014,261784,280781,280375,DSF0000777287,261784.0,280781.0,280375.0,2014-03-26,2014-08-08,2014-09-26,1.0725674601961923,49,135,2014,0,29,Queens,5.417943099342103,0,0,0,0,0
29,Q176,P.S. 176 - QUEENS,SCA CIP,PLAYGROUND REDEVELOPMENT,Scope,Complete,11/26/2013,2/28/2014,2/28/2014,52357,97150,96599,DSF0000777287,52357.0,97150.0,96599.0,2013-11-26,2014-02-28,2014-02-28,1.8555303015833604,0,94,2013,1,29,Queens,4.718974753983151,0,0,0,0,0
26,Q177,Q177 SPED - QUEENS,SCA CIP,PARTIAL ACCESSIBILITY / FLOOD ELIMINATION / ROOFS / PARAPETS / EXTERIOR MASONRY / WINDOWS,Design,Complete,3/26/2019,8/23/2019,5/17/2019,994516,513375,398977,"DSF0000867084, DSF0000880356, DSF0000880357, DSF0000880358, DSF0000880359, DSF0000912509",994516.0,513375.0,398977.0,2019-03-26,2019-08-23,2019-05-17,0.5162058730075735,-98,150,2019,0,26,Queens,5.997611774545234,0,0,1,0,1
26,Q177,Q177 SPED - QUEENS,SCA CIP,PLANYC BOILER CONVERSION / PLANYC CLIMATE CONTROL,Design,Complete,1/6/2016,6/7/2016,6/24/2016,480196,546686,535500,"DSF0000798293, DSF0000790486",480196.0,546686.0,535500.0,2016-01-06,2016-06-07,2016-06-24,1.13846429374672,17,153,2016,1,26,Queens,5.681418538092598,0,1,0,0,0
26,Q177,Q177 SPED - QUEENS,SCA CIP,PARTIAL ACCESSIBILITY / FLOOD ELIMINATION / ROOFS / PARAPETS / EXTERIOR MASONRY / WINDOWS,Scope,Complete,9/20/2017,4/10/2019,3/26/2019,251255,197563,195532,"DSF0000867084, DSF0000880356, DSF0000880357, DSF0000880358, DSF0000880359, DSF0000912509",251255.0,197563.0,195532.0,2017-09-20,2019-04-10,2019-03-26,0.7863047501542257,-15,567,2017,0,26,Queens,5.400114713018806,0,0,1,0,1
26,Q177,Q177 SPED - QUEENS,SCA CIP,PLANYC BOILER CONVERSION / PLANYC CLIMATE CONTROL,Scope,Complete,10/15/2015,3/21/2016,12/31/2015,122396,116068,116068,"DSF0000798293, DSF0000790486",122396.0,116068.0,116068.0,2015-10-15,2016-03-21,2015-12-31,0.948298964018432,-81,158,2015,0,26,Queens,5.087767224947504,0,1,0,0,0
27,Q183,P.S. 183 - QUEENS,SCA CIP,ELECTRICAL WORK FOR A/C INITIATIVE,"CM,F&E",Complete,10/7/2019,7/2/2020,8/21/2020,63855,46522,43968,DSF0000912107,63855.0,46522.0,43968.0,2019-10-07,2020-07-02,2020-08-21,0.7285568866964216,50,269,2019,0,27,Queens,4.805194909232818,1,0,0,0,0
27,Q183,P.S. 183 - QUEENS,SCA CIP,ELECTRICAL WORK FOR A/C INITIATIVE,Construction,Complete,10/7/2019,7/2/2020,8/21/2020,577391,577391,281056,DSF0000912107,577391.0,577391.0,281056.0,2019-10-07,2020-07-02,2020-08-21,1.0,50,269,2019,0,27,Queens,5.761470010094062,1,0,0,0,0
27,Q183,P.S. 183 - QUEENS,SCA CIP,ELECTRICAL WORK FOR A/C INITIATIVE,Design,Complete,3/27/2019,8/26/2019,7/25/2019,26730,11390,9695,DSF0000912107,26730.0,11390.0,9695.0,2019-03-27,2019-08-26,2019-07-25,0.4261129816685372,-32,152,2019,0,27,Queens,4.4269989587565375,1,0,0,0,0
27,Q183,P.S. 183 - QUEENS,SCA CIP RESOA,FY19 RESO A PLAYGROUND / PATH OF TRAVEL RESO A PLAYGROUND,Design,Complete,9/18/2019,11/15/2019,9/20/2019,64020,62462,59133,"DSF0000890900, DSF0000912550",64020.0,62462.0,59133.0,2019-09-18,2019-11-15,2019-09-20,0.9756638550452983,-56,58,2019,0,27,Queens,4.8063156698081135,0,0,0,0,1
25,Q184,P.S. 184 - QUEENS,SCA CIP RESOA,FY19 RESO A IPDVS CAMERA INSTALLATION,Design,Complete,3/14/2019,9/6/2019,5/13/2019,26014,9190,9190,DSF0000890901,26014.0,9190.0,9190.0,2019-03-14,2019-09-06,2019-05-13,0.3532713154455293,-116,176,2019,0,25,Queens,4.41520713590843,0,0,0,0,0
28,Q190,J.H.S. 190 - QUEENS,SCA CIP,ELECTRICAL WORK FOR A/C INITIATIVE,"CM,F&E",Complete,11/25/2019,8/20/2020,9/9/2020,68585,42738,40115,DSF0000912026,68585.0,42738.0,40115.0,2019-11-25,2020-08-20,2020-09-09,0.6231391703725304,20,269,2019,0,28,Queens,4.836229142972787,1,0,0,0,0
28,Q190,J.H.S. 190 - QUEENS,SCA CIP,ELECTRICAL WORK FOR A/C INITIATIVE,Construction,Complete,11/25/2019,8/20/2020,9/9/2020,595286,595286,357392,DSF0000912026,595286.0,595286.0,357392.0,2019-11-25,2020-08-20,2020-09-09,1.0,20,269,2019,0,28,Queens,5.774725668887647,1,0,0,0,0
28,Q190,J.H.S. 190 - QUEENS,SCA CIP,PLANYC CLIMATE CONTROL / PLANYC BOILER CONVERSION,Design,Complete,4/15/2020,9/15/2020,7/29/2020,356192,202483,159913,"DSF0000903387, DSF0000914329",356192.0,202483.0,159913.0,2020-04-15,2020-09-15,2020-07-29,0.5684658835684125,-48,153,2020,0,28,Queens,5.551684161070876,0,1,0,0,0
28,Q190,J.H.S. 190 - QUEENS,SCA CIP,ELECTRICAL WORK FOR A/C INITIATIVE,Design,Complete,4/29/2019,9/27/2019,8/28/2019,28710,8412,8412,DSF0000912026,28710.0,8412.0,8412.0,2019-04-29,2019-09-27,2019-08-28,0.29299895506792056,-30,151,2019,0,28,Queens,4.458033192496506,1,0,0,0,0
28,Q190,J.H.S. 190 - QUEENS,SCA CIP,PLANYC CLIMATE CONTROL / PLANYC BOILER CONVERSION,Scope,Complete,1/27/2020,6/25/2020,4/10/2020,71238,35981,35981,"DSF0000903387, DSF0000914329",71238.0,35981.0,35981.0,2020-01-27,2020-06-25,2020-04-10,0.5050815575956652,-76,150,2020,0,28,Queens,4.852711718186539,0,1,0,0,0
26,Q191,P.S. 191 - QUEENS,SCA CIP,FLOOD ELIMINATION / ROOFS / PARAPETS / EXTERIOR MASONRY,Design,Complete,4/1/2019,8/29/2019,5/16/2019,396899,243364,215504,"DSF0000880545, DSF0000880546, DSF0000880547, DSF0000880548",396899.0,243364.0,215504.0,2019-04-01,2019-08-29,2019-05-16,0.6131635504246672,-105,150,2019,0,26,Queens,5.598680004689403,0,0,1,0,0
26,Q191,P.S. 191 - QUEENS,SCA CIP,ELECTRICAL WORK FOR A/C INITIATIVE,Design,Complete,12/11/2019,5/13/2020,5/5/2020,74460,42936,42936,DSF0000912761,74460.0,42936.0,42936.0,2019-12-11,2020-05-13,2020-05-05,0.5766317485898469,-8,154,2019,0,26,Queens,4.871923031882374,1,0,0,0,0
26,Q191,P.S. 191 - QUEENS,SCA CIP,ELECTRICAL WORK FOR A/C INITIATIVE,Scope,Complete,8/6/2019,12/9/2019,12/11/2019,16547,10734,10734,DSF0000912761,16547.0,10734.0,10734.0,2019-08-06,2019-12-09,2019-12-11,0.6486976491206865,2,125,2019,0,26,Queens,4.218719266900493,1,0,0,0,0
26,Q191,P.S. 191 - QUEENS,SCA CIP,FLOOD ELIMINATION / ROOFS / PARAPETS / EXTERIOR MASONRY,Scope,Complete,10/30/2018,3/20/2019,4/1/2019,100000,113064,95239,"DSF0000880545, DSF0000880546, DSF0000880547, DSF0000880548",100000.0,113064.0,95239.0,2018-10-30,2019-03-20,2019-04-01,1.13064,12,141,2018,1,26,Queens,5.0,0,0,1,0,0
25,Q193,P.S. 193 - QUEENS,SCA CIP,ELECTRICAL WORK FOR A/C INITIATIVE,"CM,F&E",Complete,11/12/2018,8/8/2019,4/13/2020,175500,94362,93055,DSF0000888988,175500.0,94362.0,93055.0,2018-11-12,2019-08-08,2020-04-13,0.5376752136752136,249,269,2018,1,25,Queens,5.244277120801843,1,0,0,0,0
25,Q193,P.S. 193 - QUEENS,SCA CIP,ELECTRICAL WORK FOR A/C INITIATIVE,Construction,Complete,11/12/2018,8/8/2019,4/13/2020,757250,681388,626322,DSF0000888988,757250.0,681388.0,626322.0,2018-11-12,2019-08-08,2020-04-13,0.8998190822053483,249,269,2018,1,25,Queens,5.879239282004893,1,0,0,0,0
25,Q193,P.S. 193 - QUEENS,SCA CIP,ELECTRICAL WORK FOR A/C INITIATIVE,Design,Complete,4/18/2018,9/18/2018,8/22/2018,71500,51061,51061,DSF0000888988,71500.0,51061.0,51061.0,2018-04-18,2018-09-18,2018-08-22,0.7141398601398602,-27,153,2018,0,25,Queens,4.854306041801081,1,0,0,0,0
25,Q193,P.S. 193 - QUEENS,SCA CIP,TCU REMOVAL/PLAYGROUND REDEVELOPMENT / PLANYC CLIMATE CONTROL / PLANYC BOILER CONVERSION,Design,Complete,4/4/2018,9/4/2018,10/5/2018,571620,608724,578224,"DSF0000843951, DSF0000880580, DSF0000888785",571620.0,608724.0,578224.0,2018-04-04,2018-09-04,2018-10-05,1.0649102550645533,31,153,2018,0,25,Queens,5.757107415601235,0,1,0,0,0
25,Q193,P.S. 193 - QUEENS,SCA CIP,PATH OF TRAVEL TCU REMOVAL / PLAYGROUND REDEVELOPMENT,Design,Complete,3/18/2020,9/1/2020,10/14/2020,10931,58355,58355,DSF0000960584,10931.0,58355.0,58355.0,2020-03-18,2020-09-01,2020-10-14,5.338486872198335,43,167,2020,1,25,Queens,4.038659894302496,0,0,0,0,1
25,Q193,P.S. 193 - QUEENS,SCA CIP,TCU REMOVAL/PLAYGROUND REDEVELOPMENT / PLANYC CLIMATE CONTROL / PLANYC BOILER CONVERSION,Scope,Complete,9/22/2016,6/5/2018,3/22/2018,142905,163632,163632,"DSF0000843951, DSF0000880580, DSF0000888785",142905.0,163632.0,163632.0,2016-09-22,2018-06-05,2018-03-22,1.1450404114621602,-75,621,2016,1,25,Queens,5.155047424273273,0,1,0,0,0
25,Q193,P.S. 193 - QUEENS,SCA CIP,ELECTRICAL WORK FOR A/C INITIATIVE,Scope,Complete,3/14/2018,7/13/2018,4/18/2018,19500,12745,12745,DSF0000888988,19500.0,12745.0,12745.0,2018-03-14,2018-07-13,2018-04-18,0.6535897435897436,-86,121,2018,0,25,Queens,4.290034611362518,1,0,0,0,0
25,Q194,J.H.S. 194 - QUEENS,SCA CIP,ELECTRICAL WORK FOR A/C INITIATIVE,Design,Complete,6/6/2019,11/6/2019,10/30/2019,38245,9895,9895,DSF0000912028,38245.0,9895.0,9895.0,2019-06-06,2019-11-06,2019-10-30,0.258726630932148,-7,153,2019,0,25,Queens,4.582574665258312,1,0,0,0,0
25,Q194,J.H.S. 194 - QUEENS,SCA CIP,PLANYC BOILER CONVERSION / PLANYC CLIMATE CONTROL,Design,Complete,9/11/2014,2/17/2015,5/11/2015,407700,453764,417469,"DSF0000798297, DSF0000790753",407700.0,453764.0,417469.0,2014-09-11,2015-02-17,2015-05-11,1.1129850380181505,83,159,2014,1,25,Queens,5.610340711452157,0,1,0,0,0
25,Q194,J.H.S. 194 - QUEENS,SCA CIP,PLANYC BOILER CONVERSION / PLANYC CLIMATE CONTROL,Scope,Complete,7/14/2014,12/15/2014,8/25/2014,101926,103192,103192,"DSF0000798297, DSF0000790753",101926.0,103192.0,103192.0,2014-07-14,2014-12-15,2014-08-25,1.0124207758569943,-112,154,2014,0,25,Queens,5.008284981025361,0,1,0,0,0
25,Q194,J.H.S. 194 - QUEENS,SCA CIP RESOA,FY17 RESO A AUDITORIUM UPGRADE / PATH OF TRAVEL RESO A AUDITORIUM,Design,Complete,10/23/2019,3/18/2020,3/19/2020,112429,126247,110076,"DSF0000844952, DSF0000912626",112429.0,126247.0,110076.0,2019-10-23,2020-03-18,2020-03-19,1.1229042328936485,1,147,2019,1,25,Queens,5.050878347847936,0,0,0,0,1
28,Q196,P.S. 196 - QUEENS,SCA Capacity,ADDITION,Design,Complete,10/10/2018,4/19/2019,5/10/2019,2761760,1952842,989439,DSF0000843834,2761760.0,1952842.0,989439.0,2018-10-10,2019-04-19,2019-05-10,0.7071005445802676,21,191,2018,0,28,Queens,6.441185935211329,0,0,0,0,0
28,Q196,P.S. 196 - QUEENS,SCA Capacity,ADDITION,Scope,Complete,6/19/2018,10/9/2018,10/9/2018,863050,488257,452905,DSF0000843834,863050.0,488257.0,452905.0,2018-06-19,2018-10-09,2018-10-09,0.5657343143502694,0,112,2018,0,28,Queens,5.9360359568914225,0,0,0,0,0
27,Q197,P.S. 197 - QUEENS,SCA CIP,EXTERIOR MASONRY / ROOFS,Design,Complete,2/28/2018,7/30/2018,5/18/2018,315540,356964,338205,"DSF0000880645, DSF0000880643",315540.0,356964.0,338205.0,2018-02-28,2018-07-30,2018-05-18,1.1312797109716677,-73,152,2018,1,27,Queens,5.499054421197101,0,0,1,0,0
27,Q197,P.S. 197 - QUEENS,SCA CIP,EXTERIOR MASONRY / ROOFS,Scope,Complete,12/18/2017,5/4/2018,2/28/2018,78885,133031,125293,"DSF0000880645, DSF0000880643",78885.0,133031.0,125293.0,2017-12-18,2018-05-04,2018-02-28,1.6863915826836535,-65,137,2017,1,27,Queens,4.896994429869139,0,0,1,0,0
27,Q198,P.S. 333 - QUEENS,SCA CIP,ROOFS / EXTERIOR MASONRY / PARAPETS,Scope,Complete,7/3/2019,11/19/2019,1/13/2020,67995,123339,121003,"DSF0000903523, DSF0000903525, DSF0000949147",67995.0,123339.0,121003.0,2019-07-03,2019-11-19,2020-01-13,1.8139422016324729,55,139,2019,1,27,Queens,4.832476978114369,0,0,1,0,0
24,Q199,P.S. 199 - QUEENS,SCA CIP,PLAYGROUND REDEVELOPMENT,Design,Complete,3/23/2016,8/5/2016,6/16/2016,77880,148315,146558,DSF0000843655,77880.0,148315.0,146558.0,2016-03-23,2016-08-05,2016-06-16,1.9044042116076014,-50,135,2016,1,24,Queens,4.891425942847994,0,0,0,0,0
24,Q199,P.S. 199 - QUEENS,SCA CIP,PLANYC CLIMATE CONTROL / PLANYC BOILER CONVERSION,Design,Complete,8/30/2017,2/5/2018,1/9/2018,342420,282439,264476,"DSF0000790833, DSF0000798372",342420.0,282439.0,264476.0,2017-08-30,2018-02-05,2018-01-09,0.8248320775655628,-27,159,2017,0,24,Queens,5.534559122932602,0,1,0,0,0
24,Q199,P.S. 199 - QUEENS,SCA CIP,PLANYC CLIMATE CONTROL / PLANYC BOILER CONVERSION,Scope,Complete,6/7/2017,11/7/2017,8/10/2017,85605,59135,59135,"DSF0000790833, DSF0000798372",85605.0,59135.0,59135.0,2017-06-07,2017-11-07,2017-08-10,0.6907890894223468,-89,153,2017,0,24,Queens,4.932499131604639,0,1,0,0,0
24,Q199,P.S. 199 - QUEENS,SCA CIP,PLAYGROUND REDEVELOPMENT,Scope,Complete,1/7/2016,4/7/2016,3/4/2016,19470,80676,76546,DSF0000843655,19470.0,80676.0,76546.0,2016-01-07,2016-04-07,2016-03-04,4.143605546995378,-34,91,2016,1,24,Queens,4.289365951520032,0,0,0,0,0
25,Q201,P.S. 201 - QUEENS,SCA CIP,ELECTRICAL WORK FOR A/C INITIATIVE / LL26 CODE COMPLIANCE/EXIT SIGN REPLACEMENT,Design,Complete,2/21/2019,7/23/2019,5/16/2019,70249,34288,34288,"DSF0000890984, DSF0000912323",70249.0,34288.0,34288.0,2019-02-21,2019-07-23,2019-05-16,0.4880923571865792,-68,152,2019,0,25,Queens,4.84664014640526,1,0,0,0,0
25,Q201,P.S. 201 - QUEENS,SCA CIP,PLANYC CLIMATE CONTROL / PLANYC BOILER CONVERSION,Design,Complete,4/23/2018,9/21/2018,10/4/2018,369307,316764,293131,"DSF0000790872, DSF0000798431",369307.0,316764.0,293131.0,2018-04-23,2018-09-21,2018-10-04,0.8577254154402706,13,151,2018,0,25,Queens,5.567387539529023,0,1,0,0,0
25,Q201,P.S. 201 - QUEENS,SCA CIP,PLANYC CLIMATE CONTROL / PLANYC BOILER CONVERSION,Scope,Complete,1/22/2018,6/21/2018,3/23/2018,92327,70794,70794,"DSF0000790872, DSF0000798431",92327.0,70794.0,70794.0,2018-01-22,2018-06-21,2018-03-23,0.7667746163094219,-90,150,2018,0,25,Queens,4.965328724170901,0,1,0,0,0
25,Q201,P.S. 201 - QUEENS,SCA CIP,ELECTRICAL WORK FOR A/C INITIATIVE / LL26 CODE COMPLIANCE/EXIT SIGN REPLACEMENT,Scope,Complete,8/27/2018,6/19/2019,2/21/2019,17660,8651,8651,"DSF0000890984, DSF0000912323",17660.0,8651.0,8651.0,2018-08-27,2019-06-19,2019-02-21,0.48986409966024913,-118,296,2018,0,25,Queens,4.246990699241549,1,0,0,0,0
25,Q201,P.S. 201 - QUEENS,SCA CIP RESOA,FY19 RESO A AUDITORIUM UPGRADE,Design,Complete,7/17/2019,12/18/2019,5/19/2020,30000,35489,34712,DSF0000890907,30000.0,35489.0,34712.0,2019-07-17,2019-12-18,2020-05-19,1.1829666666666667,153,154,2019,1,25,Queens,4.477121254719663,0,0,0,0,0
27,Q202,I.S. 202 - QUEENS,SCA CIP,PLANYC CLIMATE CONTROL / PLANYC BOILER CONVERSION,Scope,Complete,8/13/2020,1/19/2021,12/28/2020,84012,25405,17773,"DSF0000948952, DSF0000798328",84012.0,25405.0,17773.0,2020-08-13,2021-01-19,2020-12-28,0.30239727657953624,-22,159,2020,0,27,Queens,4.92434132369957,0,1,0,0,0
26,Q203,P.S. 203 - QUEENS,SCA CIP,WINDOWS,Design,Complete,3/14/2018,8/13/2018,5/14/2018,232800,183928,182239,DSF0000880739,232800.0,183928.0,182239.0,2018-03-14,2018-08-13,2018-05-14,0.7900687285223368,-91,152,2018,0,26,Queens,5.366982975977851,0,0,0,0,0
26,Q203,P.S. 203 - QUEENS,SCA CIP,PLANYC BOILER CONVERSION / PLANYC CLIMATE CONTROL,Design,Complete,9/10/2019,2/13/2020,12/20/2019,348756,202745,202745,"DSF0000912539, DSF0000897780",348756.0,202745.0,202745.0,2019-09-10,2020-02-13,2019-12-20,0.5813376687426166,-55,156,2019,0,26,Queens,5.542521687950404,0,1,0,0,0
26,Q203,P.S. 203 - QUEENS,SCA CIP,WINDOWS,Scope,Complete,12/22/2017,5/10/2018,3/2/2018,58200,40547,40547,DSF0000880739,58200.0,40547.0,40547.0,2017-12-22,2018-05-10,2018-03-02,0.6966838487972509,-69,139,2017,0,26,Queens,4.764922984649888,0,0,0,0,0
26,Q203,P.S. 203 - QUEENS,SCA CIP,PLANYC BOILER CONVERSION / PLANYC CLIMATE CONTROL,Scope,Complete,6/27/2019,11/29/2019,8/23/2019,69752,39436,39436,"DSF0000912539, DSF0000897780",69752.0,39436.0,39436.0,2019-06-27,2019-11-29,2019-08-23,0.5653744695492602,-98,155,2019,0,26,Queens,4.843556664655472,0,1,0,0,0
30,Q204,I.S. 204 - QUEENS,SCA CIP,PARAPETS / EXTERIOR MASONRY / WINDOWS,Scope,Complete,5/14/2020,11/10/2020,9/9/2020,148237,133188,133188,"DSF0000949262, DSF0000949263, DSF0000961568",148237.0,133188.0,133188.0,2020-05-14,2020-11-10,2020-09-09,0.8984801365381113,-62,180,2020,0,30,Queens,5.170956617207836,0,0,1,0,0
26,Q205,P.S. 205 - QUEENS,SCA CIP,PLANYC BOILER CONVERSION / PLANYC CLIMATE CONTROL / FLOOD ELIMINATION / EXTERIOR MASONRY / ROOFS / PARAPETS,Design,Complete,11/9/2016,4/14/2017,4/13/2017,963320,862024,762850,"DSF0000798368, DSF0000789227, DSF0000836272, DSF0000836276, DSF0000836273, DSF0000836274",963320.0,862024.0,762850.0,2016-11-09,2017-04-14,2017-04-13,0.8948469875015571,-1,156,2016,0,26,Queens,5.983770576998997,0,1,1,0,0
26,Q205,P.S. 205 - QUEENS,SCA CIP,PLANYC BOILER CONVERSION / PLANYC CLIMATE CONTROL / FLOOD ELIMINATION / EXTERIOR MASONRY / ROOFS / PARAPETS,Scope,Complete,10/6/2015,12/19/2016,10/12/2016,242316,256459,245514,"DSF0000798368, DSF0000789227, DSF0000836272, DSF0000836276, DSF0000836273, DSF0000836274",242316.0,256459.0,245514.0,2015-10-06,2016-12-19,2016-10-12,1.0583659353901518,-68,440,2015,0,26,Queens,5.384382091324033,0,1,1,0,0
28,Q206,P.S. 206 - QUEENS,SCA Capacity,ADDITION,Design,Complete,9/10/2018,3/28/2019,5/2/2019,3152880,2469668,1273861,DSF0000888762,3152880.0,2469668.0,1273861.0,2018-09-10,2019-03-28,2019-05-02,0.7833054223440157,35,199,2018,0,28,Queens,6.498707441623394,0,0,0,0,0
28,Q206,P.S. 206 - QUEENS,SCA Capacity,ADDITION,Scope,Complete,3/29/2018,9/6/2018,9/7/2018,985275,744594,739711,DSF0000888762,985275.0,744594.0,739711.0,2018-03-29,2018-09-06,2018-09-07,0.7557220065463957,1,161,2018,0,28,Queens,5.993557463303488,0,0,0,0,0
28,Q206,P.S. 206 - QUEENS,SCA CIP,PLANYC CLIMATE CONTROL,Scope,Complete,6/13/2018,11/14/2018,10/7/2019,27273,24441,24441,DSF0000889005,27273.0,24441.0,24441.0,2018-06-13,2018-11-14,2019-10-07,0.8961610383896161,327,154,2018,1,28,Queens,4.435732912484542,0,1,0,0,0
28,Q206,P.S. 206 - QUEENS,SCA CIP,PLANYC BOILER CONVERSION,Scope,Complete,6/13/2018,11/14/2018,10/7/2019,98552,79812,79812,DSF0000889003,98552.0,79812.0,79812.0,2018-06-13,2018-11-14,2019-10-07,0.8098465784560435,327,154,2018,1,28,Queens,4.993665442214145,0,1,0,0,0
27,Q210,I.S. 210 - QUEENS,SCA CIP,ELECTRICAL WORK FOR A/C INITIATIVE / LL26 CODE COMPLIANCE/EXIT SIGN REPLACEMENT,Design,Complete,8/27/2019,1/31/2020,12/4/2019,66960,21324,21324,"DSF0000912108, DSF0000912637",66960.0,21324.0,21324.0,2019-08-27,2020-01-31,2019-12-04,0.31845878136200717,-58,157,2019,0,27,Queens,4.825815444985204,1,0,0,0,0
27,Q210,I.S. 210 - QUEENS,SCA CIP,ELECTRICAL WORK FOR A/C INITIATIVE / LL26 CODE COMPLIANCE/EXIT SIGN REPLACEMENT,Scope,Complete,5/20/2019,10/18/2019,8/27/2019,14880,5331,5331,"DSF0000912108, DSF0000912637",14880.0,5331.0,5331.0,2019-05-20,2019-10-18,2019-08-27,0.3582661290322581,-52,151,2019,0,27,Queens,4.17260293120986,1,0,0,0,0
27,Q210,I.S. 210 - QUEENS,SCA CIP RESOA,FY20 RESO A AUDITORIUM UPGRADE,Design,Complete,3/17/2020,8/31/2020,5/14/2020,12000,24324,24324,DSF0000913430,12000.0,24324.0,24324.0,2020-03-17,2020-08-31,2020-05-14,2.027,-109,167,2020,1,27,Queens,4.079181246047625,0,0,0,0,0
26,Q213,P.S. 213 - QUEENS,SCA CIP,ELECTRICAL WORK FOR A/C INITIATIVE / LL26 CODE COMPLIANCE/EXIT SIGN REPLACEMENT,Design,Complete,4/23/2019,9/23/2019,8/28/2019,20610,10039,9971,"DSF0000912029, DSF0000912491",20610.0,10039.0,9971.0,2019-04-23,2019-09-23,2019-08-28,0.48709364386220283,-26,153,2019,0,26,Queens,4.314077991779213,1,0,0,0,0
26,Q213,P.S. 213 - QUEENS,SCA CIP RESOA,FY17 RESO A SUPPLEMENTAL COOLING,Design,Complete,8/7/2017,11/9/2017,11/22/2017,35771,50335,49315,DSF0000844798,35771.0,50335.0,49315.0,2017-08-07,2017-11-09,2017-11-22,1.4071454530206033,13,94,2017,1,26,Queens,4.553531081284317,0,0,0,0,0
26,Q216,J.H.S. 216 - QUEENS,SCA CIP,ROOFS / PARAPETS / EXTERIOR MASONRY / WINDOWS,Design,Complete,3/21/2019,8/9/2019,5/17/2019,1032001,448675,441488,"DSF0000880910, DSF0000880911, DSF0000880912, DSF0000903778",1032001.0,448675.0,441488.0,2019-03-21,2019-08-09,2019-05-17,0.43476217561804686,-84,141,2019,0,26,Queens,6.013680118118975,0,0,1,0,0
26,Q216,J.H.S. 216 - QUEENS,SCA CIP,PLANYC BOILER CONVERSION / PLANYC CLIMATE CONTROL,Design,Complete,4/17/2015,9/17/2015,9/22/2015,360045,285946,242431,"DSF0000798301, DSF0000791100",360045.0,285946.0,242431.0,2015-04-17,2015-09-17,2015-09-22,0.7941951700481884,5,153,2015,0,26,Queens,5.556356784184882,0,1,0,0,0
26,Q216,J.H.S. 216 - QUEENS,SCA CIP,PLANYC BOILER CONVERSION / PLANYC CLIMATE CONTROL,Scope,Complete,12/16/2014,5/19/2015,4/10/2015,90011,90340,85006,"DSF0000798301, DSF0000791100",90011.0,90340.0,85006.0,2014-12-16,2015-05-19,2015-04-10,1.0036551088200332,-39,154,2014,0,26,Queens,4.954295586632462,0,1,0,0,0
26,Q216,J.H.S. 216 - QUEENS,SCA CIP,ROOFS / PARAPETS / EXTERIOR MASONRY / WINDOWS,Scope,Complete,10/29/2018,3/19/2019,3/21/2019,257999,136796,136796,"DSF0000880910, DSF0000880911, DSF0000880912, DSF0000903778",257999.0,136796.0,136796.0,2018-10-29,2019-03-19,2019-03-21,0.5302191093763929,2,141,2018,0,26,Queens,5.411618022648023,0,0,1,0,0
28,Q217,I.S. 217 - QUEENS,SCA CIP,PLANYC BOILER CONVERSION / PLANYC CLIMATE CONTROL,"CM,F&E",Complete,4/16/2018,1/5/2020,10/8/2020,466060,1017357,984549,"DSF0000798373, DSF0000791125",466060.0,1017357.0,984549.0,2018-04-16,2020-01-05,2020-10-08,2.182888469295799,277,629,2018,1,28,Queens,5.668441830834905,0,1,0,0,0
28,Q217,I.S. 217 - QUEENS,SCA CIP,PLANYC BOILER CONVERSION / PLANYC CLIMATE CONTROL,Construction,Complete,4/16/2018,1/5/2020,10/8/2020,7490251,7344158,6636262,"DSF0000798373, DSF0000791125",7490251.0,7344158.0,6636262.0,2018-04-16,2020-01-05,2020-10-08,0.9804955801881673,277,629,2018,1,28,Queens,6.874496371249332,0,1,0,0,0
28,Q217,I.S. 217 - QUEENS,SCA CIP,PLANYC BOILER CONVERSION / PLANYC CLIMATE CONTROL,Design,Complete,6/27/2017,11/29/2017,11/2/2017,399480,449077,423654,"DSF0000798373, DSF0000791125",399480.0,449077.0,423654.0,2017-06-27,2017-11-29,2017-11-02,1.124153900070091,-27,155,2017,1,28,Queens,5.601495041204292,0,1,0,0,0
28,Q217,I.S. 217 - QUEENS,SCA CIP,PLANYC BOILER CONVERSION / PLANYC CLIMATE CONTROL,Scope,Complete,5/3/2017,7/20/2017,6/12/2017,99871,86555,86555,"DSF0000798373, DSF0000791125",99871.0,86555.0,86555.0,2017-05-03,2017-07-20,2017-06-12,0.8666680017222217,-38,78,2017,0,28,Queens,4.999439398452555,0,1,0,0,0
25,Q219,P.S. 219 - QUEENS,SCA CIP,ROOFS,"CM,F&E",Complete,7/16/2018,1/6/2020,12/30/2019,348320,349828,341848,DSF0000880952,348320.0,349828.0,341848.0,2018-07-16,2020-01-06,2019-12-30,1.004329352319706,-7,539,2018,0,25,Queens,5.541978411697019,0,0,1,0,0
25,Q219,P.S. 219 - QUEENS,SCA CIP,ROOFS,Construction,Complete,7/16/2018,1/6/2020,12/30/2019,5598000,5219810,4975067,DSF0000880952,5598000.0,5219810.0,4975067.0,2018-07-16,2020-01-06,2019-12-30,0.9324419435512683,-7,539,2018,0,25,Queens,6.7480328941301435,0,0,1,0,0
25,Q219,P.S. 219 - QUEENS,SCA CIP,ASPHALT REPLACEMENT,Design,Complete,6/11/2020,10/27/2020,9/18/2020,65691,86917,86917,DSF0000949463,65691.0,86917.0,86917.0,2020-06-11,2020-10-27,2020-09-18,1.3231188442861275,-39,138,2020,1,25,Queens,4.8175058730898055,0,0,0,0,0
25,Q219,P.S. 219 - QUEENS,SCA CIP,ROOFS,Design,Complete,3/13/2018,8/10/2018,5/14/2018,298560,213853,206934,DSF0000880952,298560.0,213853.0,206934.0,2018-03-13,2018-08-10,2018-05-14,0.7162814844587353,-88,150,2018,0,25,Queens,5.475031622066406,0,0,1,0,0
25,Q219,P.S. 219 - QUEENS,SCA CIP,ASPHALT REPLACEMENT,Scope,Complete,5/4/2020,8/3/2020,6/4/2020,14598,46620,25188,DSF0000949463,14598.0,46620.0,25188.0,2020-05-04,2020-08-03,2020-06-04,3.193588162762022,-60,91,2020,1,25,Queens,4.164293359314462,0,0,0,0,0
25,Q219,P.S. 219 - QUEENS,SCA CIP,ROOFS,Scope,Complete,12/19/2017,5/7/2018,3/8/2018,74640,47235,47235,DSF0000880952,74640.0,47235.0,47235.0,2017-12-19,2018-05-07,2018-03-08,0.6328376205787781,-60,139,2017,0,25,Queens,4.872971630738443,0,0,1,0,0
28,Q220,P.S. 220 - QUEENS,SCA CIP,FLOOD ELIMINATION / PLANYC BOILER CONVERSION / PLANYC CLIMATE CONTROL,Design,Complete,5/11/2020,12/31/2020,8/19/2020,374043,202133,141815,"DSF0000914331, DSF0000798420, DSF0000903833",374043.0,202133.0,141815.0,2020-05-11,2020-12-31,2020-08-19,0.5404004352440762,-134,234,2020,0,28,Queens,5.57292153158353,0,1,0,0,0
28,Q220,P.S. 220 - QUEENS,SCA CIP,FLOOD ELIMINATION / PLANYC BOILER CONVERSION / PLANYC CLIMATE CONTROL,Scope,Complete,2/5/2020,7/7/2020,5/7/2020,76547,45391,34891,"DSF0000914331, DSF0000798420, DSF0000903833",76547.0,45391.0,34891.0,2020-02-05,2020-07-07,2020-05-07,0.5929820894352489,-61,153,2020,0,28,Queens,4.883928174668814,0,1,0,0,0
30,Q222,P.S. 222 - QUEENS,SCA CIP,UPE- INTERIOR CONVERSION/ENCLOSED ROOFTOP PLAYGROUND,Design,Complete,4/5/2019,9/5/2019,5/16/2019,243273,375020,222187,DSF0000889574,243273.0,375020.0,222187.0,2019-04-05,2019-09-05,2019-05-16,1.5415603046782833,-112,153,2019,1,30,Queens,5.38609391081451,0,0,1,0,0
30,Q222,P.S. 222 - QUEENS,SCA CIP,UPE- INTERIOR CONVERSION/ENCLOSED ROOFTOP PLAYGROUND,Scope,Complete,8/17/2018,11/16/2018,4/5/2019,60818,81413,81413,DSF0000889574,60818.0,81413.0,81413.0,2018-08-17,2018-11-16,2019-04-05,1.3386332993521655,140,91,2018,1,30,Queens,4.784032134268399,0,0,1,0,0
27,Q223,P.S. 223 - QUEENS,SCA CIP,ELECTRICAL WORK FOR A/C INITIATIVE / LL26 CODE COMPLIANCE/EXIT SIGN REPLACEMENT,"CM,F&E",Complete,2/21/2020,11/16/2020,11/13/2020,62942,44460,43231,"DSF0000912109, DSF0000912610",62942.0,44460.0,43231.0,2020-02-21,2020-11-16,2020-11-13,0.7063645896221918,-3,269,2020,0,27,Queens,4.798940538627469,1,0,0,0,0
27,Q223,P.S. 223 - QUEENS,SCA CIP,ELECTRICAL WORK FOR A/C INITIATIVE / LL26 CODE COMPLIANCE/EXIT SIGN REPLACEMENT,Construction,Complete,2/21/2020,11/16/2020,11/13/2020,339591,402200,240116,"DSF0000912109, DSF0000912610",339591.0,402200.0,240116.0,2020-02-21,2020-11-16,2020-11-13,1.184365898978477,-3,269,2020,1,27,Queens,5.5309561718483256,1,0,0,0,0
27,Q223,P.S. 223 - QUEENS,SCA CIP,ELECTRICAL WORK FOR A/C INITIATIVE / LL26 CODE COMPLIANCE/EXIT SIGN REPLACEMENT,Design,Complete,6/11/2019,11/12/2019,10/25/2019,26347,10867,10733,"DSF0000912109, DSF0000912610",26347.0,10867.0,10733.0,2019-06-11,2019-11-12,2019-10-25,0.4124568262041219,-18,154,2019,0,27,Queens,4.420731171441572,1,0,0,0,0
27,Q225,P.S. 317 - QUEENS,SCA CIP,SANDY: HEAT / FLOOD / ELECTRICAL SYSTEMS /  INTERIOR / NON-SANDY:CLIMATE,Design,Complete,6/4/2014,11/4/2014,11/26/2014,432817,1015591,936531,"DSF0000791232, DSF0000791229, DSF0000791225, DSF0000791231, DSF0000800307",432817.0,1015591.0,936531.0,2014-06-04,2014-11-04,2014-11-26,2.3464674446706115,22,153,2014,1,27,Queens,5.63630431046542,1,1,0,0,0
27,Q225,P.S. 317 - QUEENS,SCA CIP,SANDY: HEAT / FLOOD / ELECTRICAL SYSTEMS /  INTERIOR / NON-SANDY:CLIMATE,Scope,Complete,2/7/2014,7/10/2014,6/4/2014,110829,122605,122605,"DSF0000791232, DSF0000791229, DSF0000791225, DSF0000791231, DSF0000800307",110829.0,122605.0,122605.0,2014-02-07,2014-07-10,2014-06-04,1.1062537783432134,-36,153,2014,1,27,Queens,5.044653414652883,1,1,0,0,0
27,Q226,I.S. 226 - QUEENS,SCA CIP,FLOOD ELIMINATION / PARAPETS / EXTERIOR MASONRY,Design,Complete,2/14/2019,7/17/2019,5/2/2019,876000,425112,352337,"DSF0000881036, DSF0000881037, DSF0000881038",876000.0,425112.0,352337.0,2019-02-14,2019-07-17,2019-05-02,0.4852876712328767,-76,153,2019,0,27,Queens,5.942504106168081,0,0,1,0,0
27,Q226,I.S. 226 - QUEENS,SCA CIP,FLOOD ELIMINATION / PARAPETS / EXTERIOR MASONRY,Scope,Complete,10/17/2018,3/7/2019,2/14/2019,219000,121337,114662,"DSF0000881036, DSF0000881037, DSF0000881038",219000.0,121337.0,114662.0,2018-10-17,2019-03-07,2019-02-14,0.5540502283105023,-21,141,2018,0,27,Queens,5.3404441148401185,0,0,1,0,0
30,Q227,I.S. 227 - QUEENS,SCA CIP,ELECTRICAL WORK FOR A/C INITIATIVE / LL26 CODE COMPLIANCE/EXIT SIGN REPLACEMENT,Design,Complete,10/3/2019,3/10/2020,1/29/2020,31815,12835,12300,"DSF0000912732, DSF0000914273",31815.0,12835.0,12300.0,2019-10-03,2020-03-10,2020-01-29,0.40342605689140343,-41,159,2019,0,30,Queens,4.502631927572243,1,0,0,0,0
30,Q228,P.S. 228 - QUEENS,SCA CIP,PARAPETS / ROOFS / EXTERIOR MASONRY,Scope,Complete,5/20/2020,11/17/2020,10/30/2020,44482,145322,70830,"DSF0000956474, DSF0000956473, DSF0001008581",44482.0,145322.0,70830.0,2020-05-20,2020-11-17,2020-10-30,3.266984398183535,-18,181,2020,1,30,Queens,4.648184305764576,0,0,1,0,0
24,Q229,P.S. 229 - QUEENS,SCA CIP,WINDOWS,Design,Complete,12/10/2018,5/13/2019,5/3/2019,327840,404592,229872,DSF0000888956,327840.0,404592.0,229872.0,2018-12-10,2019-05-13,2019-05-03,1.2341142020497804,-10,154,2018,1,24,Queens,5.51566194105712,0,0,0,0,0
24,Q229,P.S. 229 - QUEENS,SCA CIP,FIRE ALARM REPLACEMENT,Design,Complete,5/14/2019,10/15/2019,5/16/2019,91850,90232,32434,DSF0000881069,91850.0,90232.0,32434.0,2019-05-14,2019-10-15,2019-05-16,0.9823843222645617,-152,154,2019,0,24,Queens,4.963079160641827,0,0,0,1,0
24,Q229,P.S. 229 - QUEENS,SCA CIP,ELECTRICAL WORK FOR A/C INITIATIVE / LL26 CODE COMPLIANCE/EXIT SIGN REPLACEMENT,Design,Complete,3/28/2019,8/27/2019,5/10/2019,73150,20471,20471,"DSF0000868233, DSF0000912427",73150.0,20471.0,20471.0,2019-03-28,2019-08-27,2019-05-10,0.27984962406015035,-109,152,2019,0,24,Queens,4.86421433046133,1,0,0,0,0
24,Q229,P.S. 229 - QUEENS,SCA CIP,ELECTRICAL WORK FOR A/C INITIATIVE / LL26 CODE COMPLIANCE/EXIT SIGN REPLACEMENT,Scope,Complete,12/19/2018,7/26/2019,3/28/2019,19950,5110,5110,"DSF0000868233, DSF0000912427",19950.0,5110.0,5110.0,2018-12-19,2019-07-26,2019-03-28,0.256140350877193,-120,219,2018,0,24,Queens,4.299942900022767,1,0,0,0,0
24,Q229,P.S. 229 - QUEENS,SCA CIP,WINDOWS,Scope,Complete,10/31/2017,3/13/2018,10/16/2018,81960,67513,65286,DSF0000888956,81960.0,67513.0,65286.0,2017-10-31,2018-03-13,2018-10-16,0.8237310883357736,217,133,2017,1,24,Queens,4.913601949729157,0,0,0,0,0
24,Q229,P.S. 229 - QUEENS,SCA CIP,FIRE ALARM REPLACEMENT,Scope,Complete,3/12/2018,6/8/2018,5/14/2019,25050,40714,24049,DSF0000881069,25050.0,40714.0,24049.0,2018-03-12,2018-06-08,2019-05-14,1.625309381237525,340,88,2018,1,24,Queens,4.398807730203265,0,0,0,1,0
29,Q231,COLLABORATIVE ARTS MIDDLE SCHOOL - QUEENS,SCA CIP,ELECTRICAL WORK FOR A/C INITIATIVE / LL26 CODE COMPLIANCE/EXIT SIGN REPLACEMENT,Design,Complete,8/28/2019,2/3/2020,1/29/2020,14768,8590,8590,"DSF0000912733, DSF0000914240",14768.0,8590.0,8590.0,2019-08-28,2020-02-03,2020-01-29,0.5816630552546046,-5,159,2019,0,29,Queens,4.1693216836818365,1,0,0,0,0
29,Q231,COMMUNITY VOICES MIDDLE SCHOOL - QUEENS,SCA CIP RESOA,FY18 RESO A SUPPLEMENTAL COOLING,Design,Complete,2/5/2019,6/17/2019,5/17/2019,94672,73518,71875,DSF0000867230,94672.0,73518.0,71875.0,2019-02-05,2019-06-17,2019-05-17,0.7765548419807334,-31,132,2019,0,29,Queens,4.9762215519329365,0,0,0,0,0
27,Q232,P.S. 232 - QUEENS,SCA CIP,WATER INFILTRATION / PLANYC BOILER / PLANYC CLIMATE CONTROL / LOW-VOLTAGE ELECTRICAL SYSTEM / EXTERIOR MASONRY,Design,Complete,9/19/2018,2/25/2019,5/7/2019,967549,653380,511976,"DSF0000881103, DSF0000888970, DSF0000881100, DSF0000881101, DSF0000891023",967549.0,653380.0,511976.0,2018-09-19,2019-02-25,2019-05-07,0.6752939644400439,71,159,2018,0,27,Queens,5.985672968410068,1,1,1,0,0
27,Q232,P.S. 232 - QUEENS,SCA CIP,WATER INFILTRATION / PLANYC BOILER / PLANYC CLIMATE CONTROL / LOW-VOLTAGE ELECTRICAL SYSTEM / EXTERIOR MASONRY,Scope,Complete,4/10/2018,8/23/2018,8/21/2018,243681,234033,211020,"DSF0000881103, DSF0000888970, DSF0000881100, DSF0000881101, DSF0000891023",243681.0,234033.0,211020.0,2018-04-10,2018-08-23,2018-08-21,0.9604072537456757,-2,135,2018,0,27,Queens,5.386821668221082,1,1,1,0,0
30,Q234,P.S. 234 - QUEENS,SCA CIP,PARAPETS / EXTERIOR MASONRY / FLOOD ELIMINATION,Design,Complete,12/13/2019,5/15/2020,7/16/2020,164751,162051,155786,"DSF0000910496, DSF0000910497, DSF0000960825",164751.0,162051.0,155786.0,2019-12-13,2020-05-15,2020-07-16,0.9836116320993499,62,154,2019,0,30,Queens,5.21682805933988,0,0,1,0,0
30,Q234,P.S. 234 - QUEENS,SCA CIP,PARAPETS / EXTERIOR MASONRY / FLOOD ELIMINATION,Scope,Complete,6/27/2019,11/13/2019,12/13/2019,33283,48189,45787,"DSF0000910496, DSF0000910497, DSF0000960825",33283.0,48189.0,45787.0,2019-06-27,2019-11-13,2019-12-13,1.4478562629570653,30,139,2019,1,30,Queens,4.522222464996256,0,0,1,0,0
25,Q237,J.H.S. 237 - QUEENS,SCA CIP,ELEVATOR MODERNIZATION,Design,Complete,8/28/2018,1/16/2019,4/16/2019,569160,528911,448653,DSF0000881116,569160.0,528911.0,448653.0,2018-08-28,2019-01-16,2019-04-16,0.9292835055169021,90,141,2018,0,25,Queens,5.755234370699497,0,0,0,0,1
25,Q237,J.H.S. 237 - QUEENS,SCA CIP,ELEVATOR MODERNIZATION,Scope,Complete,2/27/2018,5/25/2018,7/31/2018,142290,127008,119644,DSF0000881116,142290.0,127008.0,119644.0,2018-02-27,2018-05-25,2018-07-31,0.8925996204933586,67,87,2018,0,25,Queens,5.153174379371534,0,0,0,0,1
29,Q238,I.S. 238 - QUEENS,SCA CIP,ELECTRICAL WORK FOR A/C INITIATIVE,Design,Complete,1/16/2019,6/18/2019,5/14/2019,38225,28296,25211,DSF0000868234,38225.0,28296.0,25211.0,2019-01-16,2019-06-18,2019-05-14,0.7402485284499672,-35,153,2019,0,29,Queens,4.582347494084358,1,0,0,0,0
29,Q238,I.S. 238 - QUEENS,SCA CIP,ELECTRICAL WORK FOR A/C INITIATIVE,Scope,Complete,10/24/2018,2/28/2019,1/16/2019,10425,6366,6366,DSF0000868234,10425.0,6366.0,6366.0,2018-10-24,2019-02-28,2019-01-16,0.6106474820143885,-43,127,2018,0,29,Queens,4.018076063645795,1,0,0,0,0
29,Q238,I.S. 238 - QUEENS,SCA CIP,PARAPETS / EXTERIOR MASONRY / WINDOWS / PLAYGROUND REDEVELOPMENT,Scope,Complete,11/8/2018,3/26/2019,3/1/2019,133261,75917,73494,"DSF0000881133, DSF0000881134, DSF0000960543, DSF0000960831",133261.0,75917.0,73494.0,2018-11-08,2019-03-26,2019-03-01,0.5696865549560637,-25,138,2018,0,29,Queens,5.124703067920954,0,0,1,0,0
25,Q242,P.S. 242 - QUEENS,SCA CIP,UPE- PLAYGROUND,Design,Complete,10/22/2018,3/12/2019,3/1/2019,61710,118464,72332,DSF0000889575,61710.0,118464.0,72332.0,2018-10-22,2019-03-12,2019-03-01,1.9196888672824501,-11,141,2018,1,25,Queens,4.7903555464143865,0,0,0,0,0
25,Q242,P.S. 242 - QUEENS,SCA CIP,UPE- PLAYGROUND,Scope,Complete,7/27/2018,10/26/2018,10/18/2018,16830,63610,48025,DSF0000889575,16830.0,63610.0,48025.0,2018-07-27,2018-10-26,2018-10-18,3.7795603089720737,-8,91,2018,1,25,Queens,4.226084115975824,0,0,0,0,0
29,Q251,P.S. 251 - QUEENS,SCA CIP,ELECTRICAL WORK FOR A/C INITIATIVE,Design,Complete,8/22/2019,1/28/2020,1/29/2020,10087,4714,4714,DSF0000912734,10087.0,4714.0,4714.0,2019-08-22,2020-01-28,2020-01-29,0.4673341925250322,1,159,2019,0,29,Queens,4.003762020828246,1,0,0,0,0
29,Q251,P.S. 251 - QUEENS,SCA CIP,IPDVS CAMERA INSTALLATION,Design,Complete,7/1/2020,12/29/2020,12/22/2020,21648,5960,5960,DSF0000960774,21648.0,5960.0,5960.0,2020-07-01,2020-12-29,2020-12-22,0.2753141167775314,-7,181,2020,0,29,Queens,4.3354177792535475,0,0,0,0,0
24,Q260,P.S. 307 - QUEENS,SCA CIP RESOA,FY19 RESO A LIBRARY UPGRADE,Design,Complete,3/27/2019,8/26/2019,8/28/2019,22800,38985,34805,DSF0000890920,22800.0,38985.0,34805.0,2019-03-27,2019-08-26,2019-08-28,1.7098684210526316,2,152,2019,1,24,Queens,4.357934847000454,0,0,0,0,0
29,Q268,P.S. 268 - QUEENS,SCA CIP RESOA,FY18 RESO A PLAYGROUNDS,Design,Complete,1/16/2019,6/3/2019,5/18/2020,46500,73401,42930,DSF0000867340,46500.0,73401.0,42930.0,2019-01-16,2019-06-03,2020-05-18,1.578516129032258,350,138,2019,1,29,Queens,4.6674529528899535,0,0,0,0,0
24,Q269,P.S. 143 - QUEENS,SCA CIP,BACKFLOW PREVENTION DEVICE,Design,Complete,9/6/2018,3/7/2019,5/9/2019,29095,65840,65840,DSF0000888828,29095.0,65840.0,65840.0,2018-09-06,2019-03-07,2019-05-09,2.26293177521911,63,182,2018,1,24,Queens,4.463818361529429,0,0,0,0,0
30,Q280,P.S. 280 - QUEENS,SCA CIP,UPE- INTERIOR CONVERSION,"CM,F&E",Complete,6/25/2019,3/20/2020,9/10/2020,228041,117176,112882,DSF0000889576,228041.0,117176.0,112882.0,2019-06-25,2020-03-20,2020-09-10,0.513837423972005,174,269,2019,1,30,Queens,5.358012936794161,0,0,0,0,0
30,Q280,P.S. 280 - QUEENS,SCA CIP,UPE- INTERIOR CONVERSION,Construction,Complete,6/25/2019,3/20/2020,9/10/2020,975105,986799,745024,DSF0000889576,975105.0,986799.0,745024.0,2019-06-25,2020-03-20,2020-09-10,1.011992554647961,174,269,2019,1,30,Queens,5.989051383355298,0,0,0,0,0
30,Q280,P.S. 280 - QUEENS,SCA CIP,UPE- INTERIOR CONVERSION,Design,Complete,1/16/2019,5/31/2019,5/14/2019,92070,74811,70733,DSF0000889576,92070.0,74811.0,70733.0,2019-01-16,2019-05-31,2019-05-14,0.8125448028673835,-17,135,2019,0,30,Queens,4.964118143151485,0,0,0,0,0
30,Q280,P.S. 280 - QUEENS,SCA CIP,UPE- INTERIOR CONVERSION,Scope,Complete,10/25/2018,3/4/2019,1/11/2019,25110,15126,15126,DSF0000889576,25110.0,15126.0,15126.0,2018-10-25,2019-03-04,2019-01-11,0.602389486260454,-52,130,2018,0,30,Queens,4.399846712712923,0,0,0,0,0
24,Q340,P.S. @ 69-02 QUEENS BOULEVARD - QUEENS,SCA Capacity,NEW SCHOOL,Design,Complete,7/17/2019,1/16/2020,8/13/2020,2992168,782845,703829,DSF0000890641,2992168.0,782845.0,703829.0,2019-07-17,2020-01-16,2020-08-13,0.261631365618508,210,183,2019,1,24,Queens,6.475985974026867,0,0,0,0,0
24,Q340,P.S. @ 69-02 QUEENS BOULEVARD - QUEENS,SCA Capacity,NEW SCHOOL,Scope,Complete,1/17/2019,7/2/2019,7/16/2019,664926,626759,448996,DSF0000890641,664926.0,626759.0,448996.0,2019-01-17,2019-07-02,2019-07-16,0.942599627627736,14,166,2019,0,24,Queens,5.822773315107749,0,0,0,0,0
30,Q341,P.S. @ PARCEL C - QUEENS,SCA Capacity,NEW SCHOOL,Scope,Complete,12/21/2016,6/28/2017,6/28/2017,1480940,1314357,1308994,DSF0000843659,1480940.0,1314357.0,1308994.0,2016-12-21,2017-06-28,2017-06-28,0.8875153618647615,0,189,2016,0,30,Queens,6.170537463520015,0,0,0,0,0
27,Q343,P.S. 47 - QUEENS,SCA Capacity,NEW SCHOOL,Scope,Complete,11/4/2019,3/6/2020,3/2/2020,896497,636900,625542,DSF0000914311,896497.0,636900.0,625542.0,2019-11-04,2020-03-06,2020-03-02,0.7104318252041,-4,123,2019,0,27,Queens,5.9525488405957745,0,0,0,0,0
27,Q343,P.S. 47 - QUEENS,SCA CIP,DEMOLITION,Design,Complete,11/1/2019,2/27/2020,3/3/2020,111912,45712,45712,DSF0000914311,111912.0,45712.0,45712.0,2019-11-01,2020-02-27,2020-03-03,0.40846379298019875,5,118,2019,0,27,Queens,5.048876657166098,0,0,0,0,0
27,Q343,P.S. 47 - QUEENS,SCA CIP,DEMOLITION,Scope,Complete,11/1/2019,11/1/2019,11/1/2019,22382,28529,1964,DSF0000914311,22382.0,28529.0,1964.0,2019-11-01,2019-11-01,2019-11-01,1.274640335984273,0,0,2019,1,27,Queens,4.349898891403912,0,0,0,0,0
29,Q357,P.S. 36 - QUEENS,SCA CIP,STANDALONE GYM ANNEX,Design,Complete,9/20/2018,3/1/2019,4/10/2019,519000,667592,452817,DSF0000889562,519000.0,667592.0,452817.0,2018-09-20,2019-03-01,2019-04-10,1.2863044315992294,40,162,2018,1,29,Queens,5.715167357848458,0,0,0,0,0
29,Q357,P.S. 36 - QUEENS,SCA CIP,STANDALONE GYM ANNEX,Scope,Complete,9/20/2018,9/20/2018,9/20/2018,129750,12015,9754,DSF0000889562,129750.0,12015.0,9754.0,2018-09-20,2018-09-20,2018-09-20,0.09260115606936416,0,0,2018,0,29,Queens,5.113107366520495,0,0,0,0,0
26,Q361,P.S. @ 56-10 214 STREET - QUEENS,OUTROS,LEASE,"CM,F&E",Complete,7/1/2019,9/3/2020,9/9/2020,2437371,2492655,2183294,DSF0000889304,2437371.0,2492655.0,2183294.0,2019-07-01,2020-09-03,2020-09-09,1.0226818157760964,6,430,2019,0,26,Queens,6.3869216395620825,0,0,0,0,0
26,Q361,P.S. @ 56-10 214 STREET - QUEENS,OUTROS,LEASE,Construction,Complete,7/1/2019,9/3/2020,9/9/2020,17308421,18253135,16783456,DSF0000889304,17308421.0,18253135.0,16783456.0,2019-07-01,2020-09-03,2020-09-09,1.0545811775666885,6,430,2019,0,26,Queens,7.238257450182409,0,0,0,0,0
26,Q361,P.S. @ 56-10 214 STREET - QUEENS,OUTROS,LEASE,Design,Complete,9/24/2018,2/21/2019,4/17/2019,1234112,620462,558077,DSF0000889304,1234112.0,620462.0,558077.0,2018-09-24,2019-02-21,2019-04-17,0.5027598791681792,55,150,2018,0,26,Queens,6.091354575235907,0,0,0,0,0
26,Q361,P.S. @ 56-10 214 STREET - QUEENS,OUTROS,LEASE,Scope,Complete,8/23/2018,9/27/2018,9/21/2018,385660,230082,230082,DSF0000889304,385660.0,230082.0,230082.0,2018-08-23,2018-09-27,2018-09-21,0.5965928538090546,-6,35,2018,0,26,Queens,5.5862045969160015,0,0,0,0,0
29,Q363,DISTRICT 29 PRE-K CENTER AT 134-35 SPRINGFIELD BOULEVARD - QUEENS,3K,LEASE,"CM,F&E",Complete,2/21/2020,9/3/2020,8/1/2020,1054736,346768,651617,DSF0000912333,1054736.0,346768.0,651617.0,2020-02-21,2020-09-03,2020-08-01,0.3287723183810925,-33,195,2020,0,29,Queens,6.023143769500139,0,0,0,0,0
29,Q363,DISTRICT 29 PRE-K CENTER AT 134-35 SPRINGFIELD BOULEVARD - QUEENS,3K,LEASE,Construction,Complete,2/21/2020,9/3/2020,8/1/2020,7426078,7163137,5613413,DSF0000912333,7426078.0,7163137.0,5613413.0,2020-02-21,2020-09-03,2020-08-01,0.9645922113934166,-33,195,2020,0,29,Queens,6.870759506537283,0,0,0,0,0
29,Q363,DISTRICT 29 PRE-K CENTER AT 134-35 SPRINGFIELD BOULEVARD - QUEENS,3K,LEASE,Design,Complete,5/6/2019,7/25/2019,1/24/2020,588852,346324,342217,DSF0000912333,588852.0,346324.0,342217.0,2019-05-06,2019-07-25,2020-01-24,0.5881342001046104,183,80,2019,1,29,Queens,5.770006154447467,0,0,0,0,0
29,Q363,DISTRICT 29 PRE-K CENTER AT 134-35 SPRINGFIELD BOULEVARD - QUEENS,3K,LEASE,Scope,Complete,4/4/2019,5/2/2019,5/3/2019,130856,167673,167142,DSF0000912333,130856.0,167673.0,167142.0,2019-04-04,2019-05-02,2019-05-03,1.28135507733692,1,28,2019,1,29,Queens,5.116793640672123,0,0,0,0,0
24,Q364,MOSAIC PRE-K CENTER AT 75-01 BROADWAY - QUEENS,3K,LEASE,Design,Complete,6/20/2019,8/16/2019,12/11/2019,675774,580842,506363,DSF0000912334,675774.0,580842.0,506363.0,2019-06-20,2019-08-16,2019-12-11,0.8595210824920757,117,57,2019,1,24,Queens,5.82980147854017,0,0,0,0,0
24,Q364,MOSAIC PRE-K CENTER AT 75-01 BROADWAY - QUEENS,3K,LEASE,Scope,Complete,4/2/2019,5/7/2019,6/19/2019,150172,193235,193235,DSF0000912334,150172.0,193235.0,193235.0,2019-04-02,2019-05-07,2019-06-19,1.2867578509975228,43,35,2019,1,24,Queens,5.176588964764826,0,0,0,0,0
24,Q369,PRE-K CENTER @ 47-01 111TH STREET - QUEENS,OUTROS,NEW SCHOOL,Design,Complete,8/15/2016,12/16/2016,11/4/2019,3496500,2811797,2176525,DSF0000844699,3496500.0,2811797.0,2176525.0,2016-08-15,2016-12-16,2019-11-04,0.8041747461747462,1053,123,2016,1,24,Queens,6.543633532576258,0,0,0,0,0
24,Q369,PRE-K CENTER @ 47-01 111TH STREET - QUEENS,OUTROS,NEW SCHOOL,Scope,Complete,8/12/2016,8/12/2016,8/12/2016,777000,193563,192764,DSF0000844699,777000.0,193563.0,192764.0,2016-08-12,2016-08-12,2016-08-12,0.2491158301158301,0,0,2016,0,24,Queens,5.8904210188009145,0,0,0,0,0
30,Q375,P.S. @ PARCEL F - QUEENS,SCA Capacity,NEW SCHOOL / DEMOLITION,Design,Complete,11/15/2016,4/14/2017,5/19/2017,5399200,4517102,3950547,"DSF0000843984, DSF0000843984",5399200.0,4517102.0,3950547.0,2016-11-15,2017-04-14,2017-05-19,0.8366243147132909,35,150,2016,0,30,Queens,6.732329415133332,0,0,0,0,0
30,Q375,P.S. @ PARCEL F - QUEENS,SCA Capacity,NEW SCHOOL / DEMOLITION,Scope,Complete,4/19/2016,9/27/2016,11/14/2016,1687250,1279878,1267547,"DSF0000843984, DSF0000843984",1687250.0,1279878.0,1267547.0,2016-04-19,2016-09-27,2016-11-14,0.7585586012742629,48,161,2016,0,30,Queens,6.227179436813427,0,0,0,0,0
27,Q400,AUGUST MARTIN HS - QUEENS,SCA CIP,PLANYC BOILER CONVERSION / PLANYC CLIMATE CONTROL,Design,Complete,9/5/2017,2/8/2018,1/16/2018,569220,472574,466794,"DSF0000798303, DSF0000798305",569220.0,472574.0,466794.0,2017-09-05,2018-02-08,2018-01-16,0.8302132743051895,-23,156,2017,0,27,Queens,5.755280150964325,0,1,0,0,0
27,Q400,AUGUST MARTIN HS - QUEENS,SCA CIP,PLANYC BOILER CONVERSION / PLANYC CLIMATE CONTROL,Scope,Complete,5/18/2017,10/19/2017,8/28/2017,142305,155391,155391,"DSF0000798303, DSF0000798305",142305.0,155391.0,155391.0,2017-05-18,2017-10-19,2017-08-28,1.0919574154105618,-52,154,2017,0,27,Queens,5.153220159636364,0,1,0,0,0
27,Q401,AUGUST MARTIN HS - QUEENS,SCA CIP,ATHLETIC FIELD UPGRADE / PATH OF TRAVEL ATHLETIC FIELD UPGRADE,Scope,Complete,5/22/2020,11/19/2020,10/2/2020,126241,217304,89929,"DSF0000949713, DSF0001007719",126241.0,217304.0,89929.0,2020-05-22,2020-11-19,2020-10-02,1.7213425115453775,-48,181,2020,1,27,Queens,5.1012004260805055,0,0,0,0,1
26,Q405,BAYSIDE HIGH SCHOOL - QUEENS,SCA CIP,PUBLIC ADDRESS SYSTEM REPLACEMENT,Design,Complete,6/27/2019,11/29/2019,12/4/2019,62130,34125,34125,DSF0000904068,62130.0,34125.0,34125.0,2019-06-27,2019-11-29,2019-12-04,0.549251569290198,5,155,2019,0,26,Queens,4.793301353613115,0,0,0,0,0
26,Q405,BAYSIDE HIGH SCHOOL - QUEENS,SCA CIP,PUBLIC ADDRESS SYSTEM REPLACEMENT,Scope,Complete,5/8/2019,8/7/2019,6/19/2019,12426,8531,8531,DSF0000904068,12426.0,8531.0,8531.0,2019-05-08,2019-08-07,2019-06-19,0.6865443425076453,-49,91,2019,0,26,Queens,4.0943313492770965,0,0,0,0,0
26,Q405,BAYSIDE HIGH SCHOOL - QUEENS,SCA CIP RESOA,FY19 RESO A AUDITORIUM UPGRADE,Design,Complete,3/22/2019,8/21/2019,5/17/2019,77808,101412,96886,DSF0000890692,77808.0,101412.0,96886.0,2019-03-22,2019-08-21,2019-05-17,1.303362122146823,-96,152,2019,1,26,Queens,4.891024252224102,0,0,0,0,0
27,Q410,CHANNEL VIEW SCL FOR RESEARCH - Q,SCA CIP,ELECTRICAL WORK FOR A/C INITIATIVE,Design,Complete,10/1/2018,3/7/2019,3/6/2019,92730,11756,11756,DSF0000868291,92730.0,11756.0,11756.0,2018-10-01,2019-03-07,2019-03-06,0.1267766634314677,-1,157,2018,0,27,Queens,4.967220259782968,1,0,0,0,0
27,Q410,CHANNEL VIEW SCL FOR RESEARCH - Q,SCA CIP,ELECTRICAL WORK FOR A/C INITIATIVE,Scope,Complete,8/14/2018,12/17/2018,10/1/2018,25290,2931,2931,DSF0000868291,25290.0,2931.0,2931.0,2018-08-14,2018-12-17,2018-10-01,0.1158956109134045,-77,125,2018,0,27,Queens,4.402948829344405,1,0,0,0,0
26,Q415,BENJAMIN N. CARDOZO HS - QUEENS,SCA CIP,ELECTRICAL WORK FOR A/C INITIATIVE / LL26 CODE COMPLIANCE/EXIT SIGN REPLACEMENT,Design,Complete,3/6/2020,8/5/2020,5/12/2020,56909,15375,15375,"DSF0000868292, DSF0000960830",56909.0,15375.0,15375.0,2020-03-06,2020-08-05,2020-05-12,0.27016816320792847,-85,152,2020,0,26,Queens,4.7551809542904975,1,0,0,0,0
26,Q415,BENJAMIN N. CARDOZO HS - QUEENS,SCA CIP,RPZ VALVES / LOW VOLTAGE ELECTRICAL SYSTEM / ELECTRICAL SYSTEM,Scope,Complete,10/23/2018,4/23/2019,9/12/2019,26664,532,532,"DSF0000891081, DSF0000960565, DSF0000949768",26664.0,532.0,532.0,2018-10-23,2019-04-23,2019-09-12,0.019951995199519953,142,182,2018,1,26,Queens,4.425925300652474,1,0,0,0,0
26,Q415,BENJAMIN N. CARDOZO HS - QUEENS,SCA CIP,PLANYC CLIMATE CONTROL / PLANYC BOILER CONVERSION,Scope,Complete,8/5/2020,1/8/2021,12/23/2020,111889,52078,45166,"DSF0000948984, DSF0000960978",111889.0,52078.0,45166.0,2020-08-05,2021-01-08,2020-12-23,0.46544343054277004,-16,156,2020,0,26,Queens,5.048787392389632,0,1,0,0,0
26,Q415,BENJAMIN N. CARDOZO HS - QUEENS,SCA CIP,ELECTRICAL WORK FOR A/C INITIATIVE / LL26 CODE COMPLIANCE/EXIT SIGN REPLACEMENT,Scope,Complete,3/5/2020,7/6/2020,3/6/2020,15480,3844,3844,"DSF0000868292, DSF0000960830",15480.0,3844.0,3844.0,2020-03-05,2020-07-06,2020-03-06,0.2483204134366925,-122,123,2020,0,26,Queens,4.189770956346874,1,0,0,0,0
24,Q419,I.S. 419 - QUEENS,SCA Capacity,NEW SCHOOL,Design,Complete,5/18/2017,9/15/2017,12/22/2017,5407120,3901502,3417605,DSF0000798196,5407120.0,3901502.0,3417605.0,2017-05-18,2017-09-15,2017-12-22,0.7215489946588942,98,120,2017,1,24,Queens,6.732966007962813,0,0,0,0,0
24,Q419,I.S. 419 - QUEENS,SCA Capacity,NEW SCHOOL,Scope,Complete,9/15/2016,2/10/2017,5/17/2017,1689725,968620,941768,DSF0000798196,1689725.0,968620.0,941768.0,2016-09-15,2017-02-10,2017-05-17,0.5732412078888577,96,148,2016,1,24,Queens,6.227816029642907,0,0,0,0,0
29,Q420,G. WASHINGTON CARVER HS FOR SCI.-Q,SCA CIP,ELECTRICAL WORK FOR A/C INITIATIVE,Design,Complete,9/5/2019,2/10/2020,1/29/2020,44354,22573,22573,DSF0000912735,44354.0,22573.0,22573.0,2019-09-05,2020-02-10,2020-01-29,0.508928168823556,-12,158,2019,0,29,Queens,4.646932792140526,1,0,0,0,0
30,Q429,I.S. @ 47-10 BARNETT AVENUE - QUEENS,SCA Capacity,NEW SCHOOL,Design,Complete,7/2/2018,2/27/2019,4/18/2019,5510960,3993377,3712647,DSF0000843825,5510960.0,3993377.0,3712647.0,2018-07-02,2019-02-27,2019-04-18,0.7246245663187539,50,240,2018,0,30,Queens,6.74122725881311,0,0,0,0,0
30,Q429,I.S. @ 47-10 BARNETT AVENUE - QUEENS,SCA Capacity,NEW SCHOOL,Scope,Complete,1/10/2018,6/29/2018,6/29/2018,1722175,1176491,1051895,DSF0000843825,1722175.0,1176491.0,1051895.0,2018-01-10,2018-06-29,2018-06-29,0.6831425377792617,0,170,2018,0,30,Queens,6.236077280493204,0,0,0,0,0
26,Q430,FRANCIS LEWIS HS - QUEENS,SCA CIP,RPZ VALVES,Design,Complete,7/13/2018,1/10/2019,7/2/2019,48744,47142,47142,DSF0000889026,48744.0,47142.0,47142.0,2018-07-13,2019-01-10,2019-07-02,0.9671344165435746,173,181,2018,1,26,Queens,4.687921165116413,0,0,0,0,0
26,Q430,FRANCIS LEWIS HS - QUEENS,SCA CIP,WATER PENETRATION,Design,Complete,1/14/2015,6/16/2015,10/20/2015,88140,162167,150808,DSF0000799991,88140.0,162167.0,150808.0,2015-01-14,2015-06-16,2015-10-20,1.8398797367823916,126,153,2015,1,26,Queens,4.9451730461739,0,0,0,0,0
26,Q430,FRANCIS LEWIS HS - QUEENS,SCA CIP,WATER PENETRATION,Scope,Complete,6/9/2014,10/23/2014,1/9/2015,22035,80294,77851,DSF0000799991,22035.0,80294.0,77851.0,2014-06-09,2014-10-23,2015-01-09,3.6439301111867484,78,136,2014,1,26,Queens,4.343113054845937,0,0,0,0,0
26,Q430,FRANCIS LEWIS HS - QUEENS,SCA CIP,RPZ VALVES,Scope,Complete,3/19/2018,7/17/2018,5/7/2018,10832,11420,11420,DSF0000889026,10832.0,11420.0,11420.0,2018-03-19,2018-07-17,2018-05-07,1.0542836041358936,-71,120,2018,0,26,Queens,4.034708651341069,0,0,0,0,0
26,Q434,FRANCIS LEWIS HS ANNEX - QUEENS,SCA Capacity,NEW SCHOOL,Design,Complete,9/15/2017,4/11/2018,4/16/2018,3638000,3176587,2917052,DSF0000821799,3638000.0,3176587.0,2917052.0,2017-09-15,2018-04-11,2018-04-16,0.8731684991753711,5,208,2017,0,26,Queens,6.560862694727465,0,0,0,0,0
26,Q434,FRANCIS LEWIS HS ANNEX - QUEENS,SCA Capacity,NEW SCHOOL,Scope,Complete,4/3/2017,9/14/2017,9/14/2017,1136875,843043,824326,DSF0000821799,1136875.0,843043.0,824326.0,2017-04-03,2017-09-14,2017-09-14,0.7415441451346894,0,164,2017,0,26,Queens,6.055712716407559,0,0,0,0,0
26,Q435,MARTIN VAN BUREN HS - QUEENS,SCA CIP,IPDVS CAMERA INSTALLATION,Design,Complete,11/30/2017,5/29/2018,2/14/2018,31300,20521,18808,DSF0000867059,31300.0,20521.0,18808.0,2017-11-30,2018-05-29,2018-02-14,0.6556230031948882,-104,180,2017,0,26,Queens,4.495544337546448,0,0,0,0,0
26,Q435,MARTIN VAN BUREN HS - QUEENS,SCA CIP,ELECTRICAL WORK FOR A/C INITIATIVE,Design,Complete,1/5/2018,6/7/2018,3/28/2018,68640,41548,40298,DSF0000868293,68640.0,41548.0,40298.0,2018-01-05,2018-06-07,2018-03-28,0.6053030303030303,-71,153,2018,0,26,Queens,4.836577274840649,1,0,0,0,0
26,Q435,MARTIN VAN BUREN HS - QUEENS,SCA CIP,RNWL SBHC,Design,Complete,10/17/2016,1/17/2017,1/11/2017,109740,118756,117579,DSF0000843892,109740.0,118756.0,117579.0,2016-10-17,2017-01-17,2017-01-11,1.0821578275924912,-6,92,2016,0,26,Queens,5.040364955860061,0,0,0,0,0
26,Q435,MARTIN VAN BUREN HS - QUEENS,SCA CIP,ELECTRICAL WORK FOR A/C INITIATIVE,Scope,Complete,11/22/2017,3/28/2018,1/5/2018,17160,10121,10121,DSF0000868293,17160.0,10121.0,10121.0,2017-11-22,2018-03-28,2018-01-05,0.5898018648018648,-82,126,2017,0,26,Queens,4.2345172835126865,1,0,0,0,0
26,Q435,MARTIN VAN BUREN HS - QUEENS,SCA CIP,RNWL SBHC,Scope,Complete,3/30/2016,6/30/2016,9/7/2016,27435,28523,28523,DSF0000843892,27435.0,28523.0,28523.0,2016-03-30,2016-06-30,2016-09-07,1.0396573719701112,69,92,2016,0,26,Queens,4.438304964532098,0,0,0,0,0
26,Q435,MARTIN VAN BUREN HS - QUEENS,SCA CIP RESOA,FY18 RESO A AUDITORIUM  UPGRADE,Design,Complete,1/29/2020,6/29/2020,5/18/2020,29427,31556,28874,DSF0000866329,29427.0,31556.0,28874.0,2020-01-29,2020-06-29,2020-05-18,1.072348523464845,-42,152,2020,0,26,Queens,4.468745989253668,0,0,0,0,0
27,Q438,P.S. 256 ANNEX - QUEENS,SCA Capacity,NEW SCHOOL,OUTROS,Complete,7/18/2018,9/3/2020,8/7/2020,4921700,3445875,3293695,DSF0000843866,4921700.0,3445875.0,3293695.0,2018-07-18,2020-09-03,2020-08-07,0.7001391795517808,-27,778,2018,0,27,Queens,6.692115137949611,0,0,0,0,0
27,Q438,P.S. 256 ANNEX - QUEENS,SCA Capacity,NEW SCHOOL,Construction,Complete,7/18/2018,9/3/2020,8/7/2020,34950300,32882371,32406055,DSF0000843866,34950300.0,32882371.0,32406055.0,2018-07-18,2020-09-03,2020-08-07,0.940832296146242,-27,778,2018,0,27,Queens,7.543450907915331,0,0,0,0,0
27,Q438,P.S. 256 ANNEX - QUEENS,SCA Capacity,NEW SCHOOL,Design,Complete,3/14/2017,4/11/2017,9/26/2017,2492000,2904392,2408650,DSF0000843866,2492000.0,2904392.0,2408650.0,2017-03-14,2017-04-11,2017-09-26,1.1654863563402889,168,28,2017,1,27,Queens,6.396548037987132,0,0,0,0,0
27,Q438,P.S. 256 ANNEX - QUEENS,SCA Capacity,NEW SCHOOL,Scope,Complete,4/11/2016,9/15/2016,3/13/2017,778750,946096,899535,DSF0000843866,778750.0,946096.0,899535.0,2016-04-11,2016-09-15,2017-03-13,1.214890529695024,179,157,2016,1,27,Queens,5.891398059667226,0,0,0,0,0
28,Q440,FOREST HILLS HS - QUEENS,SCA CIP,HAZARDOUS VIOLATION- FACADE / EXTERIOR DOORS,Design,Complete,5/23/2013,10/24/2013,11/14/2013,705600,406464,359330,"SCA0000021454, DSF0000791601",705600.0,406464.0,359330.0,2013-05-23,2013-10-24,2013-11-14,0.5760544217687075,21,154,2013,0,28,Queens,5.848558572123763,0,0,1,0,0
28,Q440,FOREST HILLS HS - QUEENS,SCA CIP,IPDVS CAMERA INSTALLATION,Design,Complete,3/7/2018,8/29/2018,9/20/2018,33599,18466,18466,DSF0000868137,33599.0,18466.0,18466.0,2018-03-07,2018-08-29,2018-09-20,0.5495996904669782,22,175,2018,0,28,Queens,4.526326351766489,0,0,0,0,0
28,Q440,FOREST HILLS HS - QUEENS,SCA CIP,ELECTRICAL WORK FOR A/C INITIATIVE,Design,Complete,8/15/2018,1/18/2019,12/20/2018,58850,17508,15738,DSF0000868238,58850.0,17508.0,15738.0,2018-08-15,2019-01-18,2018-12-20,0.29750212404418014,-29,156,2018,0,28,Queens,4.769746467179454,1,0,0,0,0
28,Q440,FOREST HILLS HS - QUEENS,SCA CIP,HAZARDOUS VIOLATION- FACADE / EXTERIOR DOORS,Scope,Complete,6/20/2012,11/19/2012,2/11/2013,176400,42789,42789,"SCA0000021454, DSF0000791601",176400.0,42789.0,42789.0,2012-06-20,2012-11-19,2013-02-11,0.24256802721088436,84,152,2012,0,28,Queens,5.246498580795801,0,0,1,0,0
28,Q440,FOREST HILLS HS - QUEENS,SCA CIP,ELECTRICAL WORK FOR A/C INITIATIVE,Scope,Complete,8/14/2018,12/17/2018,8/15/2018,16050,4370,4370,DSF0000868238,16050.0,4370.0,4370.0,2018-08-14,2018-12-17,2018-08-15,0.2722741433021807,-124,125,2018,0,28,Queens,4.205475036740891,1,0,0,0,0
29,Q442,DISTRICT 29 PRE-K CENTER @ 92-53 SPRINGFIELD BLVD - QUEENS,3K,LEASE,"CM,F&E",Complete,7/1/2019,9/3/2020,7/24/2020,2572374,782269,1458237,DSF0000890627,2572374.0,782269.0,1458237.0,2019-07-01,2020-09-03,2020-07-24,0.3041039133500805,-41,430,2019,0,29,Queens,6.410334111347057,0,0,0,0,0
29,Q442,DISTRICT 29 PRE-K CENTER @ 92-53 SPRINGFIELD BLVD - QUEENS,3K,LEASE,Construction,Complete,7/1/2019,9/3/2020,7/24/2020,16560496,15066831,14306068,DSF0000890627,16560496.0,15066831.0,14306068.0,2019-07-01,2020-09-03,2020-07-24,0.9098055396408417,-41,430,2019,0,29,Queens,7.219073340108109,0,0,0,0,0
29,Q442,DISTRICT 29 PRE-K CENTER @ 92-53 SPRINGFIELD BLVD - QUEENS,3K,LEASE,Design,Complete,7/30/2018,1/22/2019,5/9/2019,1180784,977091,810133,DSF0000890627,1180784.0,977091.0,810133.0,2018-07-30,2019-01-22,2019-05-09,0.8274934280952316,107,176,2018,1,29,Queens,6.072170459690019,0,0,0,0,0
29,Q442,DISTRICT 29 PRE-K CENTER @ 92-53 SPRINGFIELD BLVD - QUEENS,3K,LEASE,Scope,Complete,6/1/2018,7/27/2018,7/27/2018,368995,289648,289648,DSF0000890627,368995.0,289648.0,289648.0,2018-06-01,2018-07-27,2018-07-27,0.7849645659155273,0,56,2018,0,29,Queens,5.567020481370113,0,0,0,0,0
30,Q445,WILLIAM C. BRYANT HS - QUEENS,SCA CIP,ELECTRICAL WORK FOR A/C INITIATIVE / LL26 CODE COMPLIANCE/EXIT SIGN REPLACEMENT,Design,Complete,2/20/2019,7/22/2019,3/27/2019,100980,14403,14403,"DSF0000868322, DSF0000912325",100980.0,14403.0,14403.0,2019-02-20,2019-07-22,2019-03-27,0.14263220439691027,-117,152,2019,0,30,Queens,5.004235366359468,1,0,0,0,0
30,Q445,WILLIAM C. BRYANT HS - QUEENS,SCA CIP,ELECTRICAL WORK FOR A/C INITIATIVE / LL26 CODE COMPLIANCE/EXIT SIGN REPLACEMENT,Scope,Complete,8/14/2018,6/19/2019,2/20/2019,27540,3696,3696,"DSF0000868322, DSF0000912325",27540.0,3696.0,3696.0,2018-08-14,2019-06-19,2019-02-20,0.13420479302832244,-119,309,2018,0,30,Queens,4.439963935920905,1,0,0,0,0
30,Q450,NEWCOMERS HIGH SCHOOL - Q,SCA CIP,RPZ VALVES,Design,Complete,9/28/2016,3/28/2017,4/24/2017,42790,60917,60917,DSF0000845578,42790.0,60917.0,60917.0,2016-09-28,2017-03-28,2017-04-24,1.423627015657864,27,181,2016,1,30,Queens,4.631342286483933,0,0,0,0,0
30,Q450,NEWCOMERS HIGH SCHOOL - Q,SCA CIP,PA SYSTEM REPLACEMENT,Design,Complete,7/29/2020,12/31/2020,12/1/2020,82487,25429,25429,DSF0000949917,82487.0,25429.0,25429.0,2020-07-29,2020-12-31,2020-12-01,0.3082788803084122,-30,155,2020,0,30,Queens,4.91638550887557,0,0,0,0,0
30,Q450,NEWCOMERS HIGH SCHOOL - Q,SCA CIP,RPZ VALVES,Scope,Complete,9/27/2016,9/28/2016,9/28/2016,11670,15011,15011,DSF0000845578,11670.0,15011.0,15011.0,2016-09-27,2016-09-28,2016-09-28,1.2862896315338475,0,1,2016,1,30,Queens,4.06707085604537,0,0,0,0,0
30,Q450,NEWCOMERS HIGH SCHOOL - Q,SCA CIP,PA SYSTEM REPLACEMENT,Scope,Complete,5/4/2020,1/29/2021,7/27/2020,18331,6357,6357,DSF0000949917,18331.0,6357.0,6357.0,2020-05-04,2021-01-29,2020-07-27,0.3467895914025421,-186,270,2020,0,30,Queens,4.263186157413705,0,0,0,0,0
30,Q452,LONG ISLAND CITY HS - Q,SCA CIP,CULINARY ARTS ROOM,Design,Complete,12/14/2016,5/8/2017,12/29/2017,130800,229904,202521,DSF0000822192,130800.0,229904.0,202521.0,2016-12-14,2017-05-08,2017-12-29,1.7576758409785933,235,145,2016,1,30,Queens,5.116607743988248,0,0,0,0,0
30,Q452,LONG ISLAND CITY HS - Q,SCA CIP,CRACKED PARAPETS / FLOOD ELIMINATION / EXTERIOR MASONRY / ROOFS,Design,Complete,3/10/2015,8/7/2015,12/23/2015,1302001,711938,626934,"DSF0000791664, DSF0000814902, DSF0000814906, DSF0000814904",1302001.0,711938.0,626934.0,2015-03-10,2015-08-07,2015-12-23,0.5468029594447316,138,150,2015,1,30,Queens,6.114611317791555,0,0,1,0,0
30,Q452,LONG ISLAND CITY HS - Q,SCA CIP,CRACKED PARAPETS / FLOOD ELIMINATION / EXTERIOR MASONRY / ROOFS,Scope,Complete,5/5/2014,9/18/2014,12/22/2014,325500,197240,194440,"DSF0000791664, DSF0000814902, DSF0000814906, DSF0000814904",325500.0,197240.0,194440.0,2014-05-05,2014-09-18,2014-12-22,0.6059600614439324,95,136,2014,1,30,Queens,5.5125509929042105,0,0,1,0,0
30,Q452,LONG ISLAND CITY HS - Q,SCA CIP,CULINARY ARTS ROOM,Scope,Complete,8/24/2015,12/24/2015,12/12/2016,32700,47301,47301,DSF0000822192,32700.0,47301.0,47301.0,2015-08-24,2015-12-24,2016-12-12,1.44651376146789,354,122,2015,1,30,Queens,4.514547752660286,0,0,0,0,0
24,Q455,NEWTOWN HS - QUEENS,SCA CIP,ELECTRICAL WORK FOR A/C INITIATIVE / LSP LL26 CODE COMPLIANCE/EXIT SIGN REPLACEMENT,Design,Complete,1/29/2019,6/28/2019,5/16/2019,74387,64548,63047,"DSF0000868294, DSF0000912221",74387.0,64548.0,63047.0,2019-01-29,2019-06-28,2019-05-16,0.8677322650463118,-43,150,2019,0,24,Queens,4.871497044126882,1,0,0,0,0
24,Q455,NEWTOWN HS - QUEENS,SCA CIP,ELECTRICAL WORK FOR A/C INITIATIVE / LSP LL26 CODE COMPLIANCE/EXIT SIGN REPLACEMENT,Scope,Complete,3/29/2018,5/23/2019,1/29/2019,18776,25457,23318,"DSF0000868294, DSF0000912221",18776.0,25457.0,23318.0,2018-03-29,2019-05-23,2019-01-29,1.3558265871325097,-114,420,2018,1,24,Queens,4.273603076590536,1,0,0,0,0
24,Q455,NEWTOWN HS - QUEENS,SCA CIP,CEILING ACOUSTAL TILES REPLACEMENT / VENTILATION,Scope,Complete,8/16/2018,12/17/2018,10/22/2019,34597,56124,52026,"DSF0000889656, DSF0000949980",34597.0,56124.0,52026.0,2018-08-16,2018-12-17,2019-10-22,1.6222215799057722,309,123,2018,1,24,Queens,4.539038441569298,0,0,0,0,0
25,Q460,FLUSHING HS - QUEENS,SCA CIP,PARAPETS / EXTERIOR MASONRY / ROOFS,Design,Complete,3/19/2018,8/16/2018,5/17/2018,552000,407589,406339,"DSF0000881482, DSF0000881483, DSF0000881481",552000.0,407589.0,406339.0,2018-03-19,2018-08-16,2018-05-17,0.7383858695652173,-91,150,2018,0,25,Queens,5.7419390777291985,0,0,1,0,0
25,Q460,FLUSHING HS - QUEENS,SCA CIP,PARAPETS / EXTERIOR MASONRY / ROOFS,Scope,Complete,12/18/2017,5/4/2018,3/19/2018,138000,103300,103300,"DSF0000881482, DSF0000881483, DSF0000881481",138000.0,103300.0,103300.0,2017-12-18,2018-05-04,2018-03-19,0.7485507246376811,-46,137,2017,0,25,Queens,5.139879086401237,0,0,1,0,0
27,Q464,3K CENTER @ 185 BEACH 99TH STREET - QUEENS,3K,LEASE,Design,Complete,7/22/2019,11/22/2019,3/25/2020,675684,179881,175138,DSF0000912744,675684.0,179881.0,175138.0,2019-07-22,2019-11-22,2020-03-25,0.266220600162206,124,123,2019,1,27,Queens,5.829743635080101,0,0,0,0,0
27,Q464,3K CENTER @ 185 BEACH 99TH STREET - QUEENS,3K,LEASE,Scope,Complete,6/24/2019,7/19/2019,7/19/2019,150152,170849,158282,DSF0000912744,150152.0,170849.0,158282.0,2019-06-24,2019-07-19,2019-07-19,1.1378403218072353,0,25,2019,1,27,Queens,5.176531121304757,0,0,0,0,0
27,Q465,LYFE PROGRAM,SCA CIP RESOA,FY17 RESO A PLAYGROUND REDEVELOPMENT,Design,Complete,2/28/2018,7/13/2018,9/4/2018,23100,59613,29176,DSF0000844906,23100.0,59613.0,29176.0,2018-02-28,2018-07-13,2018-09-04,2.5806493506493506,53,135,2018,1,27,Queens,4.363611979892144,0,0,0,0,0
26,Q469,CARDOZO HIGH SCHOOL ANNEX - QUEENS,SCA Capacity,NEW SCHOOL,Design,Complete,11/6/2018,5/31/2019,5/10/2019,3826400,2550885,2282179,DSF0000888760,3826400.0,2550885.0,2282179.0,2018-11-06,2019-05-31,2019-05-10,0.6666540351243989,-21,206,2018,0,26,Queens,6.5827903678639075,0,0,0,0,0
26,Q469,CARDOZO HIGH SCHOOL ANNEX - QUEENS,SCA Capacity,NEW SCHOOL,Scope,Complete,6/1/2018,10/26/2018,11/5/2018,1195750,619895,610268,DSF0000888760,1195750.0,619895.0,610268.0,2018-06-01,2018-10-26,2018-11-05,0.5184152205728623,10,147,2018,0,26,Queens,6.077640389544002,0,0,0,0,0
28,Q470,QUEENS COLLEGIATE SCHOOL - QUEENS,SCA CIP,WEST AREAWAY DRAINS,Design,Complete,11/2/2016,4/7/2017,8/30/2018,184140,209066,152171,DSF0000845574,184140.0,209066.0,152171.0,2016-11-02,2017-04-07,2018-08-30,1.1353643966547193,510,156,2016,1,28,Queens,5.265148138815467,0,0,0,0,0
28,Q470,QUEENS COLLEGIATE SCHOOL - QUEENS,SCA CIP,ELECTRICAL WORK FOR A/C INITIATIVE,Design,Complete,6/15/2018,11/16/2018,11/8/2018,59486,22312,22187,DSF0000868296,59486.0,22312.0,22187.0,2018-06-15,2018-11-16,2018-11-08,0.3750798507211781,-8,154,2018,0,28,Queens,4.774414766767753,1,0,0,0,0
28,Q470,QUEENS COLLEGIATE SCHOOL - QUEENS,SCA CIP,TENNIS COURT SURFACE,Design,Complete,1/9/2019,5/31/2019,5/17/2019,53680,72395,63277,DSF0000889657,53680.0,72395.0,63277.0,2019-01-09,2019-05-31,2019-05-17,1.348640089418778,-14,142,2019,1,28,Queens,4.729812507160935,0,0,0,0,0
28,Q470,QUEENS COLLEGIATE SCHOOL - QUEENS,SCA CIP,ELECTRICAL WORK FOR A/C INITIATIVE,Scope,Complete,3/29/2018,7/30/2018,6/15/2018,16223,5687,5687,DSF0000868296,16223.0,5687.0,5687.0,2018-03-29,2018-07-30,2018-06-15,0.35055168587807434,-45,123,2018,0,28,Queens,4.210131168184136,1,0,0,0,0
28,Q470,QUEENS COLLEGIATE SCHOOL - QUEENS,SCA CIP,TENNIS COURT SURFACE,Scope,Complete,8/17/2018,11/19/2018,11/29/2018,14640,18356,18356,DSF0000889657,14640.0,18356.0,18356.0,2018-08-17,2018-11-19,2018-11-29,1.2538251366120219,10,94,2018,1,28,Queens,4.165541076722373,0,0,0,0,0
28,Q470,QUEENS COLLEGIATE SCHOOL - QUEENS,SCA CIP,WEST AREAWAY DRAINS,Scope,Complete,11/2/2016,11/2/2016,11/2/2016,46035,72901,42088,DSF0000845574,46035.0,72901.0,42088.0,2016-11-02,2016-11-02,2016-11-02,1.5835994352123384,0,0,2016,1,28,Queens,4.663088147487504,0,0,0,0,0
28,Q470,HILLSIDE ACADEMY FOR ARTS AND LETTERS - Q,SCA CIP RESOA,FY18 RESO A SCIENCE LAB UPGRADE,Design,Complete,11/9/2018,4/16/2019,5/14/2019,81750,88791,80374,DSF0000868043,81750.0,88791.0,80374.0,2018-11-09,2019-04-16,2019-05-14,1.0861284403669724,28,158,2018,0,28,Queens,4.912487761332324,0,0,0,0,0
30,Q472,H.S. @ 53-16 NORTHERN BOULEVARD - QUEENS,SCA Capacity,NEW SCHOOL,Scope,Complete,6/11/2018,1/4/2019,1/4/2019,4174298,1415768,1236270,DSF0000866092,4174298.0,1415768.0,1236270.0,2018-06-11,2019-01-04,2019-01-04,0.33916313593327546,0,207,2018,0,30,Queens,6.620583449793141,0,0,0,0,0
27,Q475,RICHMOND HILL HS - QUEENS,SCA CIP,LOCKER ROOM UPGRADE / LOW-VOLTAGE ELECTRICAL SYSTEM,Scope,Complete,11/1/2019,3/9/2020,1/22/2020,119200,43675,42867,"DSF0000914309, DSF0000950068",119200.0,43675.0,42867.0,2019-11-01,2020-03-09,2020-01-22,0.3664010067114094,-47,129,2019,0,27,Queens,5.076276255404218,1,0,0,0,0
27,Q475,RICHMOND HILL HS - QUEENS,SCA CIP,PATH OF TRAVEL LOCKER ROOM UPGRADE,Scope,Complete,2/19/2020,7/2/2020,12/17/2020,10684,10684,8682,DSF0000960723,10684.0,10684.0,8682.0,2020-02-19,2020-07-02,2020-12-17,1.0,168,134,2020,1,27,Queens,4.0287338793493355,0,0,0,0,1
27,Q475,RICHMOND HILL HS - QUEENS,SCA CIP RESOA,FY18 RESO A AUDITORIUM  UPGRADE,Design,Complete,6/18/2018,11/19/2018,11/19/2018,147900,281156,280412,DSF0000866331,147900.0,281156.0,280412.0,2018-06-18,2018-11-19,2018-11-19,1.9009871534820826,0,154,2018,1,27,Queens,5.169968173996892,0,0,0,0,0
27,Q480,JOHN ADAMS HS - QUEENS,SCA CIP,EXTERIOR MASONRY / ROOFS / PARAPETS / WINDOWS / FLOOD ELIMINATION,Design,Complete,6/6/2018,11/6/2018,3/8/2019,1427645,604661,524319,"DSF0000791828, DSF0000904450, DSF0000904451, DSF0000904452, DSF0000904447",1427645.0,604661.0,524319.0,2018-06-06,2018-11-06,2019-03-08,0.42353736398054137,122,153,2018,1,27,Queens,6.154620228652967,0,0,1,0,0
27,Q480,JOHN ADAMS HS - QUEENS,SCA CIP,ELECTRICAL WORK FOR A/C INITIATIVE,Design,Complete,12/12/2018,5/15/2019,4/11/2019,80190,17956,17956,DSF0000868298,80190.0,17956.0,17956.0,2018-12-12,2019-05-15,2019-04-11,0.22391819428856466,-34,154,2018,0,27,Queens,4.9041202134762,1,0,0,0,0
27,Q480,JOHN ADAMS HS - QUEENS,SCA CIP,TCU REMOVAL/PLAYGROUND REDEVELOPMENT,Design,Complete,6/14/2017,12/14/2017,12/15/2017,81180,86896,86896,DSF0000845623,81180.0,86896.0,86896.0,2017-06-14,2017-12-14,2017-12-15,1.0704114313870412,1,183,2017,0,27,Queens,4.909449046981266,0,0,0,0,0
27,Q480,JOHN ADAMS HS - QUEENS,SCA CIP,TCU REMOVAL/PLAYGROUND REDEVELOPMENT,Scope,Complete,1/12/2017,7/12/2017,4/21/2017,22140,21370,21370,DSF0000845623,22140.0,21370.0,21370.0,2017-01-12,2017-07-12,2017-04-21,0.9652213188798555,-82,181,2017,0,27,Queens,4.345177616542704,0,0,0,0,0
27,Q480,JOHN ADAMS HS - QUEENS,SCA CIP,ELECTRICAL WORK FOR A/C INITIATIVE,Scope,Complete,8/14/2018,12/17/2018,12/12/2018,21870,5039,5039,DSF0000868298,21870.0,5039.0,5039.0,2018-08-14,2018-12-17,2018-12-12,0.23040695016003657,-5,125,2018,0,27,Queens,4.339848783037637,1,0,0,0,0
27,Q480,JOHN ADAMS HS - QUEENS,SCA CIP,EXTERIOR MASONRY / ROOFS / PARAPETS / WINDOWS / FLOOD ELIMINATION,Scope,Complete,6/11/2014,10/27/2014,12/12/2014,358454,253511,253491,"DSF0000791828, DSF0000904450, DSF0000904451, DSF0000904452, DSF0000904447",358454.0,253511.0,253491.0,2014-06-11,2014-10-27,2014-12-12,0.7072344010668036,46,138,2014,0,27,Queens,5.554433431055532,0,0,1,0,0
29,Q483,DISTRICT 29 PRE-K CENTER AT 207-01 JAMAICA AVENUE - QUEENS,3K,LEASE,"CM,F&E",Complete,11/7/2019,9/3/2020,8/20/2020,2275187,753656,1017237,DSF0000890611,2275187.0,753656.0,1017237.0,2019-11-07,2020-09-03,2020-08-20,0.33125013460432046,-14,301,2019,0,29,Queens,6.35701709757798,0,0,0,0,0
29,Q483,DISTRICT 29 PRE-K CENTER AT 207-01 JAMAICA AVENUE - QUEENS,3K,LEASE,Construction,Complete,11/7/2019,9/3/2020,8/20/2020,16139608,15664317,14989945,DSF0000890611,16139608.0,15664317.0,14989945.0,2019-11-07,2020-09-03,2020-08-20,0.9705512674161603,-14,301,2019,0,29,Queens,7.207892982337456,0,0,0,0,0
29,Q483,DISTRICT 29 PRE-K CENTER AT 207-01 JAMAICA AVENUE - QUEENS,3K,LEASE,Design,Complete,10/5/2018,2/28/2019,9/18/2019,1279793,573281,543476,DSF0000890611,1279793.0,573281.0,543476.0,2018-10-05,2019-02-28,2019-09-18,0.44794822287666836,202,146,2018,1,29,Queens,6.107139730407469,0,0,0,0,0
29,Q483,DISTRICT 29 PRE-K CENTER AT 207-01 JAMAICA AVENUE - QUEENS,3K,LEASE,Scope,Complete,8/7/2018,10/4/2018,10/4/2018,284398,268404,268404,DSF0000890611,284398.0,268404.0,268404.0,2018-08-07,2018-10-04,2018-10-04,0.9437619111245508,0,58,2018,0,29,Queens,5.4539265379367095,0,0,0,0,0
24,Q485,GROVER CLEVELAND HS - QUEENS,SCA CIP,IPDVS CAMERA INSTALLATION,Design,Complete,1/18/2018,7/13/2018,7/13/2018,24790,17053,16899,DSF0000868126,24790.0,17053.0,16899.0,2018-01-18,2018-07-13,2018-07-13,0.6878983461073014,0,176,2018,0,24,Queens,4.394276526767821,0,0,0,0,0
24,Q485,GROVER CLEVELAND HS - QUEENS,SCA CIP,ELECTRICAL WORK FOR A/C INITIATIVE,Design,Complete,6/25/2018,11/27/2018,12/19/2018,106260,50851,48258,DSF0000868240,106260.0,50851.0,48258.0,2018-06-25,2018-11-27,2018-12-19,0.4785526068134764,22,155,2018,0,24,Queens,5.026369811573718,1,0,0,0,0
24,Q485,GROVER CLEVELAND HS - QUEENS,SCA CIP,ELECTRICAL WORK FOR A/C INITIATIVE,Scope,Complete,3/29/2018,7/30/2018,6/25/2018,28980,12047,12047,DSF0000868240,28980.0,12047.0,12047.0,2018-03-29,2018-07-30,2018-06-25,0.4157004830917874,-35,123,2018,0,24,Queens,4.4620983811351556,1,0,0,0,0
24,Q485,GROVER CLEVELAND HS - QUEENS,SCA CIP RESOA,FY18 RESO A AUDITORIUM UPGRADES,Design,Complete,3/14/2018,8/13/2018,5/18/2018,49521,43236,43236,DSF0000866355,49521.0,43236.0,43236.0,2018-03-14,2018-08-13,2018-05-18,0.873084146119828,-87,152,2018,0,24,Queens,4.694789406005941,0,0,0,0,0
27,Q486,DISTRICT 27 PRE-K CENTER @ 160-06 CROSS BAY BOULEVARD - QUEENS,SCA CIP,DEMOLITION,Design,Complete,10/29/2018,12/21/2018,12/18/2018,35816,53816,53816,DSF0000891039,35816.0,53816.0,53816.0,2018-10-29,2018-12-21,2018-12-18,1.5025686843868662,-3,53,2018,1,27,Queens,4.554077081375389,0,0,0,0,0
30,Q489,P.S. 85 ANNEX - QUEENS,SCA Capacity,NEW SCHOOL,Scope,Complete,6/24/2019,12/12/2019,12/13/2019,1433953,765216,750827,DSF0000911869,1433953.0,765216.0,750827.0,2019-06-24,2019-12-12,2019-12-13,0.5336409212854256,1,171,2019,0,30,Queens,6.15653491690001,0,0,0,0,0
30,Q489,P.S. 85 ANNEX - QUEENS,SCA CIP,DEMOLITION,Design,Complete,11/27/2019,3/27/2020,7/1/2020,69789,66411,66411,DSF0000911869,69789.0,66411.0,66411.0,2019-11-27,2020-03-27,2020-07-01,0.951596956540429,96,121,2019,1,30,Queens,4.843786975405818,0,0,0,0,0
30,Q489,P.S. 85 ANNEX - QUEENS,SCA CIP,DEMOLITION,Scope,Complete,11/26/2019,11/26/2019,11/26/2019,15509,3689,3689,DSF0000911869,15509.0,3689.0,3689.0,2019-11-26,2019-11-26,2019-11-26,0.23786188664646335,0,0,2019,0,30,Queens,4.190583795977179,0,0,0,0,0
29,Q490,"MATH, SCI., RESEARCH & TECH. HS-Q",SCA CIP,ELECTRICAL SYSTEM UPGRADE,Design,Complete,3/12/2020,8/11/2020,7/13/2020,74759,30116,30116,DSF0000950146,74759.0,30116.0,30116.0,2020-03-12,2020-08-11,2020-07-13,0.40284112949611417,-29,152,2020,0,29,Queens,4.8736634834854655,1,0,0,0,0
29,Q490,"MATH, SCI., RESEARCH & TECH. HS-Q",SCA CIP,ELECTRICAL SYSTEM UPGRADE,Scope,Complete,12/17/2019,4/20/2020,2/26/2020,16613,7529,7529,DSF0000950146,16613.0,7529.0,7529.0,2019-12-17,2020-04-20,2020-02-26,0.4531993017516403,-54,125,2019,0,29,Queens,4.220448065070318,1,0,0,0,0
29,Q490,"MATH, SCI., RESEARCH & TECH. HS-Q",SCA CIP RESOA,FY19 RESO A GYMNASIUM UPGRADE,Design,Complete,6/10/2019,11/8/2019,3/10/2020,24000,39989,37832,DSF0000890929,24000.0,39989.0,37832.0,2019-06-10,2019-11-08,2020-03-10,1.6662083333333333,123,151,2019,1,29,Queens,4.380211241711606,0,0,0,0,0
29,Q491,"MATH, SCI., RESEARCH & TECH. HS-Q",SCA CIP RESOA,FY19 RESO A ATHLETIC FIELDS,Design,Complete,6/10/2019,12/5/2019,3/10/2020,30000,38187,36229,DSF0000890928,30000.0,38187.0,36229.0,2019-06-10,2019-12-05,2020-03-10,1.2729,96,178,2019,1,29,Queens,4.477121254719663,0,0,0,0,0
28,Q505,HILLCREST HS - QUEENS,SCA CIP,IPDVS CAMERA INSTALLATION,Design,Complete,3/14/2018,9/6/2018,9/20/2018,33461,21425,20142,DSF0000868125,33461.0,21425.0,20142.0,2018-03-14,2018-09-06,2018-09-20,0.6402976599623442,14,176,2018,0,28,Queens,4.524538915944734,0,0,0,0,0
30,Q575,ACADEMY OF AMERICAN STUDIES - QUEENS,SCA Capacity,NEW SCHOOL,Design,Complete,12/27/2016,7/10/2017,8/8/2017,6768000,4013010,3721400,DSF0000798215,6768000.0,4013010.0,3721400.0,2016-12-27,2017-07-10,2017-08-08,0.592938829787234,29,195,2016,0,30,Queens,6.830460350030967,0,0,0,0,0
30,Q575,ACADEMY OF AMERICAN STUDIES - QUEENS,SCA Capacity,NEW SCHOOL,Scope,Complete,7/5/2016,11/22/2016,12/23/2016,2115000,969794,944416,DSF0000798215,2115000.0,969794.0,944416.0,2016-07-05,2016-11-22,2016-12-23,0.45853144208037827,31,140,2016,0,30,Queens,6.325310371711061,0,0,0,0,0
28,Q595,QUEENS SATELLITE HS FOR OPPORTUNITY - Q,SCA CIP,TCU REMOVAL AND PLAYGROUND REDEVELOPMENT,Design,Complete,3/4/2015,7/17/2015,9/18/2015,91583,55449,54159,DSF0000800312,91583.0,55449.0,54159.0,2015-03-04,2015-07-17,2015-09-18,0.6054507932694932,63,135,2015,0,28,Queens,4.961814865683337,0,0,0,0,0
28,Q595,QUEENS SATELLITE HS FOR OPPORTUNITY - Q,SCA CIP,TCU REMOVAL AND PLAYGROUND REDEVELOPMENT,Scope,Complete,10/28/2014,1/30/2015,2/26/2015,24977,26582,26582,DSF0000800312,24977.0,26582.0,26582.0,2014-10-28,2015-01-30,2015-02-26,1.0642591183889178,27,94,2014,0,28,Queens,4.397540273842457,0,0,0,0,0
24,Q600,QUEENS TECH HS - Q,SCA CIP,FLOOD ELIMINATION / PARAPETS / EXTERIOR MASONRY,Design,Complete,12/4/2019,5/6/2020,6/12/2020,126374,57826,51545,"DSF0000904581, DSF0000904583, DSF0000950236",126374.0,57826.0,51545.0,2019-12-04,2020-05-06,2020-06-12,0.4575782993337237,37,154,2019,0,24,Queens,5.101657732031697,0,0,1,0,0
24,Q600,QUEENS TECH HS - Q,SCA CIP,FLOOD ELIMINATION / PARAPETS / EXTERIOR MASONRY,Scope,Complete,6/27/2019,11/13/2019,11/18/2019,28084,81299,64508,"DSF0000904581, DSF0000904583, DSF0000950236",28084.0,81299.0,64508.0,2019-06-27,2019-11-13,2019-11-18,2.8948511608033045,5,139,2019,1,24,Queens,4.448458964362637,0,0,1,0,0
24,Q600,QUEENS TECH HS - Q,SCA CIP RESOA,FY18 RESO A IPDVS CAMERA INSTALLATION,Design,Complete,4/29/2020,10/23/2020,5/14/2020,10890,19560,19560,DSF0000867964,10890.0,19560.0,19560.0,2020-04-29,2020-10-23,2020-05-14,1.7961432506887052,-162,177,2020,1,24,Queens,4.037027879755775,0,0,0,0,0
24,Q610,AVIATION HS - QUEENS,SCA CIP,IPDVS CAMERA INSTALLATION,Design,Complete,6/24/2020,12/21/2020,12/22/2020,26622,16754,16754,DSF0000960776,26622.0,16754.0,16754.0,2020-06-24,2020-12-21,2020-12-22,0.6293291262865299,1,180,2020,0,24,Queens,4.425240679100199,0,0,0,0,0
24,Q610,AVIATION HS - QUEENS,SCA CIP,FUEL FIRE SUPRESSION SYSTEM / ROOFS / PARAPETS / EXTERIOR MASONRY / FLOOD ELIMINATION / GYMNASIUM UPGRADE / WINDOWS / PARTIAL ACCESSIBILITY,Design,Complete,8/28/2014,2/19/2015,4/2/2015,1146501,1218608,1178430,"DSF0000769206, DSF0000769189, DSF0000769190, DSF0000769191, DSF0000769187, DSF0000769202, DSF0000791972, DSF0000799902",1146501.0,1218608.0,1178430.0,2014-08-28,2015-02-19,2015-04-02,1.0628930982179692,42,175,2014,0,24,Queens,6.059374437866039,0,0,1,1,1
24,Q610,AVIATION HS - QUEENS,SCA CIP,ELECTRICAL WORK FOR A/C INITIATIVE,Design,Complete,5/7/2019,10/7/2019,5/15/2019,58415,13643,13643,DSF0000868301,58415.0,13643.0,13643.0,2019-05-07,2019-10-07,2019-05-15,0.2335530257639305,-145,153,2019,0,24,Queens,4.766524381029522,1,0,0,0,0
24,Q610,AVIATION HS - QUEENS,SCA CIP,FUEL FIRE SUPRESSION SYSTEM / ROOFS / PARAPETS / EXTERIOR MASONRY / FLOOD ELIMINATION / GYMNASIUM UPGRADE / WINDOWS / PARTIAL ACCESSIBILITY,Scope,Complete,2/25/2013,9/16/2014,8/14/2014,289806,284367,282439,"DSF0000769206, DSF0000769189, DSF0000769190, DSF0000769191, DSF0000769187, DSF0000769202, DSF0000791972, DSF0000799902",289806.0,284367.0,282439.0,2013-02-25,2014-09-16,2014-08-14,0.9812322726237552,-33,568,2013,0,24,Queens,5.462107372646257,0,0,1,1,1
24,Q610,AVIATION HS - QUEENS,SCA CIP,ELECTRICAL WORK FOR A/C INITIATIVE,Scope,Complete,10/17/2018,9/5/2019,5/7/2019,15931,3407,3407,DSF0000868301,15931.0,3407.0,3407.0,2018-10-17,2019-09-05,2019-05-07,0.213859770259243,-121,323,2018,0,24,Queens,4.202243037624806,1,0,0,0,0
28,Q620,THOMAS A. EDISON HS - Q,SCA CIP,ELECTRICAL WORK FOR A/C INITIATIVE / LL26 CODE COMPLIANCE/EXIT SIGN REPLACEMENT,Design,Complete,2/12/2020,7/14/2020,3/4/2020,56406,21423,21423,"DSF0000866938, DSF0000960708",56406.0,21423.0,21423.0,2020-02-12,2020-07-14,2020-03-04,0.37980002127433254,-132,153,2020,0,28,Queens,4.751325303066616,1,0,0,0,0
28,Q620,THOMAS A. EDISON HS - Q,SCA CIP,STRUCTURAL REPAIR OF Q620 GYM,Design,Complete,3/25/2020,8/14/2020,6/30/2020,86823,73371,16696,DSF0000961191,86823.0,73371.0,16696.0,2020-03-25,2020-08-14,2020-06-30,0.8450640959192841,-45,142,2020,0,28,Queens,4.938634787963591,0,0,1,0,0
28,Q620,THOMAS A. EDISON HS - Q,SCA CIP,ELECTRICAL WORK FOR A/C INITIATIVE / LL26 CODE COMPLIANCE/EXIT SIGN REPLACEMENT,Scope,Complete,6/26/2019,6/11/2020,2/12/2020,15089,5356,5356,"DSF0000866938, DSF0000960708",15089.0,5356.0,5356.0,2019-06-26,2020-06-11,2020-02-12,0.3549605673006826,-120,351,2019,0,28,Queens,4.178660458538169,1,0,0,0,0
28,Q620,THOMAS A. EDISON HS - Q,SCA CIP,STRUCTURAL REPAIR OF Q620 GYM,Scope,Complete,12/17/2019,4/21/2020,3/25/2020,19294,62554,25920,DSF0000961191,19294.0,62554.0,25920.0,2019-12-17,2020-04-21,2020-03-25,3.2421478179745,-27,126,2019,1,28,Queens,4.285422274188247,0,0,1,0,0
27,Q650,"HS FOR CONST.TRADES,ENGG.,& ARCH-Q",SCA CIP RESOA,FY19 RESO A AUDITORIUM UPGRADE,Design,Complete,6/6/2019,11/6/2019,5/15/2020,30000,54784,26021,DSF0000890934,30000.0,54784.0,26021.0,2019-06-06,2019-11-06,2020-05-15,1.8261333333333334,191,153,2019,1,27,Queens,4.477121254719663,0,0,0,0,0
28,Q686,QUEENS METROPOLITAN HIGH SCHOOL - QUEENS,SCA CIP RESOA,FY16 RESO A GREEN ROOF,Design,Complete,12/13/2017,5/16/2018,12/12/2018,41175,68621,60035,DSF0000823594,41175.0,68621.0,60035.0,2017-12-13,2018-05-16,2018-12-12,1.6665695203400122,210,154,2017,1,28,Queens,4.6146336078417916,0,0,1,0,0
28,Q690,HS FOR LAW ENFORCEMENT - QUEENS,SCA CIP RESOA,FY19 RESO A AUDITORIUM UPGRADE,Design,Complete,4/2/2019,8/30/2019,11/20/2019,45000,64553,63597,DSF0000890936,45000.0,64553.0,63597.0,2019-04-02,2019-08-30,2019-11-20,1.434511111111111,82,150,2019,1,28,Queens,4.653212513775344,0,0,0,0,0
30,Q739,YOUNG W. LEADERSHIP SCL ASTORIA- Q,SCA CIP,CHAPEL ROOM CONVERSION,Design,Complete,12/6/2018,6/7/2019,5/16/2019,171000,112950,77489,DSF0000889660,171000.0,112950.0,77489.0,2018-12-06,2019-06-07,2019-05-16,0.6605263157894737,-22,183,2018,0,30,Queens,5.232996110392154,0,0,0,0,0
30,Q739,YOUNG W. LEADERSHIP SCL ASTORIA- Q,SCA CIP,CHAPEL ROOM CONVERSION,Scope,Complete,7/17/2018,10/16/2018,9/24/2018,42750,62619,42518,DSF0000889660,42750.0,62619.0,42518.0,2018-07-17,2018-10-16,2018-09-24,1.4647719298245614,-22,91,2018,1,30,Queens,4.630936119064192,0,0,0,0,0
24,Q744,PAN AMERICAN INTERNATIONAL HS - QUEENS,SCA CIP RESOA,FY18 RESO A LIBRARY UPGRADES,Design,Complete,10/11/2018,3/1/2019,4/1/2019,75900,50313,48901,DSF0000867327,75900.0,50313.0,48901.0,2018-10-11,2019-03-01,2019-04-01,0.6628853754940711,31,141,2018,0,24,Queens,4.88024177589548,0,0,0,0,0
24,Q744,PAN AMERICAN INTERNATIONAL HS - QUEENS,SCA CIP RESOA,FY18 RESO A GYMNASIUM UPGRADE,Design,Complete,8/15/2019,1/3/2020,3/30/2020,42720,43479,42354,DSF0000867314,42720.0,43479.0,42354.0,2019-08-15,2020-01-03,2020-03-30,1.0177668539325844,87,141,2019,0,24,Queens,4.6306312440205,0,0,0,0,0
30,Q801,BUREAU OF SUPPLIES - QUEENS,SCA CIP,SANDY:FLOOD ELIM / ELEC SYS / HEATING PLANT / INTERIOR SPACES / ELEVATOR / FIRE PROTECTION / FIRE ALARM / NON-SANDY: CLIMATE CTRL / ELEC / INTERIOR SPACES,Design,Complete,2/10/2014,10/14/2014,11/26/2014,4472781,2713418,2661492,"DSF0000769305, DSF0000769310, DSF0000769311, DSF0000769320, DSF0000769303, DSF0000799911, DSF0000799912, DSF0000822123, DSF0000822124, DSF0000822125",4472781.0,2713418.0,2661492.0,2014-02-10,2014-10-14,2014-11-26,0.6066512087222692,43,246,2014,0,30,Queens,6.65057763440786,0,1,0,1,1
30,Q801,BUREAU OF SUPPLIES - QUEENS,SCA CIP,SANDY:FLOOD ELIM / ELEC SYS / HEATING PLANT / INTERIOR SPACES / ELEVATOR / FIRE PROTECTION / FIRE ALARM / NON-SANDY: CLIMATE CTRL / ELEC / INTERIOR SPACES,Scope,Complete,10/28/2013,4/2/2014,5/13/2014,1120384,404457,403388,"DSF0000769305, DSF0000769310, DSF0000769311, DSF0000769320, DSF0000769303, DSF0000799911, DSF0000799912, DSF0000822123, DSF0000822124, DSF0000822125",1120384.0,404457.0,403388.0,2013-10-28,2014-04-02,2014-05-13,0.3609985504969725,41,156,2013,0,30,Queens,6.049366898115359,0,1,0,1,1
30,Q801,DOE BUREAU OF SUPPLIES,SCA CIP,"C OF O, PHASE 3",Scope,Complete,7/3/2012,12/3/2012,4/26/2013,234110,135429,135429,DSF0000754281,234110.0,135429.0,135429.0,2012-07-03,2012-12-03,2013-04-26,0.5784844731109308,144,153,2012,1,30,Queens,5.369419964965584,0,0,0,0,0
26,Q811,Q811 SPED - QUEENS,SCA CIP,PLANYC BOILER CONVERSION / PLANYC CLIMATE CONTROL,Design,Complete,9/7/2016,2/10/2017,5/5/2017,334800,551008,528975,"DSF0000798374, DSF0000792110",334800.0,551008.0,528975.0,2016-09-07,2017-02-10,2017-05-05,1.6457825567502986,84,156,2016,1,26,Queens,5.5247854493212225,0,1,0,0,0
26,Q811,Q811 SPED - QUEENS,SCA CIP,PLANYC BOILER CONVERSION / PLANYC CLIMATE CONTROL,Scope,Complete,9/25/2015,1/25/2016,12/18/2015,83700,103239,103239,"DSF0000798374, DSF0000792110",83700.0,103239.0,103239.0,2015-09-25,2016-01-25,2015-12-18,1.2334408602150537,-38,122,2015,1,26,Queens,4.92272545799326,0,1,0,0,0
27,Q816,Q256 SPED - QUEENS,SCA CIP,PHASE III  WORK- DEMO AND PLAYGROUND REDEVELOPMENT,Design,Complete,5/9/2018,9/24/2018,5/9/2018,259916,30656,7684,DSF0000843866,259916.0,30656.0,7684.0,2018-05-09,2018-09-24,2018-05-09,0.11794579787315902,-138,138,2018,0,27,Queens,5.414833014775466,0,0,0,0,0
27,Q816,Q256 SPED - QUEENS,SCA CIP,PHASE III  WORK- DEMO AND PLAYGROUND REDEVELOPMENT,Scope,Complete,5/8/2018,8/7/2018,5/8/2018,64979,1249,1249,DSF0000843866,64979.0,1249.0,1249.0,2018-05-08,2018-08-07,2018-05-08,0.019221594669046924,-91,91,2018,0,27,Queens,4.8127730234475035,0,0,0,0,0
29,Q822,Q811 SPED - QUEENS,SCA CIP,FULL PROGRAM ACCESSIBILITY,Design,Complete,9/25/2019,3/17/2020,7/1/2020,86826,23352,11992,DSF0000914287,86826.0,23352.0,11992.0,2019-09-25,2020-03-17,2020-07-01,0.2689516964964412,106,174,2019,1,29,Queens,4.93864979390599,0,0,0,0,1
29,Q822,Q811 SPED - QUEENS,SCA CIP,FULL PROGRAM ACCESSIBILITY,Scope,Complete,5/17/2019,10/2/2019,9/5/2019,19295,6153,6153,DSF0000914287,19295.0,6153.0,6153.0,2019-05-17,2019-10-02,2019-09-05,0.3188909043793729,-27,138,2019,0,29,Queens,4.285444782907415,0,0,0,0,1
31,R001,P.S. 1 - STATEN ISLAND,SCA CIP RESOA,FY19 RESO A LIBRARY UPGRADES,Design,Complete,7/10/2019,11/25/2019,3/4/2020,12900,32671,12740,DSF0000890693,12900.0,32671.0,12740.0,2019-07-10,2019-11-25,2020-03-04,2.5326356589147285,100,138,2019,1,31,Staten Island,4.110589710299249,0,0,0,0,0
31,R001,P.S. 1 - STATEN ISLAND,SCA CIP RESOA,FY20 RESO A IPDVS CAMERA INSTALLATION,Design,Complete,4/3/2020,9/28/2020,5/15/2020,21000,12517,12517,DSF0000913112,21000.0,12517.0,12517.0,2020-04-03,2020-09-28,2020-05-15,0.596047619047619,-136,178,2020,0,31,Staten Island,4.3222192947339195,0,0,0,0,0
31,R002,I.S. 2 - STATEN ISLAND,SCA CIP,ELECTRICAL WORK FOR A/C INITIATIVE / LL26 CODE COMPLIANCE/EXIT SIGN REPLACEMENT,Design,Complete,8/7/2019,1/10/2020,1/10/2020,30502,7532,7532,"DSF0000912736, DSF0000912924",30502.0,7532.0,7532.0,2019-08-07,2020-01-10,2020-01-10,0.24693462723755819,0,156,2019,0,31,Staten Island,4.484328316739793,1,0,0,0,0
31,R003,P.S. 3 - STATEN ISLAND,SCA CIP,PLANYC BOILER CONVERSION / PLANYC CLIMATE CONTROL,Design,Complete,10/8/2019,3/13/2020,1/23/2020,354635,215388,215388,"DSF0000798310, DSF0000904972",354635.0,215388.0,215388.0,2019-10-08,2020-03-13,2020-01-23,0.607351220268727,-50,157,2019,0,31,Staten Island,5.549781595215152,0,1,0,0,0
31,R003,P.S. 3 - STATEN ISLAND,SCA CIP,CERTIFICATE OF OCCUPANCY,Design,Complete,12/6/2018,6/7/2019,5/17/2019,56536,67622,66004,DSF0000888889,56536.0,67622.0,66004.0,2018-12-06,2019-06-07,2019-05-17,1.1960874487052497,-21,183,2018,1,31,Staten Island,4.752325078306666,0,0,0,0,0
31,R003,P.S. 3 - STATEN ISLAND,SCA CIP,CERTIFICATE OF OCCUPANCY,Scope,Complete,3/6/2018,7/6/2018,8/15/2018,11307,21400,21400,DSF0000888889,11307.0,21400.0,21400.0,2018-03-06,2018-07-06,2018-08-15,1.89263288228531,40,122,2018,1,31,Staten Island,4.053347392169267,0,0,0,0,0
31,R003,P.S. 3 - STATEN ISLAND,SCA CIP,PLANYC BOILER CONVERSION / PLANYC CLIMATE CONTROL,Scope,Complete,6/18/2019,11/19/2019,10/4/2019,70927,67210,67010,"DSF0000798310, DSF0000904972",70927.0,67210.0,67010.0,2019-06-18,2019-11-19,2019-10-04,0.9475940051038392,-46,154,2019,0,31,Staten Island,4.850811590879133,0,1,0,0,0
31,R004,P.S. 4 - STATEN ISLAND,SCA CIP,PLANYC BOILER CONVERSION / PLANYC CLIMATE CONTROL,Design,Complete,9/10/2019,2/13/2020,2/19/2020,361815,265131,253881,"DSF0000912534, DSF0000904988",361815.0,265131.0,253881.0,2019-09-10,2020-02-13,2020-02-19,0.7327805646532067,6,156,2019,0,31,Staten Island,5.55848656772609,0,1,0,0,0
31,R004,P.S. 4 - STATEN ISLAND,SCA CIP,PLANYC BOILER CONVERSION / PLANYC CLIMATE CONTROL,Scope,Complete,6/20/2019,11/21/2019,8/27/2019,72363,86054,85597,"DSF0000912534, DSF0000904988",72363.0,86054.0,85597.0,2019-06-20,2019-11-21,2019-08-27,1.1891988999903265,-86,154,2019,1,31,Staten Island,4.859516563390072,0,1,0,0,0
31,R007,I.S. 7 - STATEN ISLAND,SCA CIP,MASONRY,"CM,F&E",Complete,3/14/2019,9/3/2020,8/12/2020,194390,217304,217304,DSF0000882160,194390.0,217304.0,217304.0,2019-03-14,2020-09-03,2020-08-12,1.117876433972941,-22,539,2019,1,31,Staten Island,5.2886739197645145,0,0,1,0,0
31,R007,I.S. 7 - STATEN ISLAND,SCA CIP,MASONRY,Construction,Complete,3/14/2019,9/3/2020,8/12/2020,3124125,2937073,2808951,DSF0000882160,3124125.0,2937073.0,2808951.0,2019-03-14,2020-09-03,2020-08-12,0.940126595446725,-22,539,2019,0,31,Staten Island,6.494728402197639,0,0,1,0,0
31,R007,I.S. 7 - STATEN ISLAND,SCA CIP,MASONRY,Design,Complete,4/3/2018,8/31/2018,10/26/2018,166620,142878,112147,DSF0000882160,166620.0,142878.0,112147.0,2018-04-03,2018-08-31,2018-10-26,0.8575081022686352,56,150,2018,0,31,Staten Island,5.221727130133901,0,0,1,0,0
31,R007,I.S. 7 - STATEN ISLAND,SCA CIP,MASONRY,Scope,Complete,11/22/2017,4/11/2018,2/16/2018,41655,55505,55505,DSF0000882160,41655.0,55505.0,55505.0,2017-11-22,2018-04-11,2018-02-16,1.332493098067459,-54,140,2017,1,31,Staten Island,4.619667138805939,0,0,1,0,0
31,R011,P.S. 11 - STATEN ISLAND,SCA CIP,TOILETS - STUDENTS,"CM,F&E",Complete,8/6/2018,8/4/2020,9/14/2020,156982,434611,431270,DSF0000815645,156982.0,434611.0,431270.0,2018-08-06,2020-08-04,2020-09-14,2.768540342204839,41,729,2018,1,31,Staten Island,5.195849857830673,0,0,0,0,0
31,R011,P.S. 11 - STATEN ISLAND,SCA CIP,TOILETS - STUDENTS,Construction,Complete,8/6/2018,8/4/2020,9/14/2020,2522925,2593339,2237534,DSF0000815645,2522925.0,2593339.0,2237534.0,2018-08-06,2020-08-04,2020-09-14,1.0279096683413103,41,729,2018,0,31,Staten Island,6.401904340263798,0,0,0,0,0
31,R011,P.S. 11 - STATEN ISLAND,SCA CIP,TOILETS - STUDENTS,Design,Complete,6/4/2015,11/20/2015,8/19/2015,134556,54872,46221,DSF0000815645,134556.0,54872.0,46221.0,2015-06-04,2015-11-20,2015-08-19,0.40780046969291595,-93,169,2015,0,31,Staten Island,5.12890306820006,0,0,0,0,0
31,R011,P.S. 11 - STATEN ISLAND,SCA CIP,TOILETS - STUDENTS,Scope,Complete,6/4/2015,9/18/2015,6/4/2015,33639,2276,2276,DSF0000815645,33639.0,2276.0,2276.0,2015-06-04,2015-09-18,2015-06-04,0.06765956181812777,-106,106,2015,0,31,Staten Island,4.5268430768720975,0,0,0,0,0
31,R011,P.S. 11 - STATEN ISLAND,SCA CIP RESOA,FY19 RESO A IPDVS CAMERA INSTALLATION,"CM,F&E",Complete,7/10/2019,4/4/2020,11/4/2020,125223,125448,77923,DSF0000890698,125223.0,125448.0,77923.0,2019-07-10,2020-04-04,2020-11-04,1.0017967945185788,214,269,2019,1,31,Staten Island,5.097684104079659,0,0,0,0,0
31,R011,P.S. 11 - STATEN ISLAND,SCA CIP RESOA,FY19 RESO A IPDVS CAMERA INSTALLATION,Construction,Complete,7/10/2019,4/4/2020,11/4/2020,374000,235408,194437,DSF0000890698,374000.0,235408.0,194437.0,2019-07-10,2020-04-04,2020-11-04,0.6294331550802139,214,269,2019,1,31,Staten Island,5.57287160220048,0,0,0,0,0
31,R011,P.S. 11 - STATEN ISLAND,SCA CIP RESOA,FY19 RESO A IPDVS CAMERA INSTALLATION,Design,Complete,1/18/2019,7/16/2019,5/1/2019,25500,7195,7195,DSF0000890698,25500.0,7195.0,7195.0,2019-01-18,2019-07-16,2019-05-01,0.28215686274509805,-76,179,2019,0,31,Staten Island,4.4065401804339555,0,0,0,0,0
31,R013,P.S. 13 - STATEN ISLAND,SCA CIP,FLOOD ELIMINATION / ROOFS / PARAPETS / WINDOWS / EXTERIOR MASONRY,Design,Complete,3/12/2019,8/9/2019,5/17/2019,380177,240210,233260,"DSF0000882218, DSF0000882219, DSF0000882220, DSF0000882221, DSF0000882222",380177.0,240210.0,233260.0,2019-03-12,2019-08-09,2019-05-17,0.6318372757952218,-84,150,2019,0,31,Staten Island,5.579985839317355,0,0,1,0,0
31,R013,P.S. 13 - STATEN ISLAND,SCA CIP,FLOOD ELIMINATION / ROOFS / PARAPETS / WINDOWS / EXTERIOR MASONRY,Scope,Complete,10/26/2018,3/18/2019,3/12/2019,97480,88863,88748,"DSF0000882218, DSF0000882219, DSF0000882220, DSF0000882221, DSF0000882222",97480.0,88863.0,88748.0,2018-10-26,2019-03-18,2019-03-12,0.9116023799753795,-6,143,2018,0,31,Staten Island,4.988915520512687,0,0,1,0,0
31,R014,P.S. 078 - STATEN ISLAND,SCA CIP,ROOFS / PARAPETS / EXTERIOR MASONRY,Design,Complete,2/11/2020,7/13/2020,6/30/2020,200391,153813,88681,"DSF0000905094, DSF0000905095, DSF0000905096",200391.0,153813.0,88681.0,2020-02-11,2020-07-13,2020-06-30,0.7675644115753701,-13,153,2020,0,31,Staten Island,5.301878212514026,0,0,1,0,0
31,R014,P.S. 078 - STATEN ISLAND,SCA CIP,CERTIFICATE OF OCCUPANCY,Design,Complete,12/6/2018,6/7/2019,5/17/2019,71044,48035,47047,DSF0000888890,71044.0,48035.0,47047.0,2018-12-06,2019-06-07,2019-05-17,0.6761302854568999,-21,183,2018,0,31,Staten Island,4.851527405600252,0,0,0,0,0
31,R014,P.S. 078 - STATEN ISLAND,SCA CIP,ROOFS / PARAPETS / EXTERIOR MASONRY,Scope,Complete,7/3/2019,11/19/2019,2/11/2020,40507,65497,62444,"DSF0000905094, DSF0000905095, DSF0000905096",40507.0,65497.0,62444.0,2019-07-03,2019-11-19,2020-02-11,1.6169304070901325,84,139,2019,1,31,Staten Island,4.607530079972254,0,0,1,0,0
31,R014,P.S. 078 - STATEN ISLAND,SCA CIP,CERTIFICATE OF OCCUPANCY,Scope,Complete,3/6/2018,7/6/2018,8/15/2018,15788,9538,9538,DSF0000888890,15788.0,9538.0,9538.0,2018-03-06,2018-07-06,2018-08-15,0.6041297187737522,40,122,2018,0,31,Staten Island,4.198327117723478,0,0,0,0,0
31,R016,P.S. 16 - STATEN ISLAND,SCA CIP,FLOOD ELIMINATION / EXTERIOR MASONRY / ROOFS,Scope,Complete,6/11/2019,10/25/2019,1/31/2020,42302,128830,128372,"DSF0000912505, DSF0000905112, DSF0000950850",42302.0,128830.0,128372.0,2019-06-11,2019-10-25,2020-01-31,3.045482483097726,98,136,2019,1,31,Staten Island,4.6263609009076765,0,0,1,0,0
31,R016,FORT HILL COLLABORATIVE ELEMENTARY SCHOOL - R,SCA CIP RESOA,FY18 RESO A PLAYGROUNDS,Design,Complete,2/21/2018,7/6/2018,5/17/2018,33900,41718,32259,DSF0000867331,33900.0,41718.0,32259.0,2018-02-21,2018-07-06,2018-05-17,1.2306194690265486,-50,135,2018,1,31,Staten Island,4.5301996982030825,0,0,0,0,0
31,R019,P.S. 19 - STATEN ISLAND,SCA CIP RESOA,FY19 RESO A IPDVS CAMERA INSTALLATION,"CM,F&E",Complete,7/10/2019,4/4/2020,11/4/2020,143920,143739,121470,DSF0000890699,143920.0,143739.0,121470.0,2019-07-10,2020-04-04,2020-11-04,0.998742356864925,214,269,2019,1,31,Staten Island,5.158121150337495,0,0,0,0,0
31,R019,P.S. 19 - STATEN ISLAND,SCA CIP RESOA,FY19 RESO A IPDVS CAMERA INSTALLATION,Construction,Complete,7/10/2019,4/4/2020,11/4/2020,325233,196372,166659,DSF0000890699,325233.0,196372.0,166659.0,2019-07-10,2020-04-04,2020-11-04,0.6037886684315552,214,269,2019,1,31,Staten Island,5.512194605159389,0,0,0,0,0
31,R019,P.S. 19 - STATEN ISLAND,SCA CIP RESOA,FY19 RESO A IPDVS CAMERA INSTALLATION,Design,Complete,1/18/2019,7/16/2019,5/1/2019,22175,10420,10420,DSF0000890699,22175.0,10420.0,10420.0,2019-01-18,2019-07-16,2019-05-01,0.46989853438556933,-76,179,2019,0,31,Staten Island,4.345863628503764,0,0,0,0,0
31,R022,P.S. 22 - STATEN ISLAND,SCA CIP,FLOOD ELIMINATION / ROOFS / PARAPETS / EXTERIOR MASONRY,Design,Complete,3/13/2020,8/12/2020,6/30/2020,485204,292429,284119,"DSF0000905200, DSF0000905202, DSF0000905203, DSF0000905204",485204.0,292429.0,284119.0,2020-03-13,2020-08-12,2020-06-30,0.602692887939918,-43,152,2020,0,31,Staten Island,5.685924372513511,0,0,1,0,0
31,R022,P.S. 22 - STATEN ISLAND,SCA CIP,FLOOD ELIMINATION / ROOFS / PARAPETS / EXTERIOR MASONRY,Scope,Complete,8/8/2019,12/26/2019,3/13/2020,98484,136340,127040,"DSF0000905200, DSF0000905202, DSF0000905203, DSF0000905204",98484.0,136340.0,127040.0,2019-08-08,2019-12-26,2020-03-13,1.384387311644531,78,140,2019,1,31,Staten Island,4.993365679470871,0,0,1,0,0
31,R023,P.S. 23 - STATEN ISLAND,SCA CIP RESOA,FY19 RESO A IPDVS CAMERA INSTALLATION,Design,Complete,1/14/2019,7/10/2019,5/1/2019,20524,15854,15854,DSF0000890701,20524.0,15854.0,15854.0,2019-01-14,2019-07-10,2019-05-01,0.7724615084778795,-70,177,2019,0,31,Staten Island,4.312262005983347,0,0,0,0,0
31,R024,I.S. 24 - STATEN ISLAND,SCA CIP,ELECTRICAL WORK FOR A/C INITIATIVE / LL26 CODE COMPLIANCE/EXIT SIGN REPLACEMENT,Design,Complete,8/7/2019,1/10/2020,1/13/2020,24427,6646,6646,"DSF0000912738, DSF0000912925",24427.0,6646.0,6646.0,2019-08-07,2020-01-10,2020-01-13,0.2720759814958857,3,156,2019,0,31,Staten Island,4.387870132407363,1,0,0,0,0
31,R024,I.S. 24 - STATEN ISLAND,SCA CIP RESOA,FY15 RESO A AUDITORIUM UPGRADE / PARTIAL ACCESSIBILITY,Design,Complete,6/18/2018,12/5/2018,4/11/2019,189052,200850,166239,"DSF0000800087, DSF0000867082",189052.0,200850.0,166239.0,2018-06-18,2018-12-05,2019-04-11,1.0624061104881197,127,170,2018,1,31,Staten Island,5.2765812761675805,0,0,0,0,1
31,R024,I.S. 24 - STATEN ISLAND,SCA CIP RESOA,FY19 RESO A SCIENCE LAB UPGRADES,Design,Complete,6/7/2019,11/7/2019,6/26/2020,30000,40688,39367,DSF0000890702,30000.0,40688.0,39367.0,2019-06-07,2019-11-07,2020-06-26,1.3562666666666667,232,153,2019,1,31,Staten Island,4.477121254719663,0,0,0,0,0
31,R025,R025 SPED - STATEN ISLAND,SCA CIP,TCU REMOVAL/PLAYGROUND REDEVELOPMENT,Design,Complete,3/28/2019,8/12/2019,5/17/2019,104419,104419,82761,DSF0000912168,104419.0,104419.0,82761.0,2019-03-28,2019-08-12,2019-05-17,1.0,-87,137,2019,0,31,Staten Island,5.018779529742716,0,0,0,0,0
31,R025,R025 SPED - STATEN ISLAND,SCA CIP,TCU REMOVAL/PLAYGROUND REDEVELOPMENT,Scope,Complete,1/18/2019,4/19/2019,3/28/2019,18518,99754,85327,DSF0000912168,18518.0,99754.0,85327.0,2019-01-18,2019-04-19,2019-03-28,5.386866832271304,-22,91,2019,1,31,Staten Island,4.267594079761292,0,0,0,0,0
31,R027,I.S. 27 - STATEN ISLAND,SCA CIP,ELECTRICAL WORK FOR A/C INITIATIVE,Design,Complete,8/16/2019,1/22/2020,1/22/2020,43830,11411,11411,DSF0000912739,43830.0,11411.0,11411.0,2019-08-16,2020-01-22,2020-01-22,0.2603467944330367,0,159,2019,0,31,Staten Island,4.641771470653959,1,0,0,0,0
31,R029,P.S. 29 - STATEN ISLAND,SCA CIP RESOA,FY19 RESO A AUDITORIUM UPGRADE / PATH OF TRAVEL RESO A AUDITORIUM UPGRADE,Design,Complete,10/18/2019,2/14/2020,1/10/2020,15000,31689,13625,"DSF0000890704, DSF0000912351",15000.0,31689.0,13625.0,2019-10-18,2020-02-14,2020-01-10,2.1126,-35,119,2019,1,31,Staten Island,4.176091259055681,0,0,0,0,1
31,R030,P.S. 30 - STATEN ISLAND,SCA CIP,EXTERIOR MASONRY / ROOFS / PARAPETS,Design,Complete,2/28/2018,7/30/2018,5/15/2018,635340,310241,304193,"DSF0000882465, DSF0000882463, DSF0000882464",635340.0,310241.0,304193.0,2018-02-28,2018-07-30,2018-05-15,0.4883070481946674,-76,152,2018,0,31,Staten Island,5.803006198688662,0,0,1,0,0
31,R030,P.S. 30 - STATEN ISLAND,SCA CIP,EXTERIOR MASONRY / ROOFS / PARAPETS,Scope,Complete,9/14/2017,2/2/2018,2/28/2018,158835,189946,185297,"DSF0000882465, DSF0000882463, DSF0000882464",158835.0,189946.0,185297.0,2017-09-14,2018-02-02,2018-02-28,1.1958699279126137,26,141,2017,1,31,Staten Island,5.200946207360699,0,0,1,0,0
31,R031,P.S. 31 - STATEN ISLAND,SCA CIP RESOA,FY20 RESO A IPDVS CAMERA INSTALLATION,Design,Complete,2/26/2020,8/19/2020,5/6/2020,24000,6038,6038,DSF0000913131,24000.0,6038.0,6038.0,2020-02-26,2020-08-19,2020-05-06,0.2515833333333333,-105,175,2020,0,31,Staten Island,4.380211241711606,0,0,0,0,0
31,R032,P.S. 32 - STATEN ISLAND,SCA CIP,PARAPETS / EXTERIOR MASONRY / ROOFS,Design,Complete,1/22/2020,6/22/2020,6/18/2020,242988,128322,7166,"DSF0000961017, DSF0000951095, DSF0000951094",242988.0,128322.0,7166.0,2020-01-22,2020-06-22,2020-06-18,0.52810015309398,-4,152,2020,0,31,Staten Island,5.3855848264276664,0,0,1,0,0
31,R032,P.S. 32 - STATEN ISLAND,SCA CIP,PARAPETS / EXTERIOR MASONRY / ROOFS,Scope,Complete,5/30/2019,9/27/2019,12/24/2019,48598,41277,1791,"DSF0000961017, DSF0000951095, DSF0000951094",48598.0,41277.0,1791.0,2019-05-30,2019-09-27,2019-12-24,0.8493559405736861,88,120,2019,0,31,Staten Island,4.686618396693641,0,0,1,0,0
31,R034,I.S. 34 - STATEN ISLAND,SCA CIP,SCIENCE LAB UPGRADE,"CM,F&E",Complete,5/6/2019,5/4/2020,7/22/2020,142082,335041,313867,DSF0000792723,142082.0,335041.0,313867.0,2019-05-06,2020-05-04,2020-07-22,2.358081952675216,79,364,2019,1,31,Staten Island,5.15253906177103,0,0,0,0,0
31,R034,I.S. 34 - STATEN ISLAND,SCA CIP,SCIENCE LAB UPGRADE,Construction,Complete,5/6/2019,5/4/2020,7/22/2020,1561500,1662209,1501790,DSF0000792723,1561500.0,1662209.0,1501790.0,2019-05-06,2020-05-04,2020-07-22,1.064495036823567,79,364,2019,0,31,Staten Island,6.193541988566217,0,0,0,0,0
31,R034,I.S. 34 - STATEN ISLAND,SCA CIP,MASONRY / WINDOWS / PARAPETS / ROOFS,Design,Complete,8/31/2018,2/6/2019,5/10/2019,1394784,783297,616427,"DSF0000912526, DSF0000889305, DSF0000890989, DSF0000882522",1394784.0,783297.0,616427.0,2018-08-31,2019-02-06,2019-05-10,0.5615901817055544,93,159,2018,1,31,Staten Island,6.14450695680577,0,0,1,0,0
31,R034,I.S. 34 - STATEN ISLAND,SCA CIP,SCIENCE LAB UPGRADE,Design,Complete,8/11/2014,1/14/2015,2/13/2015,83280,178150,134168,DSF0000792723,83280.0,178150.0,134168.0,2014-08-11,2015-01-14,2015-02-13,2.13916906820365,30,156,2014,1,31,Staten Island,4.9205407165024795,0,0,0,0,0
31,R034,I.S. 34 - STATEN ISLAND,SCA CIP,MASONRY / WINDOWS / PARAPETS / ROOFS,Scope,Complete,6/23/2015,11/6/2015,12/8/2015,348696,260644,250625,"DSF0000912526, DSF0000889305, DSF0000890989, DSF0000882522",348696.0,260644.0,250625.0,2015-06-23,2015-11-06,2015-12-08,0.747482047399454,32,136,2015,0,31,Staten Island,5.542446965477808,0,0,1,0,0
31,R034,I.S. 34 - STATEN ISLAND,SCA CIP,SCIENCE LAB UPGRADE,Scope,Complete,4/29/2014,8/13/2014,8/1/2014,20820,32230,32230,DSF0000792723,20820.0,32230.0,32230.0,2014-04-29,2014-08-13,2014-08-01,1.548030739673391,-12,106,2014,1,31,Staten Island,4.318480725174517,0,0,0,0,0
31,R034,I.S. 34 - STATEN ISLAND,SCA CIP RESOA,FY19 RESO A IPDVS CAMERA INSTALLATION,Design,Complete,1/17/2019,6/17/2019,5/1/2019,24000,18417,18417,DSF0000890706,24000.0,18417.0,18417.0,2019-01-17,2019-06-17,2019-05-01,0.767375,-47,151,2019,0,31,Staten Island,4.380211241711606,0,0,0,0,0
31,R036,P.S. 36 - STATEN ISLAND,SCA CIP RESOA,FY19 RESO A AUDITORIUM UPGRADE / PATH OF TRAVEL RESO A AUDITORIUM UPGRADE,Design,Complete,2/4/2020,5/21/2020,3/24/2020,30000,42993,39958,"DSF0000890707, DSF0000912943",30000.0,42993.0,39958.0,2020-02-04,2020-05-21,2020-03-24,1.4331,-58,107,2020,1,31,Staten Island,4.477121254719663,0,0,0,0,1
31,R040,R373 SPED - STATEN ISLAND,SCA CIP RESOA,FY19 RESO A AUDITORIUM UPGRADE,Design,Complete,4/10/2019,9/10/2019,9/27/2019,21000,39449,39449,DSF0000890718,21000.0,39449.0,39449.0,2019-04-10,2019-09-10,2019-09-27,1.8785238095238095,17,153,2019,1,31,Staten Island,4.3222192947339195,0,0,0,0,0
31,R041,P.S. 41 - STATEN ISLAND,SCA CIP,ELECTRICAL WORK FOR A/C INITIATIVE / LL26 CODE COMPLIANCE/EXIT SIGN REPLACEMENT,Design,Complete,8/27/2019,1/31/2020,1/8/2020,12482,6086,6086,"DSF0000912740, DSF0000914239",12482.0,6086.0,6086.0,2019-08-27,2020-01-31,2020-01-08,0.4875821182502804,-23,157,2019,0,31,Staten Island,4.096284178244864,1,0,0,0,0
31,R042,P.S. 42 - STATEN ISLAND,SCA CIP,ELECTRICAL WORK FOR A/C INITIATIVE / LL26 CODE COMPLIANCE/EXIT SIGN REPLACEMENT,"CM,F&E",Complete,1/21/2020,9/16/2020,9/16/2020,55367,39145,36124,"DSF0000912038, DSF0000912401",55367.0,39145.0,36124.0,2020-01-21,2020-09-16,2020-09-16,0.7070095905503279,0,239,2020,0,31,Staten Island,4.7432509923805855,1,0,0,0,0
31,R042,P.S. 42 - STATEN ISLAND,SCA CIP,ELECTRICAL WORK FOR A/C INITIATIVE / LL26 CODE COMPLIANCE/EXIT SIGN REPLACEMENT,Construction,Complete,1/21/2020,9/16/2020,9/16/2020,505580,505580,292543,"DSF0000912038, DSF0000912401",505580.0,505580.0,292543.0,2020-01-21,2020-09-16,2020-09-16,1.0,0,239,2020,0,31,Staten Island,5.703789885564209,1,0,0,0,0
31,R042,P.S. 42 - STATEN ISLAND,SCA CIP,ELECTRICAL WORK FOR A/C INITIATIVE / LL26 CODE COMPLIANCE/EXIT SIGN REPLACEMENT,Design,Complete,3/27/2019,8/26/2019,7/25/2019,23177,9803,9803,"DSF0000912038, DSF0000912401",23177.0,9803.0,9803.0,2019-03-27,2019-08-26,2019-07-25,0.4229624196401605,-32,152,2019,0,31,Staten Island,4.365057220766325,1,0,0,0,0
31,R042,P.S. 42 - STATEN ISLAND,SCA CIP RESOA,FY18 RESO A PLAYGROUNDS,Design,Complete,2/28/2018,7/13/2018,12/14/2018,58860,56314,56314,DSF0000866371,58860.0,56314.0,56314.0,2018-02-28,2018-07-13,2018-12-14,0.9567448182127081,154,135,2018,1,31,Staten Island,4.769820257763592,0,0,0,0,0
31,R043,I.S./J.H.S. 63 - STATEN ISLAND,SCA CIP RESOA,FY19 RESO A AUDITORIUM UPGRADE,Design,Complete,3/13/2019,8/12/2019,7/31/2019,30000,43100,38244,DSF0000890715,30000.0,43100.0,38244.0,2019-03-13,2019-08-12,2019-07-31,1.4366666666666668,-12,152,2019,1,31,Staten Island,4.477121254719663,0,0,0,0,0
31,R044,P.S. 44 - STATEN ISLAND,SCA CIP,PLAY YARD PAVEMENT / CERTIFICATE OF OCCUPANCY / FLOOD ELIMINATION,Design,Complete,12/6/2018,6/10/2019,5/17/2019,229650,266646,249522,"DSF0000888836, DSF0000888891, DSF0000905516",229650.0,266646.0,249522.0,2018-12-06,2019-06-10,2019-05-17,1.161097322011757,-24,186,2018,1,31,Staten Island,5.361066449753943,0,0,0,0,0
31,R044,P.S. 44 - STATEN ISLAND,SCA CIP,PLAY YARD PAVEMENT / CERTIFICATE OF OCCUPANCY / FLOOD ELIMINATION,Scope,Complete,2/21/2018,7/6/2018,8/15/2018,60261,82342,82155,"DSF0000888836, DSF0000888891, DSF0000905516",60261.0,82342.0,82155.0,2018-02-21,2018-07-06,2018-08-15,1.3664227278007335,40,135,2018,1,31,Staten Island,4.780036334288524,0,0,0,0,0
31,R045,P.S. 45 - STATEN ISLAND,SCA CIP RESOA,FY19 RESO A PLAYGROUND UPGRADES,Design,Complete,7/24/2019,12/10/2019,3/31/2020,45000,44825,41716,DSF0000890710,45000.0,44825.0,41716.0,2019-07-24,2019-12-10,2020-03-31,0.9961111111111111,112,139,2019,1,31,Staten Island,4.653212513775344,0,0,0,0,0
31,R048,NAPLES STREET ELEMENTARY SCHOOL - R,SCA CIP,WATER PENETRATION IN BASEMENT / PARAPETS / PLANYC BOILER CONVERSION / PLANYC CLIMATE CONTROL / ROOFS / EXTERIOR MASONRY,Design,Complete,2/19/2019,7/19/2019,5/16/2019,834000,768347,599438,"DSF0000860113, DSF0000905572, DSF0000798346, DSF0000792908, DSF0000905571, DSF0000905573",834000.0,768347.0,599438.0,2019-02-19,2019-07-19,2019-05-16,0.921279376498801,-64,150,2019,0,31,Staten Island,5.921166050637739,0,1,1,0,0
31,R048,NAPLES STREET ELEMENTARY SCHOOL - R,SCA CIP,WATER PENETRATION IN BASEMENT / PARAPETS / PLANYC BOILER CONVERSION / PLANYC CLIMATE CONTROL / ROOFS / EXTERIOR MASONRY,Scope,Complete,9/13/2017,2/1/2019,2/19/2019,208500,248278,221370,"DSF0000860113, DSF0000905572, DSF0000798346, DSF0000792908, DSF0000905571, DSF0000905573",208500.0,248278.0,221370.0,2017-09-13,2019-02-01,2019-02-19,1.1907817745803357,18,506,2017,1,31,Staten Island,5.319106059309776,0,1,1,0,0
31,R049,I.S. 49 - STATEN ISLAND,SCA CIP,ELECTRICAL WORK FOR A/C INITIATIVE,"CM,F&E",Complete,11/5/2019,6/1/2020,12/22/2020,79937,46055,34207,DSF0000911976,79937.0,46055.0,34207.0,2019-11-05,2020-06-01,2020-12-22,0.576141211203823,204,209,2019,1,31,Staten Island,4.9027478453514854,1,0,0,0,0
31,R049,I.S. 49 - STATEN ISLAND,SCA CIP,ELECTRICAL WORK FOR A/C INITIATIVE,Construction,Complete,11/5/2019,6/1/2020,12/22/2020,431288,527133,336556,DSF0000911976,431288.0,527133.0,336556.0,2019-11-05,2020-06-01,2020-12-22,1.2222296933835395,204,209,2019,1,31,Staten Island,5.634767374662799,1,0,0,0,0
31,R049,I.S. 49 - STATEN ISLAND,SCA CIP,FLOOD ELIMINATION,Design,Complete,12/4/2018,5/7/2019,5/17/2019,133260,196264,157297,DSF0000882722,133260.0,196264.0,157297.0,2018-12-04,2019-05-07,2019-05-17,1.4727900345189855,10,154,2018,1,31,Staten Island,5.124699808932117,0,0,0,0,0
31,R049,I.S. 49 - STATEN ISLAND,SCA CIP,ELECTRICAL WORK FOR A/C INITIATIVE,Design,Complete,3/25/2019,8/22/2019,7/25/2019,33462,7181,7181,DSF0000911976,33462.0,7181.0,7181.0,2019-03-25,2019-08-22,2019-07-25,0.21460163767856075,-28,150,2019,0,31,Staten Island,4.524551894875205,1,0,0,0,0
31,R049,I.S. 49 - STATEN ISLAND,SCA CIP,FLOOD ELIMINATION,Scope,Complete,2/26/2018,7/11/2018,10/18/2018,33315,76493,69167,DSF0000882722,33315.0,76493.0,69167.0,2018-02-26,2018-07-11,2018-10-18,2.2960528290559807,99,135,2018,1,31,Staten Island,4.522639817604155,0,0,0,0,0
31,R054,P.S. 54 - STATEN ISLAND,SCA CIP RESOA,FY20 RESO A IPDVS CAMERA INSTALLATION,Design,Complete,4/7/2020,9/30/2020,5/15/2020,16500,11732,11732,DSF0000913142,16500.0,11732.0,11732.0,2020-04-07,2020-09-30,2020-05-15,0.711030303030303,-138,176,2020,0,31,Staten Island,4.217483944213907,0,0,0,0,0
31,R061,I.S. 61 - STATEN ISLAND,SCA CIP,ROOFS / PARAPETS / WINDOWS / EXTERIOR MASONRY,Design,Complete,3/12/2019,8/9/2019,5/17/2019,876000,605306,406454,"DSF0000882893, DSF0000882894, DSF0000882895, DSF0000882896",876000.0,605306.0,406454.0,2019-03-12,2019-08-09,2019-05-17,0.6909885844748859,-84,150,2019,0,31,Staten Island,5.942504106168081,0,0,1,0,0
31,R061,I.S. 61 - STATEN ISLAND,SCA CIP,ELECTRICAL WORK FOR A/C INITIATIVE / LL26 CODE COMPLIANCE/EXIT SIGN REPLACEMENT,Design,Complete,3/7/2019,8/6/2019,7/19/2019,26640,13824,13699,"DSF0000912114, DSF0000912377",26640.0,13824.0,13699.0,2019-03-07,2019-08-06,2019-07-19,0.518918918918919,-18,152,2019,0,31,Staten Island,4.425534220498263,1,0,0,0,0
31,R061,I.S. 61 - STATEN ISLAND,SCA CIP,ROOFS / PARAPETS / WINDOWS / EXTERIOR MASONRY,Scope,Complete,10/26/2018,3/18/2019,3/12/2019,219001,127454,127454,"DSF0000882893, DSF0000882894, DSF0000882895, DSF0000882896",219001.0,127454.0,127454.0,2018-10-26,2019-03-18,2019-03-12,0.5819790777211062,-6,143,2018,0,31,Staten Island,5.340446097915417,0,0,1,0,0
31,R066,FOREST AVENUE COMMUNITY EDUCATIONAL COMPLEX - STATEN ISLAND,OUTROS,LEASE,Scope,Complete,7/19/2019,11/5/2019,12/10/2019,65441,2914,2914,DSF0000911854,65441.0,2914.0,2914.0,2019-07-19,2019-11-05,2019-12-10,0.04452865940312648,35,109,2019,0,31,Staten Island,4.8158499271419295,0,0,0,0,0
31,R070,P.S. @ 45 WAVERLY PLACE - STATEN ISLAND,SCA Capacity,NEW SCHOOL,Design,Complete,12/8/2017,6/28/2018,10/2/2018,6222400,3728573,3372565,DSF0000843832,6222400.0,3728573.0,3372565.0,2017-12-08,2018-06-28,2018-10-02,0.5992178259192594,96,202,2017,1,31,Staten Island,6.793957925803385,0,0,0,0,0
31,R070,P.S. @ 45 WAVERLY PLACE - STATEN ISLAND,SCA Capacity,NEW SCHOOL,Scope,Complete,6/26/2017,12/7/2017,12/7/2017,1944500,1031742,984050,DSF0000843832,1944500.0,1031742.0,984050.0,2017-06-26,2017-12-07,2017-12-07,0.530595011571098,0,164,2017,0,31,Staten Island,6.288807947483479,0,0,0,0,0
31,R072,I.S. 72 - STATEN ISLAND,SCA CIP,PLANYC BOILER CONVERSION / PLANYC CLIMATE CONTROL,Design,Complete,1/9/2019,6/11/2019,5/7/2019,478560,388741,361389,"DSF0000890598, DSF0000877738",478560.0,388741.0,361389.0,2019-01-09,2019-06-11,2019-05-07,0.812314025409562,-35,153,2019,0,31,Staten Island,5.679936395687243,0,1,0,0,0
31,R072,I.S. 72 - STATEN ISLAND,SCA CIP,PLANYC BOILER CONVERSION / PLANYC CLIMATE CONTROL,Scope,Complete,10/9/2018,3/14/2019,12/21/2018,119640,98549,95808,"DSF0000890598, DSF0000877738",119640.0,98549.0,95808.0,2018-10-09,2019-03-14,2018-12-21,0.8237128050819124,-83,156,2018,0,31,Staten Island,5.07787640435928,0,1,0,0,0
31,R072,I.S. 72 - STATEN ISLAND,SCA CIP RESOA,FY19 RESO A IPDVS CAMERA INSTALLATION,Design,Complete,1/24/2019,7/19/2019,5/1/2019,21000,11773,11773,DSF0000890717,21000.0,11773.0,11773.0,2019-01-24,2019-07-19,2019-05-01,0.5606190476190476,-79,176,2019,0,31,Staten Island,4.3222192947339195,0,0,0,0,0
31,R074,3K CENTER @ 10 ELM STREET - STATEN ISLAND,3K,LEASE,Design,Complete,11/5/2018,1/17/2019,7/26/2019,864950,280042,232788,DSF0000891022,864950.0,280042.0,232788.0,2018-11-05,2019-01-17,2019-07-26,0.3237666917162842,190,73,2018,1,31,Staten Island,5.9369910030119675,0,0,0,0,0
31,R074,3K CENTER @ 10 ELM STREET - STATEN ISLAND,3K,LEASE,Scope,Complete,9/26/2018,10/24/2018,11/2/2018,192211,223766,179198,DSF0000891022,192211.0,223766.0,179198.0,2018-09-26,2018-10-24,2018-11-02,1.164168543943895,9,28,2018,1,31,Staten Island,5.283778238184767,0,0,0,0,0
31,R075,I.S. 75 - STATEN ISLAND,SCA CIP,CHILLER REPLACEMENT,Design,Complete,7/6/2016,12/7/2016,2/7/2017,95700,105573,91102,DSF0000838444,95700.0,105573.0,91102.0,2016-07-06,2016-12-07,2017-02-07,1.1031661442006269,62,154,2016,1,31,Staten Island,4.980911937776844,0,0,0,0,0
31,R075,I.S. 75 - STATEN ISLAND,SCA CIP,FLOOD ELIMINATION / PARAPETS / WINDOWS / EXTERIOR MASONRY / PAVED AREAS- CONCRETE / ROOFS,Scope,Complete,10/15/2018,3/5/2019,3/5/2019,134436,236041,220206,"DSF0000882956, DSF0000882958, DSF0000882959, DSF0000882960, DSF0000905848, DSF0000912593",134436.0,236041.0,220206.0,2018-10-15,2019-03-05,2019-03-05,1.7557871403493113,0,141,2018,1,31,Staten Island,5.128515582019909,0,0,1,0,0
31,R075,I.S. 75 - STATEN ISLAND,SCA CIP,CHILLER REPLACEMENT,Scope,Complete,1/20/2016,5/20/2016,6/6/2016,23925,21941,21941,DSF0000838444,23925.0,21941.0,21941.0,2016-01-20,2016-05-20,2016-06-06,0.9170741901776385,17,121,2016,0,31,Staten Island,4.378851946448881,0,0,0,0,0
31,R075,I.S. 75 - STATEN ISLAND,SCA CIP RESOA,FY17 RESO A GREENHOUSE,Design,Complete,3/14/2018,8/13/2018,5/20/2019,63000,116585,82284,DSF0000845593,63000.0,116585.0,82284.0,2018-03-14,2018-08-13,2019-05-20,1.8505555555555555,280,152,2018,1,31,Staten Island,4.799340549453582,0,0,0,0,0
31,R086,I.S./H.S. @ 715 OCEAN TERRACE - STATEN ISLAND,SCA Capacity,STANDALONE REPLACEMENT,Design,Complete,3/29/2018,11/1/2018,12/6/2018,6249489,4723329,723211,DSF0000844161,6249489.0,4723329.0,723211.0,2018-03-29,2018-11-01,2018-12-06,0.7557944337529037,35,217,2018,0,31,Staten Island,6.795844507975592,0,0,0,0,0
31,R086,I.S./H.S. @ 715 OCEAN TERRACE - STATEN ISLAND,SCA Capacity,STANDALONE REPLACEMENT,Scope,Complete,9/21/2017,3/29/2018,3/28/2018,1952965,1693304,1006720,DSF0000844161,1952965.0,1693304.0,1006720.0,2017-09-21,2018-03-29,2018-03-28,0.867042676136029,-1,189,2017,0,31,Staten Island,6.290694460162881,0,0,0,0,0
31,R089,D75 REPLACEMENT @ 15A FAIRFIELD STREET - STATEN ISLAND,SCA Capacity,NEW SCHOOL,OUTROS,Complete,4/23/2018,9/3/2020,8/10/2020,5808712,5732504,5414291,DSF0000821871,5808712.0,5732504.0,5414291.0,2018-04-23,2020-09-03,2020-08-10,0.986880396204873,-24,864,2018,0,31,Staten Island,6.764079844386121,0,0,0,0,0
31,R089,D75 REPLACEMENT @ 15A FAIRFIELD STREET - STATEN ISLAND,SCA Capacity,NEW SCHOOL,Construction,Complete,4/23/2018,9/3/2020,8/10/2020,41249208,39272504,38327652,DSF0000821871,41249208.0,39272504.0,38327652.0,2018-04-23,2020-09-03,2020-08-10,0.9520789829467756,-24,864,2018,0,31,Staten Island,7.615415614351841,0,0,0,0,0
31,R089,D75 REPLACEMENT @ 15A FAIRFIELD STREET - STATEN ISLAND,SCA Capacity,NEW SCHOOL,Design,Complete,3/24/2017,9/18/2017,10/6/2017,2941120,3147597,2446259,DSF0000821871,2941120.0,3147597.0,2446259.0,2017-03-24,2017-09-18,2017-10-06,1.0702035279077358,18,178,2017,0,31,Staten Island,6.468512744423642,0,0,0,0,0
31,R089,D75 REPLACEMENT @ 15A FAIRFIELD STREET - STATEN ISLAND,SCA Capacity,NEW SCHOOL,Scope,Complete,9/16/2016,2/16/2017,3/23/2017,919100,807794,793957,DSF0000821871,919100.0,807794.0,793957.0,2016-09-16,2017-02-16,2017-03-23,0.8788967468175389,35,153,2016,0,31,Staten Island,5.963362766103736,0,0,0,0,0
31,R096,THE RICHMOND PRE-K CENTER AT 2040 FOREST AVENUE - STATEN ISLAND,3K,LEASE,"CM,F&E",Complete,12/12/2019,9/3/2020,9/16/2020,1554867,515050,983298,DSF0000889341,1554867.0,515050.0,983298.0,2019-12-12,2020-09-03,2020-09-16,0.3312501969621839,13,266,2019,0,31,Staten Island,6.191693246329797,0,0,0,0,0
31,R096,THE RICHMOND PRE-K CENTER AT 2040 FOREST AVENUE - STATEN ISLAND,3K,LEASE,Construction,Complete,12/12/2019,9/3/2020,9/16/2020,11029838,9912574,9322014,DSF0000889341,11029838.0,9912574.0,9322014.0,2019-12-12,2020-09-03,2020-09-16,0.8987053119003199,13,266,2019,0,31,Staten Island,7.042569133816189,0,0,0,0,0
31,R096,THE RICHMOND PRE-K CENTER AT 2040 FOREST AVENUE - STATEN ISLAND,3K,LEASE,Design,Complete,7/26/2018,10/26/2018,8/2/2019,874613,614349,360205,DSF0000889341,874613.0,614349.0,360205.0,2018-07-26,2018-10-26,2019-08-02,0.7024238148758365,280,92,2018,1,31,Staten Island,5.941815928287029,0,0,0,0,0
31,R096,THE RICHMOND PRE-K CENTER AT 2040 FOREST AVENUE - STATEN ISLAND,3K,LEASE,Scope,Complete,7/2/2018,7/25/2018,7/25/2018,194358,200586,200586,DSF0000889341,194358.0,200586.0,200586.0,2018-07-02,2018-07-25,2018-07-25,1.0320439601148397,0,23,2018,0,31,Staten Island,5.288602421398209,0,0,0,0,0
31,R098,P.S. 20 - STATEN ISLAND,SCA CIP,STANDALONE GYM ANNEX,Design,Complete,9/4/2018,2/28/2019,5/8/2019,613320,497572,336974,DSF0000889564,613320.0,497572.0,336974.0,2018-09-04,2019-02-28,2019-05-08,0.8112763320941759,69,177,2018,0,31,Staten Island,5.787687127002862,0,0,0,0,0
31,R098,P.S. 20 - STATEN ISLAND,SCA CIP,STANDALONE GYM ANNEX,Scope,Complete,9/4/2018,9/4/2018,9/4/2018,153330,42115,39304,DSF0000889564,153330.0,42115.0,39304.0,2018-09-04,2018-09-04,2018-09-04,0.27466901454379444,0,0,2018,0,31,Staten Island,5.185627135674899,0,0,0,0,0
31,R099,P.S. 39 - STATEN ISLAND,SCA CIP,STANDALONE GYM ANNEX,Design,Complete,10/1/2018,4/1/2019,5/17/2019,493320,525859,345400,DSF0000889565,493320.0,525859.0,345400.0,2018-10-01,2019-04-01,2019-05-17,1.0659592151139219,46,182,2018,0,31,Staten Island,5.693128722827975,0,0,0,0,0
31,R099,P.S. 39 - STATEN ISLAND,SCA CIP,STANDALONE GYM ANNEX,Scope,Complete,10/1/2018,10/1/2018,10/1/2018,123330,18399,13763,DSF0000889565,123330.0,18399.0,13763.0,2018-10-01,2018-10-01,2018-10-01,0.14918511311116517,0,0,2018,0,31,Staten Island,5.0910687315000125,0,0,0,0,0
31,R100,THE RICHMOND PRE-K CENTER AT 2389 RICHMOND AVENUE - STATEN ISLAND,3K,LEASE,"CM,F&E",Complete,12/23/2019,9/3/2020,9/9/2020,1189471,366548,662041,DSF0000889653,1189471.0,366548.0,662041.0,2019-12-23,2020-09-03,2020-09-09,0.30816051841532915,6,255,2019,0,31,Staten Island,6.075353858148397,0,0,0,0,0
31,R100,THE RICHMOND PRE-K CENTER AT 2389 RICHMOND AVENUE - STATEN ISLAND,3K,LEASE,Construction,Complete,12/23/2019,9/3/2020,9/9/2020,7849660,7515476,6404419,DSF0000889653,7849660.0,7515476.0,6404419.0,2019-12-23,2020-09-03,2020-09-09,0.9574269458804585,6,255,2019,0,31,Staten Island,6.8948508461310265,0,0,0,0,0
31,R100,THE RICHMOND PRE-K CENTER AT 2389 RICHMOND AVENUE - STATEN ISLAND,3K,LEASE,Design,Complete,10/10/2018,1/18/2019,10/11/2019,622440,309911,300462,DSF0000889653,622440.0,309911.0,300462.0,2018-10-10,2019-01-18,2019-10-11,0.4978969860548808,266,100,2018,1,31,Staten Island,5.7940974940412096,0,0,0,0,0
31,R100,THE RICHMOND PRE-K CENTER AT 2389 RICHMOND AVENUE - STATEN ISLAND,3K,LEASE,Scope,Complete,9/12/2018,10/12/2018,10/9/2018,138320,143097,143097,DSF0000889653,138320.0,143097.0,143097.0,2018-09-12,2018-10-12,2018-10-09,1.034535858877964,-3,30,2018,0,31,Staten Island,5.1408849802658665,0,0,0,0,0
31,R101,THE RICHMOND PRE-K CENTER AT 1275 WOODROW ROAD - STATEN ISLAND,3K,LEASE,"CM,F&E",Complete,1/14/2020,9/3/2020,9/10/2020,1051142,340786,678887,DSF0000889655,1051142.0,340786.0,678887.0,2020-01-14,2020-09-03,2020-09-10,0.32420548317924697,7,233,2020,0,31,Staten Island,6.021661389340059,0,0,0,0,0
31,R101,THE RICHMOND PRE-K CENTER AT 1275 WOODROW ROAD - STATEN ISLAND,3K,LEASE,Construction,Complete,1/14/2020,9/3/2020,9/10/2020,7297958,7248418,6606598,DSF0000889655,7297958.0,7248418.0,6606598.0,2020-01-14,2020-09-03,2020-09-10,0.9932117997938601,7,233,2020,0,31,Staten Island,6.863201359656099,0,0,0,0,0
31,R101,THE RICHMOND PRE-K CENTER AT 1275 WOODROW ROAD - STATEN ISLAND,3K,LEASE,Design,Complete,9/14/2018,1/3/2019,1/15/2019,578693,479333,370429,DSF0000889655,578693.0,479333.0,370429.0,2018-09-14,2019-01-03,2019-01-15,0.8283027442875583,12,111,2018,0,31,Staten Island,5.762448229072101,0,0,0,0,0
31,R101,THE RICHMOND PRE-K CENTER AT 1275 WOODROW ROAD - STATEN ISLAND,3K,LEASE,Scope,Complete,7/26/2018,9/13/2018,9/13/2018,128598,152597,152597,DSF0000889655,128598.0,152597.0,152597.0,2018-07-26,2018-09-13,2018-09-13,1.1866203206892798,0,49,2018,1,31,Staten Island,5.1092342143446725,0,0,0,0,0
31,R105,3K CENTER @ 365 BAY STREET - STATEN ISLAND,3K,LEASE,Scope,Complete,10/10/2018,1/14/2019,1/14/2019,184565,231276,231276,DSF0000891030,184565.0,231276.0,231276.0,2018-10-10,2019-01-14,2019-01-14,1.2530869883238966,0,96,2018,1,31,Staten Island,5.266149347025585,0,0,0,0,0
31,R110,THE RICHMOND PRE-K CENTER @ 1800 RICHMOND TERRACE - STATEN ISLAND,3K,LEASE,Design,Complete,4/23/2019,7/15/2019,1/23/2020,1020593,557652,494170,DSF0000912368,1020593.0,557652.0,494170.0,2019-04-23,2019-07-15,2020-01-23,0.5463999851066977,192,83,2019,1,31,Staten Island,6.008852585285847,0,0,0,0,0
31,R110,THE RICHMOND PRE-K CENTER @ 1800 RICHMOND TERRACE - STATEN ISLAND,3K,LEASE,Scope,Complete,3/25/2019,4/22/2019,4/22/2019,226798,212538,191751,DSF0000912368,226798.0,212538.0,191751.0,2019-03-25,2019-04-22,2019-04-22,0.9371246660023457,0,28,2019,0,31,Staten Island,5.355639220446647,0,0,0,0,0
31,R112,THE RICHMOND PRE-K CENTER AT 375 TOMPKINS AVENUE - STATEN ISLAND,3K,LEASE,"CM,F&E",Complete,1/22/2020,9/3/2020,9/14/2020,2903840,961897,1126367,DSF0000912366,2903840.0,961897.0,1126367.0,2020-01-22,2020-09-03,2020-09-14,0.33125,11,225,2020,0,31,Staten Island,6.462972683298228,0,0,0,0,0
31,R112,THE RICHMOND PRE-K CENTER AT 375 TOMPKINS AVENUE - STATEN ISLAND,3K,LEASE,Construction,Complete,1/22/2020,9/3/2020,9/14/2020,20599115,20006202,16983605,DSF0000912366,20599115.0,20006202.0,16983605.0,2020-01-22,2020-09-03,2020-09-14,0.9712165789646788,11,225,2020,0,31,Staten Island,7.313848562171445,0,0,0,0,0
31,R112,THE RICHMOND PRE-K CENTER AT 375 TOMPKINS AVENUE - STATEN ISLAND,3K,LEASE,Design,Complete,5/15/2019,8/1/2019,1/7/2020,1633410,737819,667598,DSF0000912366,1633410.0,737819.0,667598.0,2019-05-15,2019-08-01,2020-01-07,0.45170471590109035,159,78,2019,1,31,Staten Island,6.213095210081629,0,0,0,0,0
31,R112,THE RICHMOND PRE-K CENTER AT 375 TOMPKINS AVENUE - STATEN ISLAND,3K,LEASE,Scope,Complete,3/21/2019,5/10/2019,5/14/2019,362980,306103,306103,DSF0000912366,362980.0,306103.0,306103.0,2019-03-21,2019-05-10,2019-05-14,0.8433054162763789,4,50,2019,0,31,Staten Island,5.559882696306285,0,0,0,0,0
31,R117,3K CENTER @ NORTH BRIDGE STREET - STATEN ISLAND,OUTROS,LEASE,Scope,Complete,2/14/2020,3/31/2020,10/20/2020,262864,262864,262864,DSF0000960719,262864.0,262864.0,262864.0,2020-02-14,2020-03-31,2020-10-20,1.0,203,46,2020,1,31,Staten Island,5.419731112268774,0,0,0,0,0
31,R435,NEW DORP HS - STATEN ISLAND,SCA CIP,PARAPETS / EXTERIOR MASONRY / ROOFS,Design,Complete,1/8/2020,6/9/2020,6/25/2020,1894644,968528,27069,"DSF0000905874, DSF0000905875, DSF0000951581",1894644.0,968528.0,27069.0,2020-01-08,2020-06-09,2020-06-25,0.5111926039931513,16,153,2020,0,31,Staten Island,6.2775276188634574,0,0,1,0,0
31,R435,NEW DORP HS - STATEN ISLAND,SCA CIP,IPDVS CAMERA INSTALLATION,Design,Complete,4/23/2018,10/17/2018,9/20/2018,35005,13786,13786,DSF0000868093,35005.0,13786.0,13786.0,2018-04-23,2018-10-17,2018-09-20,0.393829452935295,-27,177,2018,0,31,Staten Island,4.544130081987965,0,0,0,0,0
31,R435,NEW DORP HS - STATEN ISLAND,SCA CIP,HOT WATER HEATER REPLACEMENT / AIR CONDITIONING,Design,Complete,1/8/2020,6/9/2020,6/30/2020,90036,65212,65212,"DSF0000951585, DSF0000960626",90036.0,65212.0,65212.0,2020-01-08,2020-06-09,2020-06-30,0.7242880625527567,21,153,2020,0,31,Staten Island,4.954416192497789,0,1,0,0,0
31,R435,NEW DORP HS - STATEN ISLAND,SCA CIP,PARAPETS / EXTERIOR MASONRY / ROOFS,Scope,Complete,7/19/2019,12/5/2019,12/23/2019,378929,406773,86513,"DSF0000905874, DSF0000905875, DSF0000951581",378929.0,406773.0,86513.0,2019-07-19,2019-12-05,2019-12-23,1.0734807839991134,18,139,2019,0,31,Staten Island,5.578557843749587,0,0,1,0,0
31,R435,NEW DORP HS - STATEN ISLAND,SCA CIP,HOT WATER HEATER REPLACEMENT / AIR CONDITIONING,Scope,Complete,1/11/2019,5/10/2019,11/4/2019,18804,21390,21390,"DSF0000951585, DSF0000960626",18804.0,21390.0,21390.0,2019-01-11,2019-05-10,2019-11-04,1.137523931078494,178,119,2019,1,31,Staten Island,4.2742502425162145,0,1,0,0,0
31,R440,STATEN ISLAND TECHNICAL HS - R,SCA CIP,FLOOD ELIMINATION / EXTERIOR MASONRY / PARAPETS,Design,Complete,8/2/2018,1/7/2019,4/16/2019,228286,146785,131568,"DSF0000821877, DSF0000883015, DSF0000889671",228286.0,146785.0,131568.0,2018-08-02,2019-01-07,2019-04-16,0.6429873053976153,99,158,2018,1,31,Staten Island,5.358479278510912,0,0,1,0,0
31,R440,STATEN ISLAND TECHNICAL HS - R,SCA CIP,FLOOD ELIMINATION / EXTERIOR MASONRY / PARAPETS,Scope,Complete,5/12/2015,9/25/2015,2/12/2016,58435,80422,80422,"DSF0000821877, DSF0000883015, DSF0000889671",58435.0,80422.0,80422.0,2015-05-12,2015-09-25,2016-02-12,1.3762642252074955,140,136,2015,1,31,Staten Island,4.766673048376084,0,0,1,0,0
31,R445,PORT RICHMOND HS - R,SCA CIP,IPDVS CAMERA INSTALLATION,"CM,F&E",Complete,6/10/2019,3/5/2020,12/24/2020,267022,255860,189692,DSF0000868094,267022.0,255860.0,189692.0,2019-06-10,2020-03-05,2020-12-24,0.9581982008973043,294,269,2019,1,31,Staten Island,5.426547044454438,0,0,0,0,0
31,R445,PORT RICHMOND HS - R,SCA CIP,IPDVS CAMERA INSTALLATION,Construction,Complete,6/10/2019,3/5/2020,12/24/2020,351944,311830,260825,DSF0000868094,351944.0,311830.0,260825.0,2019-06-10,2020-03-05,2020-12-24,0.8860216398063329,294,269,2019,1,31,Staten Island,5.54647356567763,0,0,0,0,0
31,R445,PORT RICHMOND HS - R,SCA CIP,IPDVS CAMERA INSTALLATION,Design,Complete,7/18/2018,1/15/2019,12/19/2018,33231,22103,22103,DSF0000868094,33231.0,22103.0,22103.0,2018-07-18,2019-01-15,2018-12-19,0.6651319551021636,-27,181,2018,0,31,Staten Island,4.521543410431505,0,0,0,0,0
31,R446,PORT RICHMOND HS - R,SCA CIP,ATHLETIC FIELD,Design,Complete,1/14/2016,6/2/2016,4/3/2017,937260,811878,638644,DSF0000843757,937260.0,811878.0,638644.0,2016-01-14,2016-06-02,2017-04-03,0.8662249535881186,305,140,2016,1,31,Staten Island,5.971860082778998,0,0,0,0,0
31,R446,PORT RICHMOND HS - R,SCA CIP,ATHLETIC FIELD,Scope,Complete,1/14/2016,1/14/2016,1/14/2016,234315,136337,120578,DSF0000843757,234315.0,136337.0,120578.0,2016-01-14,2016-01-14,2016-01-14,0.5818534878262168,0,0,2016,0,31,Staten Island,5.369800091451036,0,0,0,0,0
31,R455,TOTTENVILLE HS - STATEN ISLAND,SCA CIP,PLANYC CLIMATE CONTROL / PLANYC BOILER CONVERSION,Design,Complete,1/8/2020,6/9/2020,6/30/2020,954855,585601,529791,"DSF0000912617, DSF0000912616",954855.0,585601.0,529791.0,2020-01-08,2020-06-09,2020-06-30,0.6132878814060774,21,153,2020,0,31,Staten Island,5.979937426577453,0,1,0,0,0
31,R455,TOTTENVILLE HS - STATEN ISLAND,SCA CIP,IPDVS CAMERA INSTALLATION,Design,Complete,3/19/2018,9/11/2018,9/20/2018,39300,12639,11392,DSF0000868096,39300.0,12639.0,11392.0,2018-03-19,2018-09-11,2018-09-20,0.3216030534351145,9,176,2018,0,31,Staten Island,4.594392550375427,0,0,0,0,0
31,R455,TOTTENVILLE HS - STATEN ISLAND,SCA CIP,WATER INFILTRATION IN OIL TANK ROOM,Design,Complete,3/19/2019,8/16/2019,9/6/2019,63598,70313,68308,DSF0000883080,63598.0,70313.0,68308.0,2019-03-19,2019-08-16,2019-09-06,1.1055850812918646,21,150,2019,1,31,Staten Island,4.803443458374496,0,0,0,0,0
31,R455,TOTTENVILLE HS - STATEN ISLAND,SCA CIP,WATER INFILTRATION IN OIL TANK ROOM,Scope,Complete,2/27/2018,6/27/2018,3/15/2019,12720,29494,25855,DSF0000883080,12720.0,29494.0,25855.0,2018-02-27,2018-06-27,2019-03-15,2.3187106918238993,261,120,2018,1,31,Staten Island,4.104487111312395,0,0,0,0,0
31,R455,TOTTENVILLE HS - STATEN ISLAND,SCA CIP,PLANYC CLIMATE CONTROL / PLANYC BOILER CONVERSION,Scope,Complete,8/1/2019,1/6/2020,1/3/2020,190971,23309,22571,"DSF0000912617, DSF0000912616",190971.0,23309.0,22571.0,2019-08-01,2020-01-06,2020-01-03,0.12205518115315939,-3,158,2019,0,31,Staten Island,5.280967422241434,0,1,0,0,0
31,R455,TOTTENVILLE HS - STATEN ISLAND,SCA CIP,IPDVS CAMERA INSTALLATION,Scope,Complete,3/8/2018,7/6/2018,3/19/2018,10718,2832,2832,DSF0000868096,10718.0,2832.0,2832.0,2018-03-08,2018-07-06,2018-03-19,0.2642284008210487,-109,120,2018,0,31,Staten Island,4.030113752707593,0,0,0,0,0
31,R455,TOTTENVILLE HS - STATEN ISLAND,SCA CIP RESOA,FY19 RESO A ROOM CONVERSIONS/PARTITIONING,Design,Complete,6/26/2019,11/27/2019,6/25/2020,150000,93006,91807,DSF0000890945,150000.0,93006.0,91807.0,2019-06-26,2019-11-27,2020-06-25,0.62004,211,154,2019,1,31,Staten Island,5.176091259055681,0,0,0,0,0
31,R460,SUSAN E. WAGNER HS - STATEN ISLAND,SCA CIP,EXTERIOR DOORS / EXTERIOR MASONRY / WINDOWS / PARAPETS / ROOFS,"CM,F&E",Complete,8/14/2017,8/13/2019,8/25/2020,2338500,1305634,1291464,"DSF0000747719, SCA0000025813, DSF0000793347, DSF0000793346, DSF0000793345",2338500.0,1305634.0,1291464.0,2017-08-14,2019-08-13,2020-08-25,0.5583211460337824,378,729,2017,1,31,Staten Island,6.368937374244523,0,0,1,0,0
31,R460,SUSAN E. WAGNER HS - STATEN ISLAND,SCA CIP,IPDVS CAMERA INSTALLATION,"CM,F&E",Complete,6/10/2019,3/5/2020,12/24/2020,364312,342338,284711,DSF0000868099,364312.0,342338.0,284711.0,2019-06-10,2020-03-05,2020-12-24,0.9396835679307846,294,269,2019,1,31,Staten Island,5.561473476616473,0,0,0,0,0
31,R460,SUSAN E. WAGNER HS - STATEN ISLAND,SCA CIP,IPDVS CAMERA INSTALLATION,Construction,Complete,6/10/2019,3/5/2020,12/24/2020,402976,356342,295947,DSF0000868099,402976.0,356342.0,295947.0,2019-06-10,2020-03-05,2020-12-24,0.8842759866592551,294,269,2019,1,31,Staten Island,5.605279181679714,0,0,0,0,0
31,R460,SUSAN E. WAGNER HS - STATEN ISLAND,SCA CIP,EXTERIOR DOORS / EXTERIOR MASONRY / WINDOWS / PARAPETS / ROOFS,Construction,Complete,8/14/2017,8/13/2019,8/25/2020,32574400,33340610,31315717,"DSF0000747719, SCA0000025813, DSF0000793347, DSF0000793346, DSF0000793345",32574400.0,33340610.0,31315717.0,2017-08-14,2019-08-13,2020-08-25,1.0235218453755095,378,729,2017,1,31,Staten Island,7.512876425026557,0,0,1,0,0
31,R460,SUSAN E. WAGNER HS - STATEN ISLAND,SCA CIP,IPDVS CAMERA INSTALLATION,Design,Complete,6/27/2018,12/24/2018,11/26/2018,38049,14314,14314,DSF0000868099,38049.0,14314.0,14314.0,2018-06-27,2018-12-24,2018-11-26,0.37619911167179165,-28,180,2018,0,31,Staten Island,4.5803432471725865,0,0,0,0,0
31,R460,SUSAN E. WAGNER HS - STATEN ISLAND,SCA CIP,EXTERIOR DOORS / EXTERIOR MASONRY / WINDOWS / PARAPETS / ROOFS,Design,Complete,12/9/2013,5/15/2014,4/18/2014,1812829,1164245,1132056,"DSF0000747719, SCA0000025813, DSF0000793347, DSF0000793346, DSF0000793345",1812829.0,1164245.0,1132056.0,2013-12-09,2014-05-15,2014-04-18,0.6422254939655092,-27,157,2013,0,31,Staten Island,6.25835684002552,0,0,1,0,0
31,R460,SUSAN E. WAGNER HS - STATEN ISLAND,SCA CIP,IPDVS CAMERA INSTALLATION,Scope,Complete,6/13/2018,10/12/2018,6/27/2018,10377,3578,3578,DSF0000868099,10377.0,3578.0,3578.0,2018-06-13,2018-10-12,2018-06-27,0.3448010022164402,-107,121,2018,0,31,Staten Island,4.016071816734024,0,0,0,0,0
31,R460,SUSAN E. WAGNER HS - STATEN ISLAND,SCA CIP,EXTERIOR DOORS / EXTERIOR MASONRY / WINDOWS / PARAPETS / ROOFS,Scope,Complete,6/13/2012,10/11/2013,10/11/2013,457153,333402,333402,"DSF0000747719, SCA0000025813, DSF0000793347, DSF0000793346, DSF0000793345",457153.0,333402.0,333402.0,2012-06-13,2013-10-11,2013-10-11,0.7293006936408598,0,485,2012,0,31,Staten Island,5.660061574107569,0,0,1,0,0
31,R600,RALPH R. MCKEE CAREER AND TECHNICAL EDUCATION HS - R,SCA CIP,EXTERIOR MASONRY / PARAPETS / ROOFS / FLOOD ELIMINATION,Design,Complete,1/17/2018,6/18/2018,5/11/2018,873541,446970,446970,"DSF0000888902, DSF0000883142, DSF0000883141, DSF0000883139",873541.0,446970.0,446970.0,2018-01-17,2018-06-18,2018-05-11,0.511676040391922,-38,152,2018,0,31,Staten Island,5.941283293584415,0,0,1,0,0
31,R600,RALPH R. MCKEE CAREER AND TECHNICAL EDUCATION HS - R,SCA CIP,EXTERIOR MASONRY / PARAPETS / ROOFS / FLOOD ELIMINATION,Scope,Complete,7/27/2017,12/13/2017,11/22/2017,218385,207012,206306,"DSF0000888902, DSF0000883142, DSF0000883141, DSF0000883139",218385.0,207012.0,206306.0,2017-07-27,2017-12-13,2017-11-22,0.9479222474071022,-21,139,2017,0,31,Staten Island,5.339222805090629,0,0,1,0,0
31,R700,P.S. 74 - STATEN ISLAND,SCA CIP,STANDALONE GYM ANNEX,Design,Complete,5/15/2018,10/4/2018,11/7/2018,520740,421394,331473,DSF0000889035,520740.0,421394.0,331473.0,2018-05-15,2018-10-04,2018-11-07,0.8092214924914545,34,142,2018,0,31,Staten Island,5.716620938751289,0,0,0,0,0
31,R700,P.S. 74 - STATEN ISLAND,SCA CIP,STANDALONE GYM ANNEX,Scope,Complete,4/13/2018,6/7/2018,5/14/2018,130185,153980,150869,DSF0000889035,130185.0,153980.0,150869.0,2018-04-13,2018-06-07,2018-05-14,1.1827783538810155,-24,55,2018,1,31,Staten Island,5.1145609474233265,0,0,0,0,0
31,R701,P.S. 1 - STATEN ISLAND,SCA CIP,STANDALONE GYM ANNEX,Design,Complete,5/29/2018,11/1/2018,12/5/2018,417600,418026,318753,DSF0000889036,417600.0,418026.0,318753.0,2018-05-29,2018-11-01,2018-12-05,1.0010201149425286,34,156,2018,0,31,Staten Island,5.620760489994206,0,0,0,0,0
31,R701,P.S. 1 - STATEN ISLAND,SCA CIP,STANDALONE GYM ANNEX,Scope,Complete,4/13/2018,6/15/2018,5/16/2018,104400,132929,132926,DSF0000889036,104400.0,132929.0,132926.0,2018-04-13,2018-06-15,2018-05-16,1.2732662835249042,-30,63,2018,1,31,Staten Island,5.018700498666243,0,0,0,0,0
31,R702,P.S. 54 - STATEN ISLAND,SCA CIP,STANDALONE GYM ANNEX,Design,Complete,6/11/2018,11/15/2018,12/14/2018,478560,372164,315779,DSF0000889287,478560.0,372164.0,315779.0,2018-06-11,2018-11-15,2018-12-14,0.7776746907388833,29,157,2018,0,31,Staten Island,5.679936395687243,0,0,0,0,0
31,R702,P.S. 54 - STATEN ISLAND,SCA CIP,STANDALONE GYM ANNEX,Scope,Complete,5/8/2018,7/5/2018,5/30/2018,119640,179344,175849,DSF0000889287,119640.0,179344.0,175849.0,2018-05-08,2018-07-05,2018-05-30,1.4990304246071549,-36,58,2018,1,31,Staten Island,5.07787640435928,0,0,0,0,0
31,R722,R721 SPED - STATEN ISLAND,SCA CIP,EXT MASONRY / PARAPETS / HVAC SYSTEM / WINDOWS / HEATING/BOILER EXHAUST UPGRADE / DOORS / ACCESSIBILITY / ROOFS / SPRINKLER / PIPING / WASTE SYSTEM,Design,Complete,5/9/2013,10/9/2013,5/6/2015,1175496,910363,861338,"DSF0000726449, DSF0000726448, DSF0000732118, DSF0000770707, DSF0000770710, DSF0000770715, DSF0000777261, DSF0000770705, DSF0000770719, DSF0000770711, DSF0000770718",1175496.0,910363.0,861338.0,2013-05-09,2013-10-09,2015-05-06,0.7744501044665401,574,153,2013,1,31,Staten Island,6.070221155638003,0,1,1,0,1
31,R722,R721 SPED - STATEN ISLAND,SCA CIP,EXT MASONRY / PARAPETS / HVAC SYSTEM / WINDOWS / HEATING/BOILER EXHAUST UPGRADE / DOORS / ACCESSIBILITY / ROOFS / SPRINKLER / PIPING / WASTE SYSTEM,Scope,Complete,9/9/2011,1/30/2012,2/8/2012,238676,312027,312027,"DSF0000726449, DSF0000726448, DSF0000732118, DSF0000770707, DSF0000770710, DSF0000770715, DSF0000777261, DSF0000770705, DSF0000770719, DSF0000770711, DSF0000770718",238676.0,312027.0,312027.0,2011-09-09,2012-01-30,2012-02-08,1.3073245738993446,9,143,2011,1,31,Staten Island,5.377808750839212,0,1,1,0,1
31,R802,P.S. 1 - STATEN ISLAND,SCA CIP,EXTERIOR MASONRY,Design,Complete,11/14/2018,4/18/2019,5/3/2019,221400,144425,114228,DSF0000860575,221400.0,144425.0,114228.0,2018-11-14,2019-04-18,2019-05-03,0.6523261065943993,15,155,2018,0,31,Staten Island,5.345177616542704,0,0,1,0,0
31,R802,P.S. 1 - STATEN ISLAND,SCA CIP,EXTERIOR MASONRY,Scope,Complete,9/19/2017,2/7/2018,10/4/2018,55350,208576,172731,DSF0000860575,55350.0,208576.0,172731.0,2017-09-19,2018-02-07,2018-10-04,3.7683107497741646,239,141,2017,1,31,Staten Island,4.743117625214742,0,0,1,0,0
31,R831,P.S. 74 - STATEN ISLAND,SCA CIP,WINDOWS / ROOFS,Design,Complete,11/26/2019,4/29/2020,6/30/2020,224742,171855,163518,"DSF0000906107, DSF0000960661",224742.0,171855.0,163518.0,2019-11-26,2020-04-29,2020-06-30,0.764676829431081,62,155,2019,0,31,Staten Island,5.351684241372155,0,0,1,0,0
31,R831,P.S. 74 - STATEN ISLAND,SCA CIP,WINDOWS / ROOFS,Scope,Complete,7/22/2019,12/6/2019,11/26/2019,45249,89869,78656,"DSF0000906107, DSF0000960661",45249.0,89869.0,78656.0,2019-07-22,2019-12-06,2019-11-26,1.986099140312493,-10,137,2019,1,31,Staten Island,4.655608985767061,0,0,1,0,0
31,R831,P.S. 74 - STATEN ISLAND,SCA CIP RESOA,FY15 RESO A PLAYGROUND REDEVELOPMENT,Design,Complete,5/11/2016,9/26/2016,9/2/2016,39523,50962,50962,DSF0000800366,39523.0,50962.0,50962.0,2016-05-11,2016-09-26,2016-09-02,1.2894264099385169,-24,138,2016,1,31,Staten Island,4.596849902362875,0,0,0,0,0
31,R831,P.S. 74 - STATEN ISLAND,SCA CIP RESOA,FY20 RESO A IPDVS CAMERA INSTALLATION,Design,Complete,3/25/2020,9/17/2020,5/15/2020,15000,9931,9931,DSF0000913160,15000.0,9931.0,9931.0,2020-03-25,2020-09-17,2020-05-15,0.6620666666666667,-125,176,2020,0,31,Staten Island,4.176091259055681,0,0,0,0,0
31,R840,R000 - STATEN ISLAND,SCA CIP,STRUCTURAL DEFECTS,Design,Complete,8/28/2019,2/3/2020,6/17/2020,70418,47598,46306,DSF0000883245,70418.0,47598.0,46306.0,2019-08-28,2020-02-03,2020-06-17,0.6759351302223863,135,159,2019,1,31,Staten Island,4.847683686151682,0,0,1,0,0
31,R840,R000 - STATEN ISLAND,SCA CIP,STRUCTURAL DEFECTS,Scope,Complete,9/13/2018,2/1/2019,8/5/2019,15648,15148,15148,DSF0000883245,15648.0,15148.0,15148.0,2018-09-13,2019-02-01,2019-08-05,0.9680470347648262,185,141,2018,1,31,Staten Island,4.194458837443526,0,0,1,0,0
31,R848,P.S. 42 - STATEN ISLAND,SCA CIP,ELECTRICAL WORK FOR A/C INITIATIVE / LL26 CODE COMPLIANCE/EXIT SIGN REPLACEMENT,"CM,F&E",Complete,1/21/2020,9/16/2020,9/16/2020,24730,17199,9310,"DSF0000912926, DSF0000912934",24730.0,17199.0,9310.0,2020-01-21,2020-09-16,2020-09-16,0.6954710877476749,0,239,2020,0,31,Staten Island,4.3932241163612975,1,0,0,0,0
31,R848,P.S. 42 - STATEN ISLAND,SCA CIP,ELECTRICAL WORK FOR A/C INITIATIVE / LL26 CODE COMPLIANCE/EXIT SIGN REPLACEMENT,Construction,Complete,1/21/2020,9/16/2020,9/16/2020,243036,243036,162497,"DSF0000912926, DSF0000912934",243036.0,243036.0,162497.0,2020-01-21,2020-09-16,2020-09-16,1.0,0,239,2020,0,31,Staten Island,5.385670608756108,1,0,0,0,0
31,R848,P.S. 42 - STATEN ISLAND,SCA CIP,WATER PENTRATION / EXTERIOR MASONRY / ROOFS,Design,Complete,1/23/2019,6/24/2019,5/16/2019,260951,121782,85750,"DSF0000882638, DSF0000906153, DSF0000912209",260951.0,121782.0,85750.0,2019-01-23,2019-06-24,2019-05-16,0.466685316400397,-39,152,2019,0,31,Staten Island,5.41655896547065,0,0,1,0,0
31,R848,P.S. 42 - STATEN ISLAND,SCA CIP,ELECTRICAL WORK FOR A/C INITIATIVE / LL26 CODE COMPLIANCE/EXIT SIGN REPLACEMENT,Design,Complete,8/30/2019,2/5/2020,10/9/2019,10352,3278,3278,"DSF0000912926, DSF0000912934",10352.0,3278.0,3278.0,2019-08-30,2020-02-05,2019-10-09,0.3166537867078825,-119,159,2019,0,31,Staten Island,4.015024263324626,1,0,0,0,0
31,R848,P.S. 42 - STATEN ISLAND,SCA CIP,WATER PENTRATION / EXTERIOR MASONRY / ROOFS,Scope,Complete,3/19/2018,7/18/2018,11/19/2018,69022,44334,44023,"DSF0000882638, DSF0000906153, DSF0000912209",69022.0,44334.0,44023.0,2018-03-19,2018-07-18,2018-11-19,0.6423169424241546,124,121,2018,1,31,Staten Island,4.838987539371281,0,0,1,0,0
31,R861,P.S. 861 - STATEN ISLAND,SCA CIP RESOA,FY19 RESO A GYMNASIUM UPGRADE,Design,Complete,7/23/2019,12/9/2019,10/29/2019,40620,41545,37288,DSF0000890719,40620.0,41545.0,37288.0,2019-07-23,2019-12-09,2019-10-29,1.0227720334810437,-41,139,2019,0,31,Staten Island,4.608739919068788,0,0,0,0,0
9,X002,M.S./H.S. 250 - BRONX,SCA CIP,LOW VOLTAGE ELECTRICAL SYSTEM,Design,Complete,1/14/2020,6/15/2020,5/14/2020,73713,32640,32640,DSF0000906271,73713.0,32640.0,32640.0,2020-01-14,2020-06-15,2020-05-14,0.44279842090269017,-32,153,2020,0,9,Bronx,4.867544086643139,1,0,0,0,0
9,X002,M.S./H.S. 250 - BRONX,SCA CIP,LOW VOLTAGE ELECTRICAL SYSTEM,Scope,Complete,11/1/2019,2/5/2020,1/2/2020,16381,8160,8160,DSF0000906271,16381.0,8160.0,8160.0,2019-11-01,2020-02-05,2020-01-02,0.4981380868078872,-34,96,2019,0,9,Bronx,4.214340410319735,1,0,0,0,0
9,X002,BRONX CNTR FOR SCIENCE & MATH - X,SCA CIP RESOA,FY17 RESO A AUDITORIUM  UPGRADE,Design,Complete,12/1/2017,5/4/2018,5/22/2018,74388,54172,54172,DSF0000844234,74388.0,54172.0,54172.0,2017-12-01,2018-05-04,2018-05-22,0.7282357369468194,18,154,2017,0,9,Bronx,4.871502882399199,0,0,0,0,0
9,X004,P.S. 4 - BRONX,SCA CIP,RNWL SBHC,Design,Complete,6/28/2019,11/20/2019,6/30/2020,114472,8245,8245,DSF0000843908,114472.0,8245.0,8245.0,2019-06-28,2019-11-20,2020-06-30,0.07202634705430148,223,145,2019,1,9,Bronx,5.058699270670859,0,0,0,0,0
9,X004,P.S. 4 - BRONX,SCA CIP,RNWL SBHC- ELECTRICAL UPGRADE,Design,Complete,11/22/2019,4/27/2020,6/30/2020,81926,67243,9769,DSF0000912668,81926.0,67243.0,9769.0,2019-11-22,2020-04-27,2020-06-30,0.820777286819813,64,157,2019,0,9,Bronx,4.913421751144818,1,0,0,0,0
9,X004,P.S. 4 - BRONX,SCA CIP,RNWL SBHC- ELECTRICAL UPGRADE,Scope,Complete,7/23/2019,11/22/2019,11/22/2019,16385,25475,2442,DSF0000912668,16385.0,25475.0,2442.0,2019-07-23,2019-11-22,2019-11-22,1.5547757094903876,0,122,2019,1,9,Bronx,4.214446445718394,1,0,0,0,0
9,X004,P.S. 4 - BRONX,SCA CIP,RNWL SBHC,Scope,Complete,2/11/2016,5/11/2016,3/4/2016,22894,21061,21061,DSF0000843908,22894.0,21061.0,21061.0,2016-02-11,2016-05-11,2016-03-04,0.9199353542412859,-68,90,2016,0,9,Bronx,4.359721678483211,0,0,0,0,0
7,X005,P.S. 5 - BRONX,SCA CIP,EXTERIOR MASONRY / PARAPETS / ROOFS,Scope,Complete,6/26/2019,11/12/2019,12/3/2019,30331,36256,36256,"DSF0000906328, DSF0000952061, DSF0000952060",30331.0,36256.0,36256.0,2019-06-26,2019-11-12,2019-12-03,1.1953446968448123,21,139,2019,1,7,Bronx,4.4818867290486315,0,0,1,0,0
12,X006,P.S. 6 - BRONX,SCA CIP,FLOOD ELIMINATION / ROOFS / PARAPETS / EXTERIOR MASONRY,Scope,Complete,7/11/2019,11/26/2019,1/31/2020,107082,210618,182535,"DSF0000906343, DSF0000906346, DSF0000906347, DSF0000906348",107082.0,210618.0,182535.0,2019-07-11,2019-11-26,2020-01-31,1.9668851907883678,66,138,2019,1,12,Bronx,5.029716474028271,0,0,1,0,0
10,X008,P.S. 8 - BRONX,SCA CIP,ROOFS / PARAPETS / EXTERIOR MASONRY / WINDOWS,Design,Complete,11/12/2019,6/15/2020,4/28/2020,361204,320194,320194,"DSF0000906381, DSF0000906382, DSF0000906383, DSF0000960575",361204.0,320194.0,320194.0,2019-11-12,2020-06-15,2020-04-28,0.8864630513504834,-48,216,2019,0,10,Bronx,5.557752551077539,0,0,1,0,0
10,X008,P.S. 8 - BRONX,SCA CIP,ROOFS / PARAPETS / EXTERIOR MASONRY / WINDOWS,Scope,Complete,6/11/2019,10/25/2019,10/24/2019,76261,147864,143863,"DSF0000906381, DSF0000906382, DSF0000906383, DSF0000960575",76261.0,147864.0,143863.0,2019-06-11,2019-10-25,2019-10-24,1.9389202869094295,-1,136,2019,1,10,Bronx,4.8823024958187755,0,0,1,0,0
10,X009,P.S. 9 - BRONX,SCA CIP,CRACKED MASONRY / PARAPETS / ROOFS,Design,Complete,11/28/2018,5/1/2019,4/30/2019,959374,633061,526235,"DSF0000912493, DSF0000906399, DSF0000906398",959374.0,633061.0,526235.0,2018-11-28,2019-05-01,2019-04-30,0.659868831133635,-1,154,2018,0,10,Bronx,5.981987944472243,0,0,1,0,0
10,X009,P.S. 9 - BRONX,SCA CIP,PLANYC BOILER CONVERSION / PLANYC CLIMATE CONTROL,Design,Complete,2/7/2014,7/10/2014,7/25/2014,438314,596874,584541,"DSF0000752356, DSF0000752357",438314.0,596874.0,584541.0,2014-02-07,2014-07-10,2014-07-25,1.3617497958084843,15,153,2014,1,10,Bronx,5.641785342489789,0,1,0,0,0
10,X009,P.S. 9 - BRONX,SCA CIP,CRACKED MASONRY / PARAPETS / ROOFS,Scope,Complete,1/12/2018,5/30/2018,6/5/2018,239844,177300,175679,"DSF0000912493, DSF0000906399, DSF0000906398",239844.0,177300.0,175679.0,2018-01-12,2018-05-30,2018-06-05,0.7392304998248862,6,138,2018,0,10,Bronx,5.3799288585138845,0,0,1,0,0
10,X009,P.S. 9 - BRONX,SCA CIP,PLANYC BOILER CONVERSION / PLANYC CLIMATE CONTROL,Scope,Complete,12/4/2013,5/7/2014,2/4/2014,111868,129810,129810,"DSF0000752356, DSF0000752357",111868.0,129810.0,129810.0,2013-12-04,2014-05-07,2014-02-04,1.1603854542854077,-92,154,2013,1,10,Bronx,5.048705873740859,0,1,0,0,0
11,X012,X012 SPED - BRONX,SCA CIP,STRUCTURAL CRACKS / WINDOWS / PARAPETS,Design,Complete,4/4/2017,9/1/2017,11/28/2017,283740,343041,276658,"DSF0000843972, DSF0000866166, DSF0000866177",283740.0,343041.0,276658.0,2017-04-04,2017-09-01,2017-11-28,1.2089976739268344,88,150,2017,1,11,Bronx,5.4529205643990695,0,0,1,0,0
11,X012,X012 SPED - BRONX,SCA CIP,IPDVS CAMERA INSTALLATION,Design,Complete,6/22/2020,12/17/2020,12/16/2020,16172,17488,17488,DSF0000960788,16172.0,17488.0,17488.0,2020-06-22,2020-12-17,2020-12-16,1.081375216423448,-1,178,2020,0,11,Bronx,4.2087637326616365,0,0,0,0,0
11,X012,X012 SPED - BRONX,SCA CIP,STRUCTURAL CRACKS / WINDOWS / PARAPETS,Scope,Complete,3/23/2016,8/5/2016,3/8/2017,70935,139746,131665,"DSF0000843972, DSF0000866166, DSF0000866177",70935.0,139746.0,131665.0,2016-03-23,2016-08-05,2017-03-08,1.970057094523155,215,135,2016,1,11,Bronx,4.850860573071108,0,0,1,0,0
8,X014,P.S. 14 - BRONX,SCA CIP,PARAPETS / WINDOWS / EXTERIOR MASONRY / ROOFS,Design,Complete,12/18/2018,5/21/2019,5/16/2019,622200,397935,328134,"DSF0000883578, DSF0000883579, DSF0000883580, DSF0000906449",622200.0,397935.0,328134.0,2018-12-18,2019-05-21,2019-05-16,0.6395612343297975,-5,154,2018,0,8,Bronx,5.793930006772684,0,0,1,0,0
8,X014,P.S. 14 - BRONX,SCA CIP,PARAPETS / WINDOWS / EXTERIOR MASONRY / ROOFS,Scope,Complete,7/6/2018,11/21/2018,12/18/2018,155550,114623,114623,"DSF0000883578, DSF0000883579, DSF0000883580, DSF0000906449",155550.0,114623.0,114623.0,2018-07-06,2018-11-21,2018-12-18,0.7368884603021536,27,138,2018,0,8,Bronx,5.191870015444723,0,0,1,0,0
11,X016,P.S. 16 - BRONX,SCA CIP,TCU REMOVAL/PLAYGROUND REDEVELOPMENT,Design,Complete,4/22/2019,10/7/2019,5/17/2019,189930,240570,192019,DSF0000911806,189930.0,240570.0,192019.0,2019-04-22,2019-10-07,2019-05-17,1.2666245458853262,-143,168,2019,1,11,Bronx,5.278593568241133,0,0,0,0,0
11,X016,P.S. 16 - BRONX,SCA CIP,TCU REMOVAL/PLAYGROUND REDEVELOPMENT,Scope,Complete,2/13/2019,5/14/2019,4/22/2019,47482,85301,85301,DSF0000911806,47482.0,85301.0,85301.0,2019-02-13,2019-05-14,2019-04-22,1.7964913019670612,-22,90,2019,1,11,Bronx,4.676529003683365,0,0,0,0,0
7,X018,P.S. 18 - BRONX,SCA CIP,ELECTRICAL WORK FOR A/C INITIATIVE / LL26 CODE COMPLIANCE/EXIT SIGN REPLACEMENT,Design,Complete,5/1/2019,10/1/2019,5/16/2019,93087,57662,49010,"DSF0000891034, DSF0000912508",93087.0,57662.0,49010.0,2019-05-01,2019-10-01,2019-05-16,0.6194420273507579,-138,153,2019,0,7,Bronx,4.9688890341233565,1,0,0,0,0
7,X018,P.S. 18 - BRONX,SCA CIP,ELECTRICAL WORK FOR A/C INITIATIVE / LL26 CODE COMPLIANCE/EXIT SIGN REPLACEMENT,Scope,Complete,9/25/2018,8/29/2019,5/1/2019,25281,12221,12221,"DSF0000891034, DSF0000912508",25281.0,12221.0,12221.0,2018-09-25,2019-08-29,2019-05-01,0.4834065108184012,-120,338,2018,0,7,Bronx,4.402794248640903,1,0,0,0,0
11,X019,P.S. 19 - BRONX,SCA Capacity,ADDITION,OUTROS,Complete,7/10/2017,9/1/2020,8/4/2020,8038566,7224715,6448936,DSF0000821591,8038566.0,7224715.0,6448936.0,2017-07-10,2020-09-01,2020-08-04,0.8987566936689952,-28,1149,2017,0,11,Bronx,6.905178581853866,0,0,0,0,0
11,X019,P.S. 19 - BRONX,SCA Capacity,ADDITION,Construction,Complete,7/10/2017,9/1/2020,8/4/2020,57083994,54034297,51103235,DSF0000821591,57083994.0,54034297.0,51103235.0,2017-07-10,2020-09-01,2020-08-04,0.9465752694179037,-28,1149,2017,0,11,Bronx,7.756514351819586,0,0,0,0,0
11,X019,P.S. 19 - BRONX,SCA Capacity,ADDITION,Design,Complete,9/21/2016,3/27/2017,5/11/2017,4070160,4184988,3271077,DSF0000821591,4070160.0,4184988.0,3271077.0,2016-09-21,2017-03-27,2017-05-11,1.0282121587357744,45,187,2016,0,11,Bronx,6.609611481891387,0,0,0,0,0
11,X019,P.S. 19 - BRONX,SCA Capacity,ADDITION,Scope,Complete,5/23/2016,9/16/2016,9/20/2016,1271925,1042183,1031506,DSF0000821591,1271925.0,1042183.0,1031506.0,2016-05-23,2016-09-16,2016-09-20,0.8193745700414725,4,116,2016,0,11,Bronx,6.104461503571481,0,0,0,0,0
11,X021,P.S. 21 - BRONX,SCA CIP,ELECTRICAL WORK FOR A/C INITIATIVE,"CM,F&E",Complete,6/28/2019,3/23/2020,9/10/2020,57368,39130,27925,DSF0000868244,57368.0,39130.0,27925.0,2019-06-28,2020-03-23,2020-09-10,0.6820875749546785,171,269,2019,1,11,Bronx,4.758669709493661,1,0,0,0,0
11,X021,P.S. 21 - BRONX,SCA CIP,ELECTRICAL WORK FOR A/C INITIATIVE,Construction,Complete,6/28/2019,3/23/2020,9/10/2020,370874,370874,210514,DSF0000868244,370874.0,370874.0,210514.0,2019-06-28,2020-03-23,2020-09-10,1.0,171,269,2019,1,11,Bronx,5.569226388323705,1,0,0,0,0
11,X021,P.S. 21 - BRONX,SCA CIP,ELECTRICAL WORK FOR A/C INITIATIVE,Design,Complete,11/13/2018,4/17/2019,4/3/2019,23372,11058,10813,DSF0000868244,23372.0,11058.0,10813.0,2018-11-13,2019-04-17,2019-04-03,0.4731302413143933,-14,155,2018,0,11,Bronx,4.36869587763823,1,0,0,0,0
9,X022,I.S. 22 - BRONX,SCA CIP RESOA,FY18 RESO A PLAYGROUNDS,"CM,F&E",Complete,5/20/2019,5/18/2020,9/28/2020,64875,87124,86874,DSF0000866373,64875.0,87124.0,86874.0,2019-05-20,2020-05-18,2020-09-28,1.34295183044316,133,364,2019,1,9,Bronx,4.812077370856514,0,0,0,0,0
9,X022,I.S. 22 - BRONX,SCA CIP RESOA,FY18 RESO A PLAYGROUNDS,Construction,Complete,5/20/2019,5/18/2020,9/28/2020,951500,886614,859763,DSF0000866373,951500.0,886614.0,859763.0,2019-05-20,2020-05-18,2020-09-28,0.9318066211245402,133,364,2019,1,9,Bronx,5.978408792623039,0,0,0,0,0
9,X022,I.S. 22 - BRONX,SCA CIP RESOA,FY18 RESO A PLAYGROUNDS,Design,Complete,6/20/2018,11/21/2018,11/21/2018,64875,134013,133763,DSF0000866373,64875.0,134013.0,133763.0,2018-06-20,2018-11-21,2018-11-21,2.0657109826589597,0,154,2018,1,9,Bronx,4.812077370856514,0,0,0,0,0
10,X023,P.S. 23 - BRONX,SCA CIP,ROOFS,Design,Complete,4/5/2019,9/5/2019,12/31/2019,229300,79202,79202,DSF0000883723,229300.0,79202.0,79202.0,2019-04-05,2019-09-05,2019-12-31,0.34540776275621454,117,153,2019,1,10,Bronx,5.360404054729939,0,0,1,0,0
10,X023,P.S. 23 - BRONX,SCA CIP,ROOFS,Scope,Complete,10/12/2018,3/4/2019,4/4/2019,45860,24617,24617,DSF0000883723,45860.0,24617.0,24617.0,2018-10-12,2019-03-04,2019-04-04,0.5367858700392499,31,143,2018,0,10,Bronx,4.66143405039392,0,0,1,0,0
10,X024,P.S. 24 - BRONX,SCA CIP,CERTIFICATE OF OCCUPANCY / FIRE ALARM / PLANYC BOILER CONVERSION / PLANYC CLIMATE CONTROL,Design,Complete,10/19/2016,3/24/2017,4/26/2017,447890,415262,400114,"DSF0000843694, DSF0000843978, DSF0000798382, DSF0000799754",447890.0,415262.0,400114.0,2016-10-19,2017-03-24,2017-04-26,0.9271517560115207,33,156,2016,0,10,Bronx,5.65117136609885,0,1,0,1,0
10,X024,P.S. 24 - BRONX,SCA CIP,CERTIFICATE OF OCCUPANCY / FIRE ALARM / PLANYC BOILER CONVERSION / PLANYC CLIMATE CONTROL,Scope,Complete,1/6/2016,1/27/2017,10/7/2016,114357,115215,109346,"DSF0000843694, DSF0000843978, DSF0000798382, DSF0000799754",114357.0,115215.0,109346.0,2016-01-06,2017-01-27,2016-10-07,1.0075028201159526,-112,387,2016,0,10,Bronx,5.058262753711701,0,1,0,1,0
10,X024,P.S. 24 - BRONX,SCA CIP RESOA,FY19 RESO A IPDVS CAMERA INSTALLATION,Design,Complete,1/26/2019,6/11/2019,5/9/2019,26651,7921,7921,DSF0000890948,26651.0,7921.0,7921.0,2019-01-26,2019-06-11,2019-05-09,0.29721211211586807,-33,136,2019,0,10,Bronx,4.4257135092850675,0,0,0,0,0
7,X027,P.S. 277 - BRONX,SCA CIP,FLOOD ELIMINATION / ROOFS / EXTERIOR MASONRY,Design,Complete,2/27/2019,7/29/2019,5/17/2019,454495,235263,204269,"DSF0000883791, DSF0000883792, DSF0000883793",454495.0,235263.0,204269.0,2019-02-27,2019-07-29,2019-05-17,0.5176360576023938,-73,152,2019,0,7,Bronx,5.657529109814633,0,0,1,0,0
7,X027,P.S. 277 - BRONX,SCA CIP,FLOOD ELIMINATION / ROOFS / EXTERIOR MASONRY,Scope,Complete,11/6/2018,3/27/2019,2/26/2019,115360,79750,79750,"DSF0000883791, DSF0000883792, DSF0000883793",115360.0,79750.0,79750.0,2018-11-06,2019-03-27,2019-02-26,0.6913141470180305,-29,141,2018,0,7,Bronx,5.062055247375354,0,0,1,0,0
9,X028,P.S. 28 - BRONX,SCA CIP,ELECTRICAL WORK FOR A/C INITIATIVE / LL26 CODE COMPLIANCE/EXIT SIGN REPLACEMENT,Design,Complete,3/22/2019,8/21/2019,5/16/2019,31570,10474,10474,"DSF0000868245, DSF0000912421",31570.0,10474.0,10474.0,2019-03-22,2019-08-21,2019-05-16,0.3317706683560342,-97,152,2019,0,9,Bronx,4.499274581892218,1,0,0,0,0
9,X028,P.S. 28 - BRONX,SCA CIP,DETERIORATED METAL ARCH CEILING & BEAMS / FULL PROGRAM ACCESSIBILITY,Design,Complete,12/18/2018,6/6/2019,5/17/2019,620085,494184,475291,"DSF0000861172, DSF0000889384",620085.0,494184.0,475291.0,2018-12-18,2019-06-06,2019-05-17,0.7969617068627688,-20,170,2018,0,9,Bronx,5.792451225789749,0,0,0,0,1
9,X028,P.S. 28 - BRONX,SCA CIP,DETERIORATED METAL ARCH CEILING & BEAMS / FULL PROGRAM ACCESSIBILITY,Scope,Complete,9/19/2017,12/11/2018,12/18/2018,155609,127597,127388,"DSF0000861172, DSF0000889384",155609.0,127597.0,127388.0,2017-09-19,2018-12-11,2018-12-18,0.8199847052548375,7,448,2017,0,9,Bronx,5.192034711788002,0,0,0,0,1
10,X034,X188 SPED - BRONX,SCA CIP,FLOOD ELIMINATION / ROOFS / PARAPETS / EXTERIOR MASONRY,Design,Complete,4/1/2019,5/17/2019,5/16/2019,391002,311141,299281,"DSF0000883893, DSF0000883894, DSF0000883895, DSF0000883896",391002.0,311141.0,299281.0,2019-04-01,2019-05-17,2019-05-16,0.7957529629004455,-1,46,2019,0,10,Bronx,5.592178978845336,0,0,1,0,0
10,X034,X188 SPED - BRONX,SCA CIP,FLOOD ELIMINATION / ROOFS / PARAPETS / EXTERIOR MASONRY,Scope,Complete,10/16/2018,3/6/2019,4/1/2019,101556,72356,72356,"DSF0000883893, DSF0000883894, DSF0000883895, DSF0000883896",101556.0,72356.0,72356.0,2018-10-16,2019-03-06,2019-04-01,0.7124739060222931,26,141,2018,0,10,Bronx,5.006705586922654,0,0,1,0,0
8,X036,P.S. 36 - BRONX,SCA CIP RESOA,FY19 RESO A AUDITORIUM UPGRADE,Design,Complete,3/13/2019,8/12/2019,6/29/2020,48000,44617,40701,DSF0000890949,48000.0,44617.0,40701.0,2019-03-13,2019-08-12,2020-06-29,0.9295208333333334,322,152,2019,1,8,Bronx,4.681241237375588,0,0,0,0,0
10,X037,P.S. 37 - BRONX,SCA CIP,PA SYSTEM REPLACEMENT,Scope,Complete,5/4/2020,1/29/2021,7/9/2020,15420,3900,3900,DSF0000952532,15420.0,3900.0,3900.0,2020-05-04,2021-01-29,2020-07-09,0.2529182879377432,-204,270,2020,0,10,Bronx,4.188084373714938,0,0,0,0,0
8,X039,LONGWOOD PREPARATORY ACADEMY,SCA CIP,IPDVS CAMERA INSTALLATION,Design,Complete,1/26/2018,7/23/2018,7/11/2018,19624,18546,18546,DSF0000868101,19624.0,18546.0,18546.0,2018-01-26,2018-07-23,2018-07-11,0.945067264573991,-12,178,2018,0,8,Bronx,4.292787535198329,0,0,0,0,0
8,X039,LONGWOOD PREPARATORY ACADEMY,SCA CIP,FLOOD ELIMINATION,Design,Complete,8/1/2018,1/4/2019,4/23/2019,94776,66790,62105,DSF0000864950,94776.0,66790.0,62105.0,2018-08-01,2019-01-04,2019-04-23,0.7047142736557779,109,156,2018,1,8,Bronx,4.976698375448151,0,0,0,0,0
8,X039,LONGWOOD PREPARATORY ACADEMY,SCA CIP,FLOOD ELIMINATION,Scope,Complete,9/21/2017,2/9/2018,12/19/2017,23694,27505,27442,DSF0000864950,23694.0,27505.0,27442.0,2017-09-21,2018-02-09,2017-12-19,1.1608424073605133,-52,141,2017,1,8,Bronx,4.374638384120188,0,0,0,0,0
8,X039,HOLCOMBE L. RUCKER SCHOOLOF COMMUNITY RESEARCH - BRONX,SCA CIP,PLANYC CLIMATE CONTROL / PLANYC BOILER CONVERSION,Scope,Complete,4/19/2018,9/19/2018,6/11/2018,119488,13349,13349,"DSF0000798350, DSF0000798348",119488.0,13349.0,13349.0,2018-04-19,2018-09-19,2018-06-11,0.11171833154793787,-100,153,2018,0,8,Bronx,5.077324291932966,0,1,0,0,0
8,X039,HOLCOMBE L. RUCKER SCHOOLOF COMMUNITY RESEARCH - BRONX,SCA CIP RESOA,FY16 RESO A AUDITORIUM UPGRADE,Design,Complete,9/15/2016,3/9/2017,3/8/2017,35015,245982,244352,DSF0000822346,35015.0,245982.0,244352.0,2016-09-15,2017-03-09,2017-03-08,7.025046408681994,-1,175,2016,1,8,Bronx,4.544254130684011,0,0,0,0,0
7,X040,YOUNG LEADERS ELEM - BRONX,SCA CIP RESOA,FY18 RESO A PLAYGROUNDS,Design,Complete,3/30/2018,8/14/2018,5/21/2018,31305,44409,43928,DSF0000867347,31305.0,44409.0,43928.0,2018-03-30,2018-08-14,2018-05-21,1.4185912793483468,-85,137,2018,1,7,Bronx,4.495613708121136,0,0,0,0,0
11,X041,P.S. 41 - BRONX,SCA CIP,FLOOD ELIMINATION / ROOFS / PARAPETS / EXTERIOR MASONRY / WINDOWS,Design,Complete,4/9/2019,9/9/2019,5/16/2019,564541,459092,19687,"DSF0000883981, DSF0000883984, DSF0000883985, DSF0000883986, DSF0000906844",564541.0,459092.0,19687.0,2019-04-09,2019-09-09,2019-05-16,0.8132128578792328,-116,153,2019,0,11,Bronx,5.751695488204576,0,0,1,0,0
11,X041,P.S. 41 - BRONX,SCA CIP,FLOOD ELIMINATION / ROOFS / PARAPETS / EXTERIOR MASONRY / WINDOWS,Scope,Complete,10/24/2018,3/14/2019,4/9/2019,142813,112577,3370,"DSF0000883981, DSF0000883984, DSF0000883985, DSF0000883986, DSF0000906844",142813.0,112577.0,3370.0,2018-10-24,2019-03-14,2019-04-09,0.788282579317009,26,141,2018,0,11,Bronx,5.154767742253127,0,0,1,0,0
11,X041,P.S. 41 - BRONX,SCA CIP RESOA,FY20 RESO A IPDVS CAMERA INSTALLATION,Design,Complete,1/29/2020,7/23/2020,5/6/2020,30000,21459,21459,DSF0000913483,30000.0,21459.0,21459.0,2020-01-29,2020-07-23,2020-05-06,0.7153,-78,176,2020,0,11,Bronx,4.477121254719663,0,0,0,0,0
7,X043,P.S. 43 - BRONX,SCA CIP,WATER PENETRATION / BOILER REPLACEMENT / REINFORCING SUPPORT ELEMENTS / EXTERIOR MASONRY / CLIMATE CONTROL / DOMESTIC PIPING,Design,Complete,4/26/2017,9/26/2017,4/20/2018,1318825,1016624,833278,"DSF0000817455, DSF0000839445, DSF0000861382, DSF0000861385, DSF0000861379, DSF0000861387",1318825.0,1016624.0,833278.0,2017-04-26,2017-09-26,2018-04-20,0.7708558754952325,206,153,2017,1,7,Bronx,6.120187171151688,0,1,1,0,0
7,X043,P.S. 43 - BRONX,SCA CIP,WATER PENETRATION / BOILER REPLACEMENT / REINFORCING SUPPORT ELEMENTS / EXTERIOR MASONRY / CLIMATE CONTROL / DOMESTIC PIPING,Scope,Complete,10/27/2015,2/16/2017,2/27/2017,331508,463042,446906,"DSF0000817455, DSF0000839445, DSF0000861382, DSF0000861385, DSF0000861379, DSF0000861387",331508.0,463042.0,446906.0,2015-10-27,2017-02-16,2017-02-27,1.39677473846785,11,478,2015,1,7,Bronx,5.520494013325809,0,1,1,0,0
10,X045,I.S. 45 - BRONX,SCA CIP,PATH OF TRAVEL GYMNASIUM FLOOR,Design,Complete,1/22/2020,5/6/2020,6/30/2020,13884,3664,3664,DSF0000960515,13884.0,3664.0,3664.0,2020-01-22,2020-05-06,2020-06-30,0.26390089311437626,55,105,2020,0,10,Bronx,4.142514604999374,0,0,0,0,1
10,X045,I.S. 45 - BRONX,SCA CIP,ELECTRICAL WORK FOR A/C INITIATIVE,Design,Complete,2/20/2019,7/22/2019,4/24/2019,39600,11628,11628,DSF0000868247,39600.0,11628.0,11628.0,2019-02-20,2019-07-22,2019-04-24,0.29363636363636364,-89,152,2019,0,10,Bronx,4.597695185925512,1,0,0,0,0
10,X045,I.S. 45 - BRONX,SCA CIP,GYMNASIUM FLOOR / GYM ROOF,Design,Complete,12/2/2019,4/17/2020,6/30/2020,58277,32005,18765,"DSF0000906920, DSF0000952638",58277.0,32005.0,18765.0,2019-12-02,2020-04-17,2020-06-30,0.5491875010724643,74,137,2019,0,10,Bronx,4.765497186938374,0,0,1,0,0
10,X045,I.S. 45 - BRONX,SCA CIP,ELECTRICAL WORK FOR A/C INITIATIVE,Scope,Complete,1/22/2019,5/22/2019,2/20/2019,10800,2887,2887,DSF0000868247,10800.0,2887.0,2887.0,2019-01-22,2019-05-22,2019-02-20,0.26731481481481484,-91,120,2019,0,10,Bronx,4.033423755486949,1,0,0,0,0
10,X045,I.S. 45 - BRONX,SCA CIP,GYMNASIUM FLOOR / GYM ROOF,Scope,Complete,2/21/2019,6/21/2019,9/26/2019,12950,10160,1334,"DSF0000906920, DSF0000952638",12950.0,10160.0,1334.0,2019-02-21,2019-06-21,2019-09-26,0.7845559845559845,97,120,2019,1,10,Bronx,4.112269768417271,0,0,1,0,0
10,X046,P.S. 46 - BRONX,SCA CIP,EXTERIOR MASONRY / FLOOD ELIMINATION / PARAPETS / ROOFS,Design,Complete,7/13/2015,12/14/2015,6/28/2016,582183,327140,317603,"DSF0000794346, DSF0000794342, DSF0000794345, DSF0000794344",582183.0,327140.0,317603.0,2015-07-13,2015-12-14,2016-06-28,0.5619195338922641,197,154,2015,1,10,Bronx,5.765059519697803,0,0,1,0,0
10,X046,P.S. 46 - BRONX,SCA CIP,EXTERIOR MASONRY / FLOOD ELIMINATION / PARAPETS / ROOFS,Scope,Complete,8/4/2014,12/19/2014,12/19/2014,148872,232280,232280,"DSF0000794346, DSF0000794342, DSF0000794345, DSF0000794344",148872.0,232280.0,232280.0,2014-08-04,2014-12-19,2014-12-19,1.5602665376968134,0,137,2014,1,10,Bronx,5.172813022876572,0,0,1,0,0
12,X047,P.S. 47 - BRONX,SCA CIP,FULL PROGRAM ACCESSIBILITY / LOW-VOLTAGE ELECTRICAL SYSTEM,Design,Complete,10/4/2019,3/26/2020,6/30/2020,68074,49061,43580,"DSF0000912345, DSF0000906948",68074.0,49061.0,43580.0,2019-10-04,2020-03-26,2020-06-30,0.7207010018509269,96,174,2019,1,12,Bronx,4.832981270317962,1,0,0,0,1
12,X047,P.S. 47 - BRONX,SCA CIP,FULL PROGRAM ACCESSIBILITY / LOW-VOLTAGE ELECTRICAL SYSTEM,Scope,Complete,4/17/2019,8/30/2019,8/30/2019,13615,14795,14795,"DSF0000912345, DSF0000906948",13615.0,14795.0,14795.0,2019-04-17,2019-08-30,2019-08-30,1.08666911494675,0,135,2019,0,12,Bronx,4.134017645675983,1,0,0,0,1
8,X048,P.S. 48 - BRONX,SCA CIP,ELECTRICAL WORK FOR A/C INITIATIVE,Design,Complete,8/15/2019,1/21/2020,1/8/2020,19931,6958,6958,DSF0000911981,19931.0,6958.0,6958.0,2019-08-15,2020-01-21,2020-01-08,0.3491044102152426,-13,159,2019,0,8,Bronx,4.299529089146387,1,0,0,0,0
12,X050,SAMARA COMMUNITY SCHOOL,SCA CIP,PLAYGROUND ASPHALTIC CONCRETE,Design,Complete,3/6/2019,7/19/2019,10/9/2019,44482,35326,34551,DSF0000888826,44482.0,35326.0,34551.0,2019-03-06,2019-07-19,2019-10-09,0.7941639314779012,82,135,2019,0,12,Bronx,4.648184305764576,0,0,0,0,0
8,X052,I.S. 302 - BRONX,SCA CIP,FLOOD ELIMINATION,Design,Complete,11/16/2018,4/22/2019,5/15/2019,137340,165951,144601,DSF0000861535,137340.0,165951.0,144601.0,2018-11-16,2019-04-22,2019-05-15,1.2083224115334208,23,157,2018,1,8,Bronx,5.137797043058186,0,0,0,0,0
8,X052,I.S. 302 - BRONX,SCA CIP,REPLACE PUBLIC ADDRESS & SYNCHRONIZED CLOCK SYSTEM,Design,Complete,6/26/2019,11/27/2019,11/20/2019,53210,30177,30177,DSF0000907014,53210.0,30177.0,30177.0,2019-06-26,2019-11-27,2019-11-20,0.5671302386769405,-7,154,2019,0,8,Bronx,4.725993258924722,0,0,0,0,0
8,X052,I.S. 302 - BRONX,SCA CIP,REPLACE PUBLIC ADDRESS & SYNCHRONIZED CLOCK SYSTEM,Scope,Complete,3/19/2019,6/17/2019,6/12/2019,10642,7544,7544,DSF0000907014,10642.0,7544.0,7544.0,2019-03-19,2019-06-17,2019-06-12,0.7088893065213305,-5,90,2019,0,8,Bronx,4.027023254588704,0,0,0,0,0
8,X052,I.S. 302 - BRONX,SCA CIP,FLOOD ELIMINATION,Scope,Complete,9/26/2017,2/14/2018,9/12/2018,34335,86276,86276,DSF0000861535,34335.0,86276.0,86276.0,2017-09-26,2018-02-14,2018-09-12,2.51277122469783,210,141,2017,1,8,Bronx,4.535737051730224,0,0,0,0,0
8,X052,I.S. 302 - BRONX,SCA CIP RESOA,FY18 RESO A PLAYGROUNDS,Design,Complete,6/1/2018,10/17/2018,4/26/2019,54070,66518,64854,DSF0000867333,54070.0,66518.0,64854.0,2018-06-01,2018-10-17,2019-04-26,1.230220085074903,191,138,2018,1,8,Bronx,4.732956369575625,0,0,0,0,0
8,X052,I.S. 302 - BRONX,SCA CIP RESOA,FY20 RESO A IPDVS CAMERA INSTALLATION,Design,Complete,2/5/2020,7/30/2020,5/14/2020,27000,28222,28222,DSF0000913488,27000.0,28222.0,28222.0,2020-02-05,2020-07-30,2020-05-14,1.0452592592592593,-77,176,2020,0,8,Bronx,4.431363764158987,0,0,0,0,0
9,X053,P.S. 53 - BRONX,SCA CIP,EXTERIOR MASONRY / PARAPETS,Design,Complete,2/21/2018,7/23/2018,8/31/2018,451440,382544,381730,"DSF0000884191, DSF0000884190",451440.0,382544.0,381730.0,2018-02-21,2018-07-23,2018-08-31,0.8473861421229842,39,152,2018,0,9,Bronx,5.654600037261985,0,0,1,0,0
9,X053,P.S. 53 - BRONX,SCA CIP,EXTERIOR MASONRY / PARAPETS,Scope,Complete,10/26/2017,3/16/2018,2/8/2018,112860,158345,155775,"DSF0000884191, DSF0000884190",112860.0,158345.0,155775.0,2017-10-26,2018-03-16,2018-02-08,1.4030214424951266,-36,141,2017,1,9,Bronx,5.052540045934022,0,0,1,0,0
10,X054,P.S. 54 - BRONX,SCA CIP RESOA,FY18 RESO A AUDITORIUM UPGRADE,"CM,F&E",Complete,6/24/2019,3/23/2020,9/15/2020,48000,51779,25936,DSF0000866341,48000.0,51779.0,25936.0,2019-06-24,2020-03-23,2020-09-15,1.0787291666666667,176,273,2019,1,10,Bronx,4.681241237375588,0,0,0,0,0
10,X054,P.S. 54 - BRONX,SCA CIP RESOA,FY18 RESO A AUDITORIUM UPGRADE,Construction,Complete,6/24/2019,3/23/2020,9/15/2020,704000,516549,437303,DSF0000866341,704000.0,516549.0,437303.0,2019-06-24,2020-03-23,2020-09-15,0.733734375,176,273,2019,1,10,Bronx,5.847572659142112,0,0,0,0,0
10,X054,P.S. 54 - BRONX,SCA CIP RESOA,FY18 RESO A AUDITORIUM UPGRADE,Design,Complete,6/27/2018,11/29/2018,4/11/2019,48000,70760,63709,DSF0000866341,48000.0,70760.0,63709.0,2018-06-27,2018-11-29,2019-04-11,1.4741666666666666,133,155,2018,1,10,Bronx,4.681241237375588,0,0,0,0,0
10,X054,P.S. 54 - BRONX,SCA CIP RESOA,FY18 RESO A PLAYGROUNDS,Design,Complete,2/28/2018,7/13/2018,5/18/2018,31425,24530,22198,DSF0000867351,31425.0,24530.0,22198.0,2018-02-28,2018-07-13,2018-05-18,0.7805887032617342,-56,135,2018,0,10,Bronx,4.497275286357995,0,0,0,0,0
9,X055,P.S. 55 - BRONX,SCA CIP,MASONRY / WINDOWS / ROOFS / PARAPETS,Design,Complete,12/8/2015,7/29/2016,6/29/2016,949289,638597,621005,"DSF0000839646, DSF0000839645, DSF0000839643, DSF0000839644",949289.0,638597.0,621005.0,2015-12-08,2016-07-29,2016-06-29,0.6727108393755747,-30,234,2015,0,9,Bronx,5.977398448463259,0,0,1,0,0
9,X055,P.S. 55 - BRONX,SCA CIP,MASONRY / WINDOWS / ROOFS / PARAPETS,Scope,Complete,5/18/2015,11/19/2015,10/23/2015,237322,183724,183376,"DSF0000839646, DSF0000839645, DSF0000839643, DSF0000839644",237322.0,183724.0,183376.0,2015-05-18,2015-11-19,2015-10-23,0.7741549456013349,-27,185,2015,0,9,Bronx,5.375337999640571,0,0,1,0,0
12,X057,P.S. 57 - BRONX,SCA CIP,ELECTRICAL WORK FOR A/C INITIATIVE,Design,Complete,8/9/2019,1/14/2020,1/14/2020,20571,12751,12751,DSF0000912123,20571.0,12751.0,12751.0,2019-08-09,2020-01-14,2020-01-14,0.6198531913859316,0,158,2019,0,12,Bronx,4.313255404185037,1,0,0,0,0
9,X058,P.S. 58 - BRONX,SCA CIP,FLOOD ELIMINATION / FULL PROGRAM ACCESSIBILITY / EXTERIOR MASONRY / WINDOWS / ROOFS / PARAPETS,Design,Complete,1/3/2019,6/20/2019,5/17/2019,1120106,452610,310330,"DSF0000861625, DSF0000889385, DSF0000884273, DSF0000912156, DSF0000912157, DSF0000907120",1120106.0,452610.0,310330.0,2019-01-03,2019-06-20,2019-05-17,0.40407782834838846,-34,168,2019,0,9,Bronx,6.049259123595866,0,0,1,0,1
9,X058,P.S. 58 - BRONX,SCA CIP,ELECTRICAL WORK FOR A/C INITIATIVE / LL26 CODE COMPLIANCE/EXIT SIGN REPLACEMENT,Design,Complete,6/20/2019,11/21/2019,10/30/2019,20311,24244,24244,"DSF0000912124, DSF0000912606",20311.0,24244.0,24244.0,2019-06-20,2019-11-21,2019-10-30,1.1936389148737137,-22,154,2019,1,9,Bronx,4.307731306161607,1,0,0,0,0
9,X058,P.S. 58 - BRONX,SCA CIP,FLOOD ELIMINATION / FULL PROGRAM ACCESSIBILITY / EXTERIOR MASONRY / WINDOWS / ROOFS / PARAPETS,Scope,Complete,11/28/2017,12/11/2018,12/12/2018,283697,210755,208636,"DSF0000861625, DSF0000889385, DSF0000884273, DSF0000912156, DSF0000912157, DSF0000907120",283697.0,210755.0,208636.0,2017-11-28,2018-12-11,2018-12-12,0.7428876583115084,1,378,2017,0,9,Bronx,5.452854743302605,0,0,1,0,1
8,X060,THE LONGWOOD ACADEMY OF DISCOVERY - X,SCA CIP RESOA,FY18 RESO A PLAYGROUNDS,Design,Complete,5/31/2019,10/16/2019,1/3/2020,18750,26541,26541,DSF0000867334,18750.0,26541.0,26541.0,2019-05-31,2019-10-16,2020-01-03,1.41552,79,138,2019,1,8,Bronx,4.273001272063738,0,0,0,0,0
12,X061,P.S. 61 - BRONX,SCA CIP,FLOOD ELIMINATION / ROOFS / PARAPETS / EXTERIOR MASONRY,Design,Complete,2/15/2019,7/18/2019,5/17/2019,373090,340618,258477,"DSF0000884327, DSF0000884329, DSF0000884330, DSF0000884331",373090.0,340618.0,258477.0,2019-02-15,2019-07-18,2019-05-17,0.9129647002063845,-62,153,2019,0,12,Bronx,5.571813608721824,0,0,1,0,0
12,X061,P.S. 61 - BRONX,SCA CIP,FLOOD ELIMINATION / ROOFS / PARAPETS / EXTERIOR MASONRY,Scope,Complete,11/13/2018,4/2/2019,2/15/2019,95598,104750,104750,"DSF0000884327, DSF0000884329, DSF0000884330, DSF0000884331",95598.0,104750.0,104750.0,2018-11-13,2019-04-02,2019-02-15,1.0957342203811795,-46,140,2018,0,12,Bronx,4.9804488065224435,0,0,1,0,0
9,X063,P.S. 63 - BRONX,SCA CIP RESOA,FY18 RESO A AUDITORIUM UPGRADE / PATH OF TRAVEL RESO A AUDITORIUM UPGRADE,Design,Complete,12/10/2018,5/13/2019,5/14/2019,50700,62889,59525,"DSF0000866342, DSF0000912433",50700.0,62889.0,59525.0,2018-12-10,2019-05-13,2019-05-14,1.240414201183432,1,154,2018,1,9,Bronx,4.705007959333336,0,0,0,0,1
9,X064,THE WALTON AVENUE SCHOOL,SCA CIP,PARAPETS / FLOOD ELIMINATION / WINDOWS / EXTERIOR MASONRY / ROOFS,Scope,Complete,5/18/2020,11/13/2020,11/3/2020,174594,274668,159039,"DSF0000952964, DSF0000952961, DSF0000952965, DSF0000952966, DSF0001008582",174594.0,274668.0,159039.0,2020-05-18,2020-11-13,2020-11-03,1.5731812089762536,-10,179,2020,1,9,Bronx,5.242029314904115,0,0,1,0,0
7,X065,P.S. 65 - BRONX,SCA CIP RESOA,FY16 RESO A AUDITORIUM UPGRADE / EXTERIOR MASONRY / PARAPETS / ROOFING,Design,Complete,1/16/2019,6/18/2019,5/17/2019,370134,440067,432823,"DSF0000822351, DSF0000884419, DSF0000912407, DSF0000907260",370134.0,440067.0,432823.0,2019-01-16,2019-06-18,2019-05-17,1.1889396813046087,-32,153,2019,1,7,Bronx,5.568358980621108,0,0,1,0,0
7,X065,P.S. 65 - BRONX,SCA CIP RESOA,PATH OF TRAVEL RESO A AUDITORIUM,Design,Complete,1/21/2020,7/7/2020,6/9/2020,43458,43458,43458,DSF0000912915,43458.0,43458.0,43458.0,2020-01-21,2020-07-07,2020-06-09,1.0,-28,168,2020,0,7,Bronx,4.638069735584359,0,0,0,0,1
7,X065,P.S. 65 - BRONX,SCA CIP RESOA,PATH OF TRAVEL RESO A AUDITORIUM,Scope,Complete,8/5/2019,12/20/2019,12/10/2019,10864,10864,10864,DSF0000912915,10864.0,10864.0,10864.0,2019-08-05,2019-12-20,2019-12-10,1.0,-10,137,2019,0,7,Bronx,4.035989756936426,0,0,0,0,1
12,X067,P.S. 67 - BRONX,SCA CIP,ELECTRICAL WORK FOR A/C INITIATIVE / LL26 CODE COMPLIANCE/EXIT SIGN REPLACEMENT,Design,Complete,8/5/2019,1/8/2020,12/11/2019,20245,13306,13306,"DSF0000912128, DSF0000912922",20245.0,13306.0,13306.0,2019-08-05,2020-01-08,2019-12-11,0.6572487033835515,-28,156,2019,0,12,Bronx,4.306317781104433,1,0,0,0,0
12,X067,P.S. 67 - BRONX,SCA CIP,STH SBHC,Design,Complete,12/5/2018,5/29/2019,5/17/2019,162780,106297,91257,DSF0000890620,162780.0,106297.0,91257.0,2018-12-05,2019-05-29,2019-05-17,0.6530101978129992,-12,175,2018,0,12,Bronx,5.211601044145239,0,0,0,0,0
12,X067,P.S. 67 - BRONX,SCA CIP,FLOOD ELIMINATION / ROOFS / PARAPETS / WINDOWS / EXTERIOR MASONRY / TCU REMOVAL/PLAYGROUND REDEVELOPMENT / PAVED AREAS- CONCRETE / CAFETERIA FLOOR REPLACEMENT,Design,Complete,3/28/2019,8/12/2019,5/17/2019,1275345,593834,496220,"DSF0000884454, DSF0000884456, DSF0000884457, DSF0000884458, DSF0000884459, DSF0000911807, DSF0000912446, DSF0000912512",1275345.0,593834.0,496220.0,2019-03-28,2019-08-12,2019-05-17,0.4656261639007484,-87,137,2019,0,12,Bronx,6.105627683851212,0,0,1,0,0
12,X067,P.S. 67 - BRONX,SCA CIP,STH SBHC,Scope,Complete,9/7/2018,2/6/2019,11/26/2018,40695,25148,25148,DSF0000890620,40695.0,25148.0,25148.0,2018-09-07,2019-02-06,2018-11-26,0.6179628947045092,-72,152,2018,0,12,Bronx,4.609541052817278,0,0,0,0,0
12,X067,P.S. 67 - BRONX,SCA CIP,FLOOD ELIMINATION / ROOFS / PARAPETS / WINDOWS / EXTERIOR MASONRY / TCU REMOVAL/PLAYGROUND REDEVELOPMENT / PAVED AREAS- CONCRETE / CAFETERIA FLOOR REPLACEMENT,Scope,Complete,10/10/2018,5/13/2019,3/28/2019,319702,250847,227932,"DSF0000884454, DSF0000884456, DSF0000884457, DSF0000884458, DSF0000884459, DSF0000911807, DSF0000912446, DSF0000912512",319702.0,250847.0,227932.0,2018-10-10,2019-05-13,2019-03-28,0.784627559414705,-46,215,2018,0,12,Bronx,5.504745353150784,0,0,1,0,0
11,X068,P.S. 68 - BRONX,SCA CIP,FACADE/MASONRY / ROOFS / PARAPETS,Design,Complete,2/5/2020,7/7/2020,6/30/2020,280057,274381,260380,"DSF0000912612, DSF0000953049, DSF0000960795",280057.0,274381.0,260380.0,2020-02-05,2020-07-07,2020-06-30,0.979732697272341,-7,153,2020,0,11,Bronx,5.447246432292673,0,0,1,0,0
11,X068,P.S. 68 - BRONX,SCA CIP,FACADE/MASONRY / ROOFS / PARAPETS,Scope,Complete,7/29/2019,12/13/2019,1/23/2020,56011,98932,98932,"DSF0000912612, DSF0000953049, DSF0000960795",56011.0,98932.0,98932.0,2019-07-29,2019-12-13,2020-01-23,1.7662959061612897,41,137,2019,1,11,Bronx,4.748273326473508,0,0,1,0,0
8,X069,P.S. 69 - BRONX,SCA CIP,WINDOWS / EXTERIOR MASONRY,Scope,Complete,6/19/2019,11/4/2019,11/1/2019,10252,11175,7109,"SCA0000057329, DSF0000960627",10252.0,11175.0,7109.0,2019-06-19,2019-11-04,2019-11-01,1.0900312134217713,-3,138,2019,0,8,Bronx,4.010808597512207,0,0,1,0,0
8,X071,P.S. 71 - BRONX,SCA CIP,ELECTRICAL WORK FOR A/C INITIATIVE / LL26 CODE COMPLIANCE/EXIT SIGN REPLACEMENT,Design,Complete,7/8/2019,12/9/2019,12/3/2019,28065,7158,7158,"DSF0000912039, DSF0000912774",28065.0,7158.0,7158.0,2019-07-08,2019-12-09,2019-12-03,0.25505077498663814,-6,154,2019,0,8,Bronx,4.448165046555691,1,0,0,0,0
8,X071,P.S. 71 - BRONX,SCA CIP,TCU REMOVAL/PLAYGROUND REDEVELOPMENT,Scope,Complete,7/29/2019,10/28/2019,10/29/2019,31506,72641,72641,DSF0000912613,31506.0,72641.0,72641.0,2019-07-29,2019-10-28,2019-10-29,2.305624325525297,1,91,2019,1,8,Bronx,4.498393268670701,0,0,0,0,0
8,X071,P.S. 71 - BRONX,SCA CIP RESOA,FY17 RESO A AUDITORIUM UPGRADE,Design,Complete,7/29/2019,12/31/2019,12/30/2019,42000,56224,56224,DSF0000844951,42000.0,56224.0,56224.0,2019-07-29,2019-12-31,2019-12-30,1.3386666666666667,-1,155,2019,1,8,Bronx,4.623249290397901,0,0,0,0,0
9,X073,P.S. 73 - BRONX,SCA CIP,ELECTRICAL WORK FOR A/C INITIATIVE,Design,Complete,6/24/2019,11/25/2019,9/18/2019,15300,11588,11588,DSF0000912129,15300.0,11588.0,11588.0,2019-06-24,2019-11-25,2019-09-18,0.7573856209150327,-68,154,2019,0,9,Bronx,4.184691430817598,1,0,0,0,0
8,X074,I.S. 424 - BRONX,SCA CIP,FLOOD ELIMINATION / ROOFS / PARAPETS / EXTERIOR MASONRY,Scope,Complete,10/19/2018,3/11/2019,10/3/2019,180222,156895,156894,"DSF0000884587, DSF0000884588, DSF0000884589, DSF0000884590",180222.0,156895.0,156894.0,2018-10-19,2019-03-11,2019-10-03,0.8705651918189788,206,143,2018,1,8,Bronx,5.255807804930573,0,0,1,0,0
8,X075,P.S. 75 - BRONX,SCA CIP,ROOFS / PARAPETS / EXTERIOR MASONRY / FLOOD ELIMINATION / WINDOWS,Design,Complete,8/7/2019,1/15/2020,6/30/2020,1439074,821626,741132,"DSF0000961194, DSF0000907450, DSF0000907451, DSF0000907447, DSF0000912919",1439074.0,821626.0,741132.0,2019-08-07,2020-01-15,2020-06-30,0.5709407577372672,167,161,2019,1,8,Bronx,6.158083126782577,0,0,1,0,0
8,X075,P.S. 75 - BRONX,SCA CIP,ROOFS / PARAPETS / EXTERIOR MASONRY / FLOOD ELIMINATION / WINDOWS,Scope,Complete,10/24/2018,2/22/2019,4/8/2019,287815,321163,316187,"DSF0000961194, DSF0000907450, DSF0000907451, DSF0000907447, DSF0000912919",287815.0,321163.0,316187.0,2018-10-24,2019-02-22,2019-04-08,1.1158660945398955,45,121,2018,1,8,Bronx,5.459113424233909,0,0,1,0,0
8,X075,P.S. 75 - BRONX,SCA CIP RESOA,FY19 RESO A SUPPLEMENTAL COOLING,Design,Complete,12/3/2018,4/29/2019,3/8/2019,45000,47350,46678,DSF0000890952,45000.0,47350.0,46678.0,2018-12-03,2019-04-29,2019-03-08,1.0522222222222222,-52,147,2018,0,8,Bronx,4.653212513775344,0,0,0,0,0
11,X076,P.S. 76 - BRONX,SCA CIP,ROOFS / FLOOD ELIMINATION / PARAPETS / EXTERIOR MASONRY,Design,Complete,9/19/2018,2/25/2019,2/20/2019,307857,334774,334746,"DSF0000888834, DSF0000884629, DSF0000891025, DSF0000891026",307857.0,334774.0,334746.0,2018-09-19,2019-02-25,2019-02-20,1.087433451245221,-5,159,2018,0,11,Bronx,5.488349032953685,0,0,1,0,0
11,X076,P.S. 76 - BRONX,SCA CIP,ROOFS / FLOOD ELIMINATION / PARAPETS / EXTERIOR MASONRY,Scope,Complete,5/2/2018,9/17/2018,8/10/2018,80834,168907,159845,"DSF0000888834, DSF0000884629, DSF0000891025, DSF0000891026",80834.0,168907.0,159845.0,2018-05-02,2018-09-17,2018-08-10,2.089553900586387,-38,138,2018,1,11,Bronx,4.90759407001401,0,0,1,0,0
12,X077,P.S. 195 - BRONX,SCA Capacity,ADDITION,Design,Complete,9/25/2019,4/2/2020,5/21/2020,7862120,1406755,1339351,DSF0000798238,7862120.0,1406755.0,1339351.0,2019-09-25,2020-04-02,2020-05-21,0.17892820257131664,49,190,2019,0,12,Bronx,6.8955396681968795,0,0,0,0,0
12,X077,P.S. 195 - BRONX,SCA Capacity,ADDITION,Scope,Complete,4/25/2019,9/24/2019,9/24/2019,1747138,1032600,984877,DSF0000798238,1747138.0,1032600.0,984877.0,2019-04-25,2019-09-24,2019-09-24,0.5910237199351167,0,152,2019,0,12,Bronx,6.242327209660385,0,0,0,0,0
12,X077,P.S. 195 - BRONX,SCA CIP,DEMOLITION,Design,Complete,9/25/2019,4/2/2020,5/21/2020,74094,195336,195336,DSF0000798238,74094.0,195336.0,195336.0,2019-09-25,2020-04-02,2020-05-21,2.6363268280832455,49,190,2019,1,12,Bronx,4.869783041010452,0,0,0,0,0
12,X077,P.S. 196 - BRONX,SCA CIP,(PHASE II) EXISTING SCHOOL RENOVATION WORK,Design,Complete,2/5/2020,5/15/2020,8/17/2020,312189,294430,147449,DSF0000798238,312189.0,294430.0,147449.0,2020-02-05,2020-05-15,2020-08-17,0.9431145876376169,94,100,2020,1,12,Bronx,5.494417596601276,0,0,0,0,0
12,X077,P.S. 195 - BRONX,SCA CIP,DEMOLITION,Scope,Complete,11/26/2019,11/26/2019,11/26/2019,14819,136706,136706,DSF0000798238,14819.0,136706.0,136706.0,2019-11-26,2019-11-26,2019-11-26,9.225048923679061,0,0,2019,1,12,Bronx,4.1708188980336685,0,0,0,0,0
12,X077,P.S. 196 - BRONX,SCA CIP,(PHASE II) EXISTING SCHOOL RENOVATION WORK,Scope,Complete,2/5/2020,2/5/2020,2/5/2020,62438,196092,196092,DSF0000798238,62438.0,196092.0,196092.0,2020-02-05,2020-02-05,2020-02-05,3.1405874627630608,0,0,2020,1,12,Bronx,4.7954489833898215,0,0,0,0,0
11,X078,P.S. 78 - BRONX,SCA CIP,FLOOD ELIMINATION / EXTERIOR MASONRY / PARAPETS,Design,Complete,3/28/2018,8/27/2018,12/5/2018,732612,376070,310824,"DSF0000840069, DSF0000884673, DSF0000888963",732612.0,376070.0,310824.0,2018-03-28,2018-08-27,2018-12-05,0.5133276550206658,100,152,2018,1,11,Bronx,5.864874028020992,0,0,1,0,0
11,X078,P.S. 78 - BRONX,SCA CIP,FLOOD ELIMINATION / EXTERIOR MASONRY / PARAPETS,Scope,Complete,6/21/2016,11/4/2016,12/15/2017,184942,213076,200563,"DSF0000840069, DSF0000884673, DSF0000888963",184942.0,213076.0,200563.0,2016-06-21,2016-11-04,2017-12-15,1.1521233684073926,406,136,2016,1,11,Bronx,5.267035549866072,0,0,1,0,0
10,X079,I.S. 447 - BRONX,SCA CIP RESOA,FY19 RESO A IPDVS CAMERA INSTALLATION,Design,Complete,9/5/2019,3/5/2020,3/10/2020,30900,11846,11846,DSF0000890982,30900.0,11846.0,11846.0,2019-09-05,2020-03-05,2020-03-10,0.38336569579288027,5,182,2019,0,10,Bronx,4.489958479424835,0,0,0,0,0
10,X081,P.S. 81 - BRONX,SCA CIP,WATER INFILTRATION,Design,Complete,1/24/2019,6/25/2019,5/17/2019,268020,186714,148651,DSF0000889293,268020.0,186714.0,148651.0,2019-01-24,2019-06-25,2019-05-17,0.6966420416386837,-39,152,2019,0,10,Bronx,5.428167202855482,0,0,0,0,0
10,X081,P.S. 81 - BRONX,SCA CIP,WATER INFILTRATION,Scope,Complete,6/12/2018,10/26/2018,1/24/2019,67005,144906,144271,DSF0000889293,67005.0,144906.0,144271.0,2018-06-12,2018-10-26,2019-01-24,2.1626147302440115,90,136,2018,1,10,Bronx,4.826107211527519,0,0,0,0,0
10,X081,P.S. 81 - BRONX,SCA CIP RESOA,FY20 RESO A IPDVS CAMERA INSTALLATION,Design,Complete,2/5/2020,7/30/2020,5/14/2020,24000,25230,25230,DSF0000913497,24000.0,25230.0,25230.0,2020-02-05,2020-07-30,2020-05-14,1.05125,-77,176,2020,0,10,Bronx,4.380211241711606,0,0,0,0,0
9,X082,I.S. 232 - BRONX,SCA CIP,ROOFS / PARAPETS / EXTERIOR MASONRY,Design,Complete,5/16/2018,10/17/2018,12/17/2018,836518,575680,501190,"DSF0000862088, DSF0000889084, DSF0000884745",836518.0,575680.0,501190.0,2018-05-16,2018-10-17,2018-12-17,0.6881860282743467,61,154,2018,0,9,Bronx,5.922475290446732,0,0,1,0,0
9,X082,I.S. 232 - BRONX,SCA CIP,IPDVS CAMERA INSTALLATION,Design,Complete,6/19/2020,12/16/2020,12/9/2020,20652,11436,11436,DSF0000960752,20652.0,11436.0,11436.0,2020-06-19,2020-12-16,2020-12-09,0.5537478210342824,-7,180,2020,0,9,Bronx,4.3149621163751855,0,0,0,0,0
9,X082,I.S. 232 - BRONX,SCA CIP,ROOFS / PARAPETS / EXTERIOR MASONRY,Scope,Complete,10/11/2017,3/1/2018,3/20/2018,210563,158437,137983,"DSF0000862088, DSF0000889084, DSF0000884745",210563.0,158437.0,137983.0,2017-10-11,2018-03-01,2018-03-20,0.752444636522086,19,141,2017,0,9,Bronx,5.323382059596115,0,0,1,0,0
11,X083,P.S. 83 - BRONX,SCA CIP RESOA,FY19 RESO A GYMNASIUM UPGRADE,Design,Complete,8/6/2019,12/23/2019,6/30/2020,24000,37188,26982,DSF0000890722,24000.0,37188.0,26982.0,2019-08-06,2019-12-23,2020-06-30,1.5495,190,139,2019,1,11,Bronx,4.380211241711606,0,0,0,0,0
12,X084,X811 SPED - BRONX,SCA CIP,PARTIAL ACCESSIBILITY,"CM,F&E",Complete,8/12/2019,5/7/2020,10/20/2020,139790,181350,177559,DSF0000867087,139790.0,181350.0,177559.0,2019-08-12,2020-05-07,2020-10-20,1.297303097503398,166,269,2019,1,12,Bronx,5.14547610488496,0,0,0,0,1
12,X084,X811 SPED - BRONX,SCA CIP,PARTIAL ACCESSIBILITY,Construction,Complete,8/12/2019,5/7/2020,10/20/2020,2246625,2269650,1853336,DSF0000867087,2246625.0,2269650.0,1853336.0,2019-08-12,2020-05-07,2020-10-20,1.0102487063929226,166,269,2019,1,12,Bronx,6.351530587318084,0,0,0,0,1
12,X084,X811 SPED - BRONX,SCA CIP,PARTIAL ACCESSIBILITY,Design,Complete,4/11/2018,9/26/2018,5/17/2019,119820,77221,70475,DSF0000867087,119820.0,77221.0,70475.0,2018-04-11,2018-09-26,2019-05-17,0.6444750459021866,233,168,2018,1,12,Bronx,5.078529315254346,0,0,0,0,1
12,X084,X811 SPED - BRONX,SCA CIP,PARTIAL ACCESSIBILITY,Scope,Complete,11/16/2017,4/5/2018,4/3/2018,29955,19116,19116,DSF0000867087,29955.0,19116.0,19116.0,2017-11-16,2018-04-05,2018-04-03,0.6381572358537807,-2,140,2017,0,12,Bronx,4.476469323926384,0,0,0,0,1
10,X085,P.S. 85 - BRONX,SCA CIP,EXTERIOR MASONRY / PARAPETS / ROOFS / SECURITY LIGHTING / FLOOD ELIMINATION / CAFETERIA CEILING REPLACEMENT,Design,Complete,4/1/2015,8/31/2015,10/9/2015,731714,679224,612239,"DSF0000795070, DSF0000795069, DSF0000795068, DSF0000821925, DSF0000795066, DSF0000907656",731714.0,679224.0,612239.0,2015-04-01,2015-08-31,2015-10-09,0.928264321852527,39,152,2015,0,10,Bronx,5.864341364538081,1,0,1,1,0
10,X085,P.S. 85 - BRONX,SCA CIP,EXTERIOR MASONRY / PARAPETS / ROOFS / SECURITY LIGHTING / FLOOD ELIMINATION / CAFETERIA CEILING REPLACEMENT,Scope,Complete,7/15/2014,12/1/2014,11/21/2014,188493,139223,139205,"DSF0000795070, DSF0000795069, DSF0000795068, DSF0000821925, DSF0000795066, DSF0000907656",188493.0,139223.0,139205.0,2014-07-15,2014-12-01,2014-11-21,0.7386109829012218,-10,139,2014,0,10,Bronx,5.2752952265958095,1,0,1,1,0
11,X087,P.S. 87 - BRONX,SCA Capacity,ADDITION,Design,Complete,9/23/2019,3/30/2020,6/30/2020,4659669,1001682,953826,DSF0000889274,4659669.0,1001682.0,953826.0,2019-09-23,2020-03-30,2020-06-30,0.2149684881050564,92,189,2019,1,11,Bronx,6.668355067638694,0,0,0,0,0
11,X087,P.S. 87 - BRONX,SCA Capacity,ADDITION,Scope,Complete,4/30/2019,9/20/2019,9/20/2019,1035482,743722,722838,DSF0000889274,1035482.0,743722.0,722838.0,2019-04-30,2019-09-20,2019-09-20,0.7182374971269418,0,143,2019,0,11,Bronx,6.01514255386335,0,0,0,0,0
11,X087,P.S. 87 - BRONX,SCA CIP,DEMOLITION,Design,Complete,8/19/2019,11/1/2019,1/15/2020,111763,8260,8260,DSF0000889274,111763.0,8260.0,8260.0,2019-08-19,2019-11-01,2020-01-15,0.0739063912028131,75,74,2019,0,11,Bronx,5.048298050818717,0,0,0,0,0
11,X087,P.S. 87 - BRONX,SCA CIP,DEMOLITION,Scope,Complete,8/19/2019,8/19/2019,8/19/2019,22353,2065,2065,DSF0000889274,22353.0,2065.0,2065.0,2019-08-19,2019-08-19,2019-08-19,0.0923813358385899,0,0,2019,0,11,Bronx,4.349335818117248,0,0,0,0,0
9,X088,P.S. 88 - BRONX,SCA CIP,ELECTRICAL WORK FOR A/C INITIATIVE / LL26 CODE COMPLIANCE/EXIT SIGN REPLACEMENT,Design,Complete,9/3/2019,2/6/2020,1/31/2020,13056,7117,7117,"DSF0000912743, DSF0000914242",13056.0,7117.0,7117.0,2019-09-03,2020-02-06,2020-01-31,0.5451133578431373,-6,156,2019,0,9,Bronx,4.115810141409786,1,0,0,0,0
9,X088,P.S. 88 - BRONX,SCA CIP RESOA,FY20 RESO A AUDITORIUM UPGRADE,Design,Complete,2/28/2020,8/13/2020,5/14/2020,18000,11560,11560,DSF0000913500,18000.0,11560.0,11560.0,2020-02-28,2020-08-13,2020-05-14,0.6422222222222222,-91,167,2020,0,9,Bronx,4.2552725051033065,0,0,0,0,0
9,X090,THE FAMILY SCHOOL - BRONX,SCA CIP,ELECTRICAL WORK FOR A/C INITIATIVE,Design,Complete,7/24/2019,12/26/2019,12/30/2019,11418,4091,4091,DSF0000912132,11418.0,4091.0,4091.0,2019-07-24,2019-12-26,2019-12-30,0.3582939218777369,4,155,2019,0,9,Bronx,4.057590038670664,1,0,0,0,0
10,X091,P.S. 91 - BRONX,SCA CIP,ELECTRICAL WORK FOR A/C INITIATIVE,Design,Complete,8/20/2019,1/24/2020,1/15/2020,20427,9815,9815,DSF0000912766,20427.0,9815.0,9815.0,2019-08-20,2020-01-24,2020-01-15,0.4804915063396485,-9,157,2019,0,10,Bronx,4.310204588898006,1,0,0,0,0
10,X091,P.S. 91 - BRONX,SCA CIP RESOA,FY19 RESO A AUDITORIUM UPGRADE / PATH OF TRAVEL RESO A AUDITORIUM,Design,Complete,11/13/2019,2/13/2020,2/7/2020,114000,13654,13654,"DSF0000890953, DSF0000912624",114000.0,13654.0,13654.0,2019-11-13,2020-02-13,2020-02-07,0.1197719298245614,-6,92,2019,0,10,Bronx,5.056904851336473,0,0,0,0,1
10,X095,P.S. 344 - BRONX,SCA CIP RESOA,FY19 RESO A PLAYGROUND,Design,Complete,1/7/2019,5/22/2019,5/15/2019,30000,39972,13582,DSF0000890975,30000.0,39972.0,13582.0,2019-01-07,2019-05-22,2019-05-15,1.3324,-7,135,2019,1,10,Bronx,4.477121254719663,0,0,0,0,0
11,X097,P.S. 97 - BRONX,SCA Capacity,ADDITION,Design,Complete,7/31/2017,2/12/2018,3/9/2018,4556400,3054532,2184013,DSF0000798178,4556400.0,3054532.0,2184013.0,2017-07-31,2018-02-12,2018-03-09,0.6703827583179703,25,196,2017,0,11,Bronx,6.658621843187422,0,0,0,0,0
11,X097,P.S. 97 - BRONX,SCA Capacity,ADDITION,Scope,Complete,2/9/2017,7/3/2017,7/28/2017,1423875,871461,871108,DSF0000798178,1423875.0,871461.0,871108.0,2017-02-09,2017-07-03,2017-07-28,0.6120347642875955,25,144,2017,0,11,Bronx,6.153471864867516,0,0,0,0,0
12,X099,METROPOLITAN HS - BRONX,SCA CIP,WATER INFILTRATION / EXTERIOR MASONRY / PARAPETS,Scope,Complete,6/14/2019,10/30/2019,11/20/2019,21349,5250,5250,"DSF0000911189, DSF0000957572, DSF0000960881",21349.0,5250.0,5250.0,2019-06-14,2019-10-30,2019-11-20,0.2459131575249426,21,138,2019,0,12,Bronx,4.329377537222727,0,0,1,0,0
8,X101,I.S. 101 - BRONX,SCA CIP,WINDOW SILL ISSUE / ROOFS,Design,Complete,9/19/2018,2/25/2019,3/18/2019,380582,363696,360998,"DSF0000907906, DSF0000885074",380582.0,363696.0,360998.0,2018-09-19,2019-02-25,2019-03-18,0.9556311123489813,21,159,2018,0,8,Bronx,5.580448244052066,0,0,1,0,0
8,X101,P.S. 304 - BRONX,SCA CIP,PLANYC BOILER CONVERSION / PLANYC CLIMATE CONTROL,Design,Complete,7/14/2017,12/15/2017,1/12/2018,397800,338941,321616,"DSF0000798384, DSF0000795357",397800.0,338941.0,321616.0,2017-07-14,2017-12-15,2018-01-12,0.8520387129210658,28,154,2017,0,8,Bronx,5.599664778788417,0,1,0,0,0
8,X101,P.S. 304 - BRONX,SCA CIP,PLANYC BOILER CONVERSION / PLANYC CLIMATE CONTROL,Scope,Complete,5/15/2017,10/16/2017,7/7/2017,99450,104529,104529,"DSF0000798384, DSF0000795357",99450.0,104529.0,104529.0,2017-05-15,2017-10-16,2017-07-07,1.0510708898944192,-101,154,2017,0,8,Bronx,4.997604787460454,0,1,0,0,0
8,X101,I.S. 101 - BRONX,SCA CIP,WINDOW SILL ISSUE / ROOFS,Scope,Complete,11/30/2017,3/20/2018,6/29/2018,95145,101558,101225,"DSF0000907906, DSF0000885074",95145.0,101558.0,101225.0,2017-11-30,2018-03-20,2018-06-29,1.0674023858321509,101,110,2017,1,8,Bronx,4.978385970453145,0,0,1,0,0
11,X103,P.S. 103 - BRONX,SCA CIP,ELECTRICAL WORK FOR A/C INITIATIVE,Design,Complete,8/27/2019,1/31/2020,1/22/2020,34110,10534,10534,DSF0000912767,34110.0,10534.0,10534.0,2019-08-27,2020-01-31,2020-01-22,0.3088243916739959,-9,157,2019,0,11,Bronx,4.532881719407397,1,0,0,0,0
11,X103,P.S. 103 - BRONX,SCA CIP,PARAPET / EXTERIOR MASONRY / FLOOD ELIMINATION,Design,Complete,1/8/2018,6/8/2018,5/14/2018,379920,263870,262102,"DSF0000885117, DSF0000885118, DSF0000885114",379920.0,263870.0,262102.0,2018-01-08,2018-06-08,2018-05-14,0.6945409559907348,-25,151,2018,0,11,Bronx,5.579692156573962,0,0,1,0,0
11,X103,P.S. 103 - BRONX,SCA CIP,PARAPET / EXTERIOR MASONRY / FLOOD ELIMINATION,Scope,Complete,5/9/2017,11/9/2017,12/18/2017,94979,163919,161721,"DSF0000885117, DSF0000885118, DSF0000885114",94979.0,163919.0,161721.0,2017-05-09,2017-11-09,2017-12-18,1.7258446603986144,39,184,2017,1,11,Bronx,4.977627592738439,0,0,1,0,0
9,X104,P.S. 199 - BRONX,SCA CIP,ELECTRICAL WORK FOR A/C INITIATIVE,Design,Complete,9/4/2019,2/7/2020,2/4/2020,22322,5683,5683,DSF0000912134,22322.0,5683.0,5683.0,2019-09-04,2020-02-07,2020-02-04,0.25459188244780934,-3,156,2019,0,9,Bronx,4.348733103798286,1,0,0,0,0
11,X108,P.S. 108 - BRONX,SCA Capacity,ADDITION,Scope,Complete,7/1/2019,12/2/2019,1/16/2020,886833,836527,747546,DSF0000911831,886833.0,836527.0,747546.0,2019-07-01,2019-12-02,2020-01-16,0.9432745511274389,45,154,2019,0,11,Bronx,5.94784184530313,0,0,0,0,0
11,X108,P.S. 108 - BRONX,SCA CIP,DEMOLITION,Scope,Complete,12/19/2019,12/19/2019,12/19/2019,15450,1015,1015,DSF0000911831,15450.0,1015.0,1015.0,2019-12-19,2019-12-19,2019-12-19,0.0656957928802589,0,0,2019,0,11,Bronx,4.188928483760853,0,0,0,0,0
9,X109,P.S. 109 - BRONX,SCA CIP,ELECTRICAL WORK FOR A/C INITIATIVE,Design,Complete,6/24/2019,11/25/2019,12/3/2019,54636,11164,11164,DSF0000911985,54636.0,11164.0,11164.0,2019-06-24,2019-11-25,2019-12-03,0.2043341386631525,8,154,2019,0,9,Bronx,4.737478896355815,1,0,0,0,0
9,X109,P.S. 109 - BRONX,SCA CIP,ELECTRICAL WORK FOR A/C INITIATIVE,Scope,Complete,6/3/2019,10/2/2019,6/24/2019,12141,2784,2784,DSF0000911985,12141.0,2784.0,2784.0,2019-06-03,2019-10-02,2019-06-24,0.2293056585124784,-100,121,2019,0,9,Bronx,4.0842544591112295,1,0,0,0,0
9,X109,P.S. 109 - BRONX,SCA CIP RESOA,FY18 RESO A AUDITORIUM  UPGRADE,Design,Complete,8/7/2019,1/9/2020,6/17/2020,44520,44912,43911,DSF0000866340,44520.0,44912.0,43911.0,2019-08-07,2020-01-09,2020-06-17,1.0088050314465409,160,155,2019,1,9,Bronx,4.64855515566267,0,0,0,0,0
9,X110,P.S. 110 - BRONX,SCA CIP,PLANYC CLIMATE CONTROL / PLANYC BOILER CONVERSION,Scope,Complete,7/9/2020,12/10/2020,9/25/2020,68131,49740,49740,"DSF0000951090, DSF0000960979",68131.0,49740.0,49740.0,2020-07-09,2020-12-10,2020-09-25,0.730064141139863,-76,154,2020,0,9,Bronx,4.833344763389635,0,1,0,0,0
11,X111,P.S. 111 - BRONX,SCA CIP,PLANYC CLIMATE CONTROL / PLANYC BOILER CONVERSION,Design,Complete,4/2/2020,9/1/2020,8/12/2020,386811,211221,168471,"DSF0000960651, DSF0000798407",386811.0,211221.0,168471.0,2020-04-02,2020-09-01,2020-08-12,0.5460573768584658,-20,152,2020,0,11,Bronx,5.587498815905725,0,1,0,0,0
11,X111,P.S. 111 - BRONX,SCA CIP,ELECTRICAL WORK FOR A/C INITIATIVE,Design,Complete,6/4/2019,11/4/2019,10/9/2019,25344,7312,7312,DSF0000911987,25344.0,7312.0,7312.0,2019-06-04,2019-11-04,2019-10-09,0.288510101010101,-26,153,2019,0,11,Bronx,4.4038751599094,1,0,0,0,0
11,X111,P.S. 111 - BRONX,SCA CIP,PLANYC CLIMATE CONTROL / PLANYC BOILER CONVERSION,Scope,Complete,2/11/2020,7/13/2020,3/25/2020,77362,43795,43795,"DSF0000960651, DSF0000798407",77362.0,43795.0,43795.0,2020-02-11,2020-07-13,2020-03-25,0.5661048059770947,-110,153,2020,0,11,Bronx,4.888527688811968,0,1,0,0,0
11,X113,SCHOOL OF DIPLOMACY,SCA CIP,FLOOD ELIMINATION / ROOFS / PARAPETS / WINDOWS / EXTERIOR MASONRY,Scope,Complete,5/22/2020,11/19/2020,10/21/2020,270686,234129,115460,"DSF0000953838, DSF0000953840, DSF0000953841, DSF0000953842, DSF0000953843",270686.0,234129.0,115460.0,2020-05-22,2020-11-19,2020-10-21,0.8649468387726,-29,181,2020,0,11,Bronx,5.432465794448094,0,0,1,0,0
11,X113,NORTH BRONX SCHOOL OF EMPOWERMENT,SCA CIP RESOA,FY16 RESO A MUSIC ROOM UPGRADE,Design,Complete,5/1/2017,9/20/2017,8/15/2017,38773,53835,45282,DSF0000844109,38773.0,53835.0,45282.0,2017-05-01,2017-09-20,2017-08-15,1.3884662007066773,-36,142,2017,1,11,Bronx,4.588529405160941,0,0,0,0,0
9,X114,P.S. 114 - BRONX,SCA CIP,PLANYC BOILER CONVERSION / PLANYC CLIMATE CONTROL,Design,Complete,11/30/2018,5/3/2019,4/12/2019,399000,273157,272845,"DSF0000798352, DSF0000795596",399000.0,273157.0,272845.0,2018-11-30,2019-05-03,2019-04-12,0.6846040100250627,-21,154,2018,0,9,Bronx,5.600972895686748,0,1,0,0,0
9,X114,P.S. 114 - BRONX,SCA CIP,FLOOD ELIMINATION / ROOFS / EXTERIOR MASONRY / WINDOWS,Scope,Complete,5/26/2020,11/20/2020,9/25/2020,92575,169089,83002,"DSF0000953858, DSF0000953860, DSF0000953861, DSF0001007718",92575.0,169089.0,83002.0,2020-05-26,2020-11-20,2020-09-25,1.8265082365649474,-56,178,2020,1,9,Bronx,4.9664937207214805,0,0,1,0,0
9,X114,P.S. 114 - BRONX,SCA CIP,PLANYC BOILER CONVERSION / PLANYC CLIMATE CONTROL,Scope,Complete,9/28/2018,3/6/2019,11/15/2018,99750,61611,61611,"DSF0000798352, DSF0000795596",99750.0,61611.0,61611.0,2018-09-28,2019-03-06,2018-11-15,0.6176541353383459,-111,159,2018,0,9,Bronx,4.998912904358786,0,1,0,0,0
10,X115,I.S. 459 - BRONX,SCA CIP,AUDITORIUM LIGHTING REPLACEMENT,Design,Complete,7/9/2019,12/10/2019,3/13/2020,40314,55516,46411,DSF0000885344,40314.0,55516.0,46411.0,2019-07-09,2019-12-10,2020-03-13,1.3770898447189561,94,154,2019,1,10,Bronx,4.605455891473379,1,0,0,0,0
12,X116,I.S. 217 - BRONX,SCA CIP RESOA,FY19 RESO A AUDITORIUM UPGRADE,Design,Complete,6/17/2019,11/18/2019,3/6/2020,48000,46902,45859,DSF0000890726,48000.0,46902.0,45859.0,2019-06-17,2019-11-18,2020-03-06,0.977125,109,154,2019,1,12,Bronx,4.681241237375588,0,0,0,0,0
10,X118,I.S. 118 - BRONX,SCA CIP,CAST PANELS / FLOOD ELIMINATION / PARAPETS / ROOFS,Design,Complete,11/28/2018,5/1/2019,4/30/2019,1052460,605458,515116,"DSF0000908219, DSF0000908215, DSF0000908218, DSF0000908217",1052460.0,605458.0,515116.0,2018-11-28,2019-05-01,2019-04-30,0.5752788704558843,-1,154,2018,0,10,Bronx,6.02220559894059,0,0,1,0,0
10,X118,I.S. 118 - BRONX,SCA CIP,IPDVS CAMERA INSTALLATION,Design,Complete,5/6/2020,10/30/2020,11/3/2020,20704,16087,16087,DSF0000960754,20704.0,16087.0,16087.0,2020-05-06,2020-10-30,2020-11-03,0.7769996136012365,4,177,2020,0,10,Bronx,4.316054258988606,0,0,0,0,0
10,X118,I.S. 118 - BRONX,SCA CIP,ELECTRICAL WORK FOR A/C INITIATIVE,Design,Complete,5/6/2019,10/4/2019,10/23/2019,77962,20375,20375,DSF0000911988,77962.0,20375.0,20375.0,2019-05-06,2019-10-04,2019-10-23,0.2613452707729407,19,151,2019,0,10,Bronx,4.891882971772194,1,0,0,0,0
10,X118,I.S. 118 - BRONX,SCA CIP,ELECTRICAL WORK FOR A/C INITIATIVE,Scope,Complete,4/2/2019,8/1/2019,5/6/2019,17325,5094,5094,DSF0000911988,17325.0,5094.0,5094.0,2019-04-02,2019-08-01,2019-05-06,0.294025974025974,-87,121,2019,0,10,Bronx,4.238673243283844,1,0,0,0,0
10,X118,I.S. 118 - BRONX,SCA CIP,CAST PANELS / FLOOD ELIMINATION / PARAPETS / ROOFS,Scope,Complete,3/29/2018,7/30/2018,10/16/2018,263115,240021,237793,"DSF0000908219, DSF0000908215, DSF0000908218, DSF0000908217",263115.0,240021.0,237793.0,2018-03-29,2018-07-30,2018-10-16,0.9122284932443988,78,123,2018,0,10,Bronx,5.4201456076126275,0,0,1,0,0
10,X118,I.S. 118 - BRONX,SCA CIP RESOA,FY19 RESO A AUDITORIUM UPGRADE,Design,Complete,5/22/2019,10/23/2019,10/24/2019,43647,52802,43296,DSF0000890959,43647.0,52802.0,43296.0,2019-05-22,2019-10-23,2019-10-24,1.2097509565376772,1,154,2019,1,10,Bronx,4.639954398597823,0,0,0,0,0
8,X119,P.S. 119 - BRONX,SCA CIP,FLOOD ELIMINATION / PARAPETS,Design,Complete,3/16/2018,8/15/2018,10/17/2018,58847,57391,55945,"DSF0000862747, DSF0000885410",58847.0,57391.0,55945.0,2018-03-16,2018-08-15,2018-10-17,0.9752578721090285,63,152,2018,0,8,Bronx,4.769724327559141,0,0,1,0,0
8,X119,P.S. 119 - BRONX,SCA CIP,TCU REMOVAL/PLAYGROUND REDEVELOPMENT,Design,Complete,4/10/2019,8/23/2019,5/15/2019,146879,182929,166153,DSF0000912169,146879.0,182929.0,166153.0,2019-04-10,2019-08-23,2019-05-15,1.245440124183852,-100,135,2019,1,8,Bronx,5.166959707049158,0,0,0,0,0
8,X119,P.S. 119 - BRONX,SCA CIP,PLANYC CLIMATE CONTROL / PLANYC BOILER CONVERSION,Design,Complete,4/25/2018,9/25/2018,10/5/2018,374400,479723,464197,"DSF0000795691, DSF0000798497",374400.0,479723.0,464197.0,2018-04-25,2018-09-25,2018-10-05,1.2813114316239316,10,153,2018,1,8,Bronx,5.5733358400660675,0,1,0,0,0
8,X119,P.S. 119 - BRONX,SCA CIP,ELECTRICAL WORK FOR A/C INITIATIVE,Design,Complete,2/13/2019,7/16/2019,4/3/2019,21527,17784,17784,DSF0000868324,21527.0,17784.0,17784.0,2019-02-13,2019-07-16,2019-04-03,0.8261253309796999,-104,153,2019,0,8,Bronx,4.332983510816226,1,0,0,0,0
8,X119,P.S. 119 - BRONX,SCA CIP,FLOOD ELIMINATION / PARAPETS,Scope,Complete,9/15/2017,2/5/2018,2/2/2018,16049,17228,17228,"DSF0000862747, DSF0000885410",16049.0,17228.0,17228.0,2017-09-15,2018-02-05,2018-02-02,1.0734625210293476,-3,143,2017,0,8,Bronx,4.205447977051676,0,0,1,0,0
8,X119,P.S. 119 - BRONX,SCA CIP,TCU REMOVAL/PLAYGROUND REDEVELOPMENT,Scope,Complete,2/27/2019,5/28/2019,4/10/2019,36720,43218,43218,DSF0000912169,36720.0,43218.0,43218.0,2019-02-27,2019-05-28,2019-04-10,1.1769607843137255,-48,90,2019,1,8,Bronx,4.564902672529205,0,0,0,0,0
8,X119,P.S. 119 - BRONX,SCA CIP,PLANYC CLIMATE CONTROL / PLANYC BOILER CONVERSION,Scope,Complete,1/18/2018,6/19/2018,4/23/2018,93600,137262,136121,"DSF0000795691, DSF0000798497",93600.0,137262.0,136121.0,2018-01-18,2018-06-19,2018-04-23,1.466474358974359,-57,152,2018,1,8,Bronx,4.971275848738105,0,1,0,0,0
8,X120,X188 SPED - BRONX,SCA CIP,EXTERIOR MASONRY / ROOFS / PARAPETS,Design,Complete,11/19/2018,4/23/2019,4/17/2019,470149,768053,356122,"DSF0000908259, DSF0000908257, DSF0000908258",470149.0,768053.0,356122.0,2018-11-19,2019-04-23,2019-04-17,1.6336374213281322,-6,155,2018,1,8,Bronx,5.672235516707562,0,0,1,0,0
8,X120,X188 SPED - BRONX,SCA CIP,EXTERIOR MASONRY / ROOFS / PARAPETS,Scope,Complete,7/20/2018,12/6/2018,10/10/2018,117537,151473,148339,"DSF0000908259, DSF0000908257, DSF0000908258",117537.0,151473.0,148339.0,2018-07-20,2018-12-06,2018-10-10,1.2887261032696087,-57,139,2018,1,8,Bronx,5.070174601640649,0,0,1,0,0
8,X120,I.S. 301 - BRONX,SCA CIP,PLANYC CLIMATE CONTROL / PLANYC BOILER CONVERSION,Scope,Complete,7/9/2020,12/10/2020,9/15/2020,81264,45610,44914,"DSF0000961021, DSF0000961020",81264.0,45610.0,44914.0,2020-07-09,2020-12-10,2020-09-15,0.5612571372317385,-86,154,2020,0,8,Bronx,4.909898195484523,0,1,0,0,0
11,X121,P.S. 121 - BRONX,SCA CIP,PLANYC BOILER CONVERSION / PLANYC CLIMATE CONTROL,Design,Complete,10/2/2019,3/9/2020,3/6/2020,420125,268226,256976,"DSF0000912535, DSF0000908275",420125.0,268226.0,256976.0,2019-10-02,2020-03-09,2020-03-06,0.6384433204403451,-3,159,2019,0,11,Bronx,5.623378525477534,0,1,0,0,0
11,X121,P.S. 121 - BRONX,SCA CIP,FLOOD ELIMINATION / PARAPETS / EXTERIOR MASONRY / ROOFS,Design,Complete,1/24/2019,6/25/2019,5/8/2019,276267,206503,205690,"DSF0000885448, DSF0000885450, DSF0000885451, DSF0000908280",276267.0,206503.0,205690.0,2019-01-24,2019-06-25,2019-05-08,0.7474761734119529,-48,152,2019,0,11,Bronx,5.441329011685139,0,0,1,0,0
11,X121,P.S. 121 - BRONX,SCA CIP,PLANYC BOILER CONVERSION / PLANYC CLIMATE CONTROL,Scope,Complete,6/25/2019,11/26/2019,9/25/2019,84025,60846,60646,"DSF0000912535, DSF0000908275",84025.0,60846.0,60646.0,2019-06-25,2019-11-26,2019-09-25,0.724141624516513,-62,154,2019,0,11,Bronx,4.924408521141515,0,1,0,0,0
11,X121,P.S. 121 - BRONX,SCA CIP,FLOOD ELIMINATION / PARAPETS / EXTERIOR MASONRY / ROOFS,Scope,Complete,10/19/2018,3/11/2019,1/18/2019,70655,71067,71067,"DSF0000885448, DSF0000885450, DSF0000885451, DSF0000908280",70655.0,71067.0,71067.0,2018-10-19,2019-03-11,2019-01-18,1.0058311513693299,-52,143,2018,0,11,Bronx,4.84914290072915,0,0,1,0,0
10,X122,P.S. 310 - BRONX,SCA CIP,FLOOD ELIMINATION / ROOFS / WINDOWS,Design,Complete,9/27/2019,3/4/2020,6/30/2020,322520,217642,207084,"DSF0000862800, DSF0000908299, DSF0000908301",322520.0,217642.0,207084.0,2019-09-27,2020-03-04,2020-06-30,0.6748170656083343,118,159,2019,1,10,Bronx,5.508556651127315,0,0,1,0,0
10,X122,P.S. 310 - BRONX,SCA CIP,FLOOD ELIMINATION / ROOFS / WINDOWS,Scope,Complete,11/16/2017,4/5/2018,6/11/2019,64504,4407,4407,"DSF0000862800, DSF0000908299, DSF0000908301",64504.0,4407.0,4407.0,2017-11-16,2018-04-05,2019-06-11,0.06832134441274959,432,140,2017,1,10,Bronx,4.809586646791296,0,0,1,0,0
8,X123,I.S. 123 - BRONX,SCA CIP,WATER INFILTRATION / PLANYC BOILER CONVERSION / PLANYC CLIMATE CONTROL,Design,Complete,1/8/2020,6/9/2020,5/7/2020,608322,343425,301658,"DSF0000862816, DSF0000866311, DSF0000862814",608322.0,343425.0,301658.0,2020-01-08,2020-06-09,2020-05-07,0.5645447641216329,-33,153,2020,0,8,Bronx,5.784133523031772,0,1,0,0,0
8,X123,I.S. 123 - BRONX,SCA CIP,WATER INFILTRATION / PLANYC BOILER CONVERSION / PLANYC CLIMATE CONTROL,Scope,Complete,9/1/2017,1/23/2018,1/30/2018,121665,73397,73397,"DSF0000862816, DSF0000866311, DSF0000862814",121665.0,73397.0,73397.0,2017-09-01,2018-01-23,2018-01-30,0.6032712776887355,7,144,2017,0,8,Bronx,5.085165660456585,0,1,0,0,0
8,X125,I.S. 562 - BRONX,SCA CIP,PLANYC BOILER CONVERSION / PLANYC CLIMATE CONTROL / FIRE ALARM,Design,Complete,1/30/2019,7/5/2019,5/14/2019,523560,347075,346809,"DSF0000890604, DSF0000885500, DSF0000912409",523560.0,347075.0,346809.0,2019-01-30,2019-07-05,2019-05-14,0.6629135151654061,-52,156,2019,0,8,Bronx,5.718966459034445,0,1,0,1,0
8,X125,P.S. 119 - BRONX,SCA CIP,ELECTRICAL WORK FOR A/C INITIATIVE,Design,Complete,3/20/2019,8/19/2019,5/1/2019,23100,8242,8242,DSF0000912223,23100.0,8242.0,8242.0,2019-03-20,2019-08-19,2019-05-01,0.3567965367965368,-110,152,2019,0,8,Bronx,4.363611979892144,1,0,0,0,0
8,X125,I.S. 562 - BRONX,SCA CIP,PLANYC BOILER CONVERSION / PLANYC CLIMATE CONTROL / FIRE ALARM,Scope,Complete,10/24/2018,3/29/2019,1/24/2019,132426,80567,79813,"DSF0000890604, DSF0000885500, DSF0000912409",132426.0,80567.0,79813.0,2018-10-24,2019-03-29,2019-01-24,0.6083926117227735,-64,156,2018,0,8,Bronx,5.121973261145805,0,1,0,1,0
9,X126,P.S. 126 - BRONX,SCA CIP,ELECTRICAL WORK FOR A/C INITIATIVE,Design,Complete,6/26/2019,11/27/2019,11/20/2019,24768,16792,16792,DSF0000912138,24768.0,16792.0,16792.0,2019-06-26,2019-11-27,2019-11-20,0.6779715762273901,-7,154,2019,0,9,Bronx,4.393890939002799,1,0,0,0,0
11,X127,I.S. 127 - BRONX,SCA CIP,FULL PROGRAM ACCESSIBILITY / WINDOWS / PARAPETS / EXTERIOR MASONRY / ROOFS,Design,Complete,10/4/2017,3/12/2018,5/15/2018,723045,436589,382167,"DSF0000801085, DSF0000862874, DSF0000862873, DSF0000862875, DSF0000862872",723045.0,436589.0,382167.0,2017-10-04,2018-03-12,2018-05-15,0.6038199558810309,64,159,2017,0,11,Bronx,5.859165327230241,0,0,1,0,1
11,X127,I.S. 127 - BRONX,SCA CIP,FULL PROGRAM ACCESSIBILITY / WINDOWS / PARAPETS / EXTERIOR MASONRY / ROOFS,Scope,Complete,2/12/2015,9/11/2017,8/18/2017,182713,90261,88979,"DSF0000801085, DSF0000862874, DSF0000862873, DSF0000862875, DSF0000862872",182713.0,90261.0,88979.0,2015-02-12,2017-09-11,2017-08-18,0.49400425804403625,-24,942,2015,0,11,Bronx,5.261769448433053,0,0,1,0,1
11,X127,I.S. 127 - BRONX,SCA CIP,PLANYC BOILER CONVERSION / PLANYC CLIMATE CONTROL,Scope,Complete,8/18/2020,1/22/2021,11/16/2020,105520,40007,33095,"DSF0000961022, DSF0000954086",105520.0,40007.0,33095.0,2020-08-18,2021-01-22,2020-11-16,0.37914139499620925,-67,157,2020,0,11,Bronx,5.023334782538309,0,1,0,0,0
11,X127,I.S. 127 - BRONX,SCA CIP RESOA,FY18 RESO A AUDITORIUM  UPGRADE,Design,Complete,10/12/2018,3/19/2019,3/27/2019,54000,58546,56137,DSF0000867246,54000.0,58546.0,56137.0,2018-10-12,2019-03-19,2019-03-27,1.0841851851851851,8,158,2018,0,11,Bronx,4.732393759822968,0,0,0,0,0
8,X130,P.S. 130 - BRONX,SCA CIP,PLANYC BOILER CONVERSION / PLANYC CLIMATE CONTROL,Design,Complete,10/4/2019,3/11/2020,2/11/2020,387426,205788,205788,"DSF0000912536, DSF0000908405",387426.0,205788.0,205788.0,2019-10-04,2020-03-11,2020-02-11,0.5311672422604575,-29,159,2019,0,8,Bronx,5.588188762685704,0,1,0,0,0
8,X130,P.S. 130 - BRONX,SCA CIP,ELECTRICAL WORK FOR A/C INITIATIVE / LL26 CODE COMPLIANCE/EXIT SIGN REPLACEMENT,Design,Complete,6/27/2019,11/29/2019,11/21/2019,19665,10185,10185,"DSF0000911990, DSF0000912649",19665.0,10185.0,10185.0,2019-06-27,2019-11-29,2019-11-21,0.5179252479023646,-8,155,2019,0,8,Bronx,4.293693950745766,1,0,0,0,0
8,X130,P.S. 130 - BRONX,SCA CIP,PLANYC BOILER CONVERSION / PLANYC CLIMATE CONTROL,Scope,Complete,6/21/2019,11/22/2019,9/25/2019,77485,49876,49876,"DSF0000912536, DSF0000908405",77485.0,49876.0,49876.0,2019-06-21,2019-11-22,2019-09-25,0.6436858746854229,-58,154,2019,0,8,Bronx,4.889217637374215,0,1,0,0,0
12,X134,P.S. 134 - BRONX,SCA CIP,PLAYGROUND REDEVELOPMENT,Design,Complete,9/7/2018,1/28/2019,1/28/2019,167008,105373,105311,DSF0000889289,167008.0,105373.0,105311.0,2018-09-07,2019-01-28,2019-01-28,0.630945822954589,0,143,2018,0,12,Bronx,5.2227372751753665,0,0,0,0,0
12,X134,P.S. 134 - BRONX,SCA CIP,ELECTRICAL WORK FOR A/C INITIATIVE / LL26 CODE COMPLIANCE/EXIT SIGN REPLACEMENT,Design,Complete,8/20/2019,1/24/2020,12/11/2019,23749,14752,14752,"DSF0000912139, DSF0000913022",23749.0,14752.0,14752.0,2019-08-20,2020-01-24,2019-12-11,0.6211629963366878,-44,157,2019,0,12,Bronx,4.375645327492456,1,0,0,0,0
12,X134,P.S. 134 - BRONX,SCA CIP,PLAYGROUND REDEVELOPMENT,Scope,Complete,6/14/2018,9/13/2018,8/23/2018,41752,26243,26243,DSF0000889289,41752.0,26243.0,26243.0,2018-06-14,2018-09-13,2018-08-23,0.6285447403717187,-21,91,2018,0,12,Bronx,4.620677283847404,0,0,0,0,0
12,X136,X186 SPED - BRONX,SCA CIP,PLANYC BOILER CONVERSION / PLANYC CLIMATE CONTROL / FLOOD ELIMINATION,Design,Complete,10/26/2016,3/31/2017,4/26/2017,530645,441260,402050,"DSF0000798387, DSF0000795961, DSF0000865946",530645.0,441260.0,402050.0,2016-10-26,2017-03-31,2017-04-26,0.8315540521440888,26,156,2016,0,12,Bronx,5.724804076447299,0,1,0,0,0
12,X136,X186 SPED - BRONX,SCA CIP,PLANYC BOILER CONVERSION / PLANYC CLIMATE CONTROL / FLOOD ELIMINATION,Scope,Complete,8/30/2016,2/3/2017,10/13/2016,134195,125025,119194,"DSF0000798387, DSF0000795961, DSF0000865946",134195.0,125025.0,119194.0,2016-08-30,2017-02-03,2016-10-13,0.9316666045679795,-113,157,2016,0,12,Bronx,5.1277363346641005,0,1,0,0,0
12,X136,X186 SPED - BRONX,SCA CIP RESOA,FY19 RESO A AUDITORIUM UPGRADE,Design,Complete,3/5/2019,8/2/2019,1/30/2020,60000,45366,45366,DSF0000890725,60000.0,45366.0,45366.0,2019-03-05,2019-08-02,2020-01-30,0.7561,181,150,2019,1,12,Bronx,4.778151250383644,0,0,0,0,0
8,X138,P.S. 138 - BRONX,SCA Capacity,ADDITION,Scope,Complete,9/6/2019,3/12/2020,10/23/2020,839146,686822,657647,DSF0000911814,839146.0,686822.0,657647.0,2019-09-06,2020-03-12,2020-10-23,0.8184773567412583,225,188,2019,1,8,Bronx,5.923837528740572,0,0,0,0,0
8,X138,P.S. 138 - BRONX,SCA CIP,DEMOLITION,Scope,Complete,12/13/2019,12/13/2019,12/13/2019,13855,2296,2296,DSF0000911814,13855.0,2296.0,2296.0,2019-12-13,2019-12-13,2019-12-13,0.1657163478888488,0,0,2019,0,8,Bronx,4.141606530118251,0,0,0,0,0
7,X139,I.S. 224 - BRONX,SCA CIP,FLOOD ELIMINATION / PARAPETS / EXTERIOR MASONRY,Design,Complete,1/24/2019,6/25/2019,5/16/2019,124440,83299,78950,"DSF0000885710, DSF0000885711, DSF0000885712",124440.0,83299.0,78950.0,2019-01-24,2019-06-25,2019-05-16,0.6693908711025394,-40,152,2019,0,7,Bronx,5.0949600024366655,0,0,1,0,0
7,X139,I.S. 224 - BRONX,SCA CIP,FLOOD ELIMINATION / PARAPETS / EXTERIOR MASONRY,Scope,Complete,11/21/2018,4/10/2019,1/24/2019,32279,26152,26152,"DSF0000885710, DSF0000885711, DSF0000885712",32279.0,26152.0,26152.0,2018-11-21,2019-04-10,2019-01-24,0.810186189163233,-76,140,2018,0,7,Bronx,4.508920071861401,0,0,1,0,0
8,X140,P.S. 140 - BRONX,SCA CIP,ELECTRICAL WORK FOR A/C INITIATIVE,Design,Complete,7/23/2019,12/24/2019,12/30/2019,27300,4460,4460,DSF0000911991,27300.0,4460.0,4460.0,2019-07-23,2019-12-24,2019-12-30,0.16336996336996337,6,154,2019,0,8,Bronx,4.4361626470407565,1,0,0,0,0
10,X141,M.S./H.S. 141 - BRONX,SCA CIP,ROOFS / PARAPETS / EXTERIOR MASONRY,Design,Complete,2/22/2019,7/24/2019,5/17/2019,485784,402908,325115,"DSF0000885744, DSF0000885745, DSF0000908573",485784.0,402908.0,325115.0,2019-02-22,2019-07-24,2019-05-17,0.8293974276633236,-68,152,2019,0,10,Bronx,5.686443206586563,0,0,1,0,0
10,X141,M.S./H.S. 141 - BRONX,SCA CIP,ROOFS / PARAPETS / EXTERIOR MASONRY,Scope,Complete,10/15/2018,3/14/2019,2/22/2019,124136,97257,97257,"DSF0000885744, DSF0000885745, DSF0000908573",124136.0,97257.0,97257.0,2018-10-15,2019-03-14,2019-02-22,0.7834713539988399,-20,150,2018,0,10,Bronx,5.093897747123846,0,0,1,0,0
10,X143,I.S. 244 - BRONX,SCA CIP,PLANYC BOILER CONVERSION / PLANYC CLIMATE CONTROL,Design,Complete,4/1/2015,8/31/2015,12/2/2015,418140,204174,187712,"DSF0000798326, DSF0000798327",418140.0,204174.0,187712.0,2015-04-01,2015-08-31,2015-12-02,0.4882910030133448,93,152,2015,1,10,Bronx,5.621321714903542,0,1,0,0,0
10,X143,I.S. 244 - BRONX,SCA CIP,PLANYC BOILER CONVERSION / PLANYC CLIMATE CONTROL,Scope,Complete,12/16/2014,5/19/2015,4/1/2015,104535,77324,77323,"DSF0000798326, DSF0000798327",104535.0,77324.0,77323.0,2014-12-16,2015-05-19,2015-04-01,0.7396948390491223,-48,154,2014,0,10,Bronx,5.019261723575579,0,1,0,0,0
11,X144,I.S. 144 - BRONX,SCA CIP,ELECTRICAL WORK FOR A/C INITIATIVE,Design,Complete,8/13/2019,1/16/2020,1/22/2020,19199,6135,6135,DSF0000912141,19199.0,6135.0,6135.0,2019-08-13,2020-01-16,2020-01-22,0.3195478931194333,6,156,2019,0,11,Bronx,4.283278608610214,1,0,0,0,0
9,X145,NEW MILLENNIUM BRONX ACADEMY OF THE ARTS - BRONX,SCA CIP,ROOFS / EXTERIOR MASONRY,Design,Complete,11/25/2019,6/15/2020,4/10/2020,339309,179940,178596,"DSF0000908640, DSF0000908642",339309.0,179940.0,178596.0,2019-11-25,2020-06-15,2020-04-10,0.5303130774603679,-66,203,2019,0,9,Bronx,5.53059537923987,0,0,1,0,0
9,X145,NEW MILLENNIUM BRONX ACADEMY OF THE ARTS - BRONX,SCA CIP,ROOFS / EXTERIOR MASONRY,Scope,Complete,6/14/2019,12/12/2019,11/7/2019,68715,64460,60588,"DSF0000908640, DSF0000908642",68715.0,64460.0,60588.0,2019-06-14,2019-12-12,2019-11-07,0.9380775667612603,-35,181,2019,0,9,Bronx,4.837051550831765,0,0,1,0,0
9,X145,NEW MILLENNIUM BRONX ACADEMY OF THE ARTS - BRONX,SCA CIP RESOA,FY19 RESO A AUDITORIUM UPGRADE,Design,Complete,3/26/2020,8/25/2020,6/30/2020,36000,24248,5324,DSF0000890973,36000.0,24248.0,5324.0,2020-03-26,2020-08-25,2020-06-30,0.6735555555555556,-56,152,2020,0,9,Bronx,4.556302500767287,0,0,0,0,0
8,X146,P.S. 146 - BRONX,SCA CIP,FLOOD ELIMINATION / ROOFS / PARAPETS / EXTERIOR MASONRY,Scope,Complete,11/19/2018,4/8/2019,3/6/2019,116348,90188,90188,"DSF0000885831, DSF0000885832, DSF0000885833, DSF0000885834",116348.0,90188.0,90188.0,2018-11-19,2019-04-08,2019-03-06,0.7751572867604084,-33,140,2018,0,8,Bronx,5.065758922247337,0,0,1,0,0
8,X146,P.S. 146 - BRONX,SCA CIP,FULL PROGRAM ACCESSIBILITY / LOW VOLTAGE ELECTRICAL SYSTEM,Scope,Complete,8/1/2019,12/18/2019,12/3/2019,13835,1408,1408,"DSF0000912341, DSF0000954398",13835.0,1408.0,1408.0,2019-08-01,2019-12-18,2019-12-03,0.10177087097940007,-15,139,2019,0,8,Bronx,4.14097916347697,1,0,0,0,1
9,X148,FREDERICK DOUGLASS ACADEMY III SECONDARY SCHOOL,SCA CIP,IPDVS CAMERA INSTALLATION,Design,Complete,1/26/2018,7/23/2018,7/11/2018,19712,16449,16150,DSF0000868104,19712.0,16449.0,16150.0,2018-01-26,2018-07-23,2018-07-11,0.834466314935065,-12,178,2018,0,9,Bronx,4.294730690484331,0,0,0,0,0
7,X149,I.S. 221 - BRONX,SCA CIP,GYMNASIUM UPGRADE / ROOFS,"CM,F&E",Complete,3/11/2019,6/2/2020,11/4/2019,230930,640161,626018,"DSF0000863244, DSF0000885886",230930.0,640161.0,626018.0,2019-03-11,2020-06-02,2019-11-04,2.772099770493223,-211,449,2019,1,7,Bronx,5.3634803555596005,0,0,1,0,0
7,X149,I.S. 221 - BRONX,SCA CIP,GYMNASIUM UPGRADE / ROOFS,Construction,Complete,3/11/2019,6/2/2020,11/4/2019,3711375,3380651,3232453,"DSF0000863244, DSF0000885886",3711375.0,3380651.0,3232453.0,2019-03-11,2020-06-02,2019-11-04,0.9108890909703277,-211,449,2019,0,7,Bronx,6.569534837992725,0,0,1,0,0
7,X149,I.S. 221 - BRONX,SCA CIP,GYMNASIUM UPGRADE / ROOFS,Design,Complete,4/30/2018,9/13/2018,9/19/2018,197940,184833,176229,"DSF0000863244, DSF0000885886",197940.0,184833.0,176229.0,2018-04-30,2018-09-13,2018-09-19,0.9337829645347074,6,136,2018,0,7,Bronx,5.296533565928987,0,0,1,0,0
7,X149,I.S. 221 - BRONX,SCA CIP,GYMNASIUM UPGRADE / ROOFS,Scope,Complete,9/15/2017,1/22/2018,3/15/2018,49485,44898,44898,"DSF0000863244, DSF0000885886",49485.0,44898.0,44898.0,2017-09-15,2018-01-22,2018-03-15,0.9073052440133373,52,129,2017,0,7,Bronx,4.694473574601025,0,0,1,0,0
7,X149,I.S. 221 - BRONX,SCA CIP,PLANYC BOILER CONVERSION / PLANYC CLIMATE CONTROL / LOW-VOLTAGE ELECTRICAL,Scope,Complete,8/12/2020,1/15/2021,12/4/2020,108482,41548,32866,"DSF0000961024, DSF0000954449, DSF0001003581",108482.0,41548.0,32866.0,2020-08-12,2021-01-15,2020-12-04,0.3829944138198042,-42,156,2020,0,7,Bronx,5.035357683353344,1,1,0,0,0
7,X149,I.S. 221 - BRONX,SCA CIP RESOA,FY18 RESO A SUPPLEMENTAL COOLING,"CM,F&E",Complete,7/8/2019,4/2/2020,10/26/2020,202138,202138,199992,DSF0000867218,202138.0,202138.0,199992.0,2019-07-08,2020-04-02,2020-10-26,1.0,207,269,2019,1,7,Bronx,5.305647964376237,0,0,0,0,0
7,X149,I.S. 221 - BRONX,SCA CIP RESOA,FY18 RESO A SUPPLEMENTAL COOLING,Construction,Complete,7/8/2019,4/2/2020,10/26/2020,1024950,1024950,886044,DSF0000867218,1024950.0,1024950.0,886044.0,2019-07-08,2020-04-02,2020-10-26,1.0,207,269,2019,1,7,Bronx,6.010702679778368,0,0,0,0,0
7,X149,I.S. 221 - BRONX,SCA CIP RESOA,FY18 RESO A SUPPLEMENTAL COOLING,Design,Complete,1/9/2019,5/15/2019,4/9/2019,69901,69901,64710,DSF0000867218,69901.0,69901.0,64710.0,2019-01-09,2019-05-15,2019-04-09,1.0,-36,126,2019,0,7,Bronx,4.844483388783956,0,0,0,0,0
7,X149,THE LABORATORY SCHOOL OF FINANCE AND TECHNOLOGY: X223 - BRONX,SCA CIP RESOA,FY16 RESO A ROOM CONVERSIONS / PARTITIONING,Design,Complete,4/12/2017,9/12/2017,3/16/2018,15000,38924,35532,DSF0000822353,15000.0,38924.0,35532.0,2017-04-12,2017-09-12,2018-03-16,2.5949333333333335,185,153,2017,1,7,Bronx,4.176091259055681,0,0,0,0,0
7,X149,I.S. 221 - BRONX,SCA CIP RESOA,FY18 RESO A SUPPLEMENTAL COOLING,Scope,Complete,1/18/2018,3/19/2018,3/9/2018,17025,17025,17025,DSF0000867218,17025.0,17025.0,17025.0,2018-01-18,2018-03-19,2018-03-09,1.0,-10,60,2018,0,7,Bronx,4.231087120584823,0,0,0,0,0
7,X151,I.S. 151 - BRONX,SCA CIP,ROOFS / EXTERIOR MASONRY / PARAPETS,Design,Complete,12/5/2019,6/15/2020,4/15/2020,597982,268060,268060,"DSF0000908750, DSF0000908751, DSF0000954492",597982.0,268060.0,268060.0,2019-12-05,2020-06-15,2020-04-15,0.4482743627734614,-61,193,2019,0,7,Bronx,5.77668811138251,0,0,1,0,0
7,X151,I.S. 151 - BRONX,SCA CIP,ROOFS / EXTERIOR MASONRY / PARAPETS,Scope,Complete,6/17/2019,12/13/2019,11/15/2019,119596,146679,121486,"DSF0000908750, DSF0000908751, DSF0000954492",119596.0,146679.0,121486.0,2019-06-17,2019-12-13,2019-11-15,1.2264540620087627,-28,179,2019,1,7,Bronx,5.077716654510435,0,0,1,0,0
8,X152,P.S. 152 - BRONX,SCA CIP,PARAPETS / ROOFS / EXTERIOR MASONRY / CHILLER PLANT UPGRADE / FLOOD ELIMINATION,Design,Complete,11/20/2019,4/23/2020,6/15/2020,113876,101495,84288,"DSF0000908768, DSF0000908767, DSF0000912506, DSF0000954505, DSF0000960653",113876.0,101495.0,84288.0,2019-11-20,2020-04-23,2020-06-15,0.8912764761670589,53,155,2019,0,8,Bronx,5.056432203746807,0,0,1,0,0
8,X152,P.S. 152 - BRONX,SCA CIP,PARAPETS / ROOFS / EXTERIOR MASONRY / CHILLER PLANT UPGRADE / FLOOD ELIMINATION,Scope,Complete,6/5/2019,10/21/2019,10/10/2019,22775,26475,24178,"DSF0000908768, DSF0000908767, DSF0000912506, DSF0000954505, DSF0000960653",22775.0,26475.0,24178.0,2019-06-05,2019-10-21,2019-10-10,1.1624588364434687,-11,138,2019,1,8,Bronx,4.357458385645036,0,0,1,0,0
11,X153,P.S. 153 - BRONX,SCA CIP RESOA,FY19 RESO A PLAYGROUND,Design,Complete,3/29/2019,8/13/2019,7/3/2019,46080,48534,46530,DSF0000890960,46080.0,48534.0,46530.0,2019-03-29,2019-08-13,2019-07-03,1.0532552083333333,-41,137,2019,0,11,Bronx,4.663512470415156,0,0,0,0,0
7,X154,P.S. 154 - BRONX,SCA CIP,FULL PROGRAM ACCESSIBILITY / FIRE ALARM REPLACEMENT,Design,Complete,11/6/2019,4/27/2020,6/30/2020,52959,18237,17439,"DSF0000889382, DSF0000954548",52959.0,18237.0,17439.0,2019-11-06,2020-04-27,2020-06-30,0.3443607318869314,64,173,2019,0,7,Bronx,4.723939775929715,0,0,0,1,1
7,X154,P.S. 154 - BRONX,SCA CIP,FULL PROGRAM ACCESSIBILITY / FIRE ALARM REPLACEMENT,Scope,Complete,7/25/2018,12/11/2018,9/23/2019,11769,5660,5660,"DSF0000889382, DSF0000954548",11769.0,5660.0,5660.0,2018-07-25,2018-12-11,2019-09-23,0.4809244625711615,286,139,2018,1,7,Bronx,4.070739562849198,0,0,0,1,1
7,X156,CONCOURSE VILLAGE ELEMENTARY SCHOOL,SCA CIP,ROOFS / PARAPETS / EXTERIOR MASONRY,Design,Complete,3/28/2019,8/27/2019,5/15/2019,625440,412771,313740,"DSF0000886017, DSF0000886018, DSF0000886019",625440.0,412771.0,313740.0,2019-03-28,2019-08-27,2019-05-15,0.6599689818367869,-104,152,2019,0,7,Bronx,5.796185653088172,0,0,1,0,0
7,X156,CONCOURSE VILLAGE ELEMENTARY SCHOOL,SCA CIP,ROOFS / PARAPETS / EXTERIOR MASONRY,Scope,Complete,10/9/2018,2/27/2019,3/28/2019,156360,134519,134041,"DSF0000886017, DSF0000886018, DSF0000886019",156360.0,134519.0,134041.0,2018-10-09,2019-02-27,2019-03-28,0.8603159375799437,29,141,2018,0,7,Bronx,5.19412566176021,0,0,1,0,0
7,X157,P.S. 157 - BRONX,SCA CIP,ELECTRICAL WORK FOR A/C INITIATIVE / LL26 CODE COMPLIANCE/EXIT SIGN REPLACEMENT,Design,Complete,1/28/2019,6/27/2019,3/27/2019,37399,24982,24739,"DSF0000868308, DSF0000912222",37399.0,24982.0,24739.0,2019-01-28,2019-06-27,2019-03-27,0.6679857750207224,-92,150,2019,0,7,Bronx,4.572859989893312,1,0,0,0,0
7,X157,P.S. 157 - BRONX,SCA CIP,ELECTRICAL WORK FOR A/C INITIATIVE / LL26 CODE COMPLIANCE/EXIT SIGN REPLACEMENT,Scope,Complete,3/29/2018,5/23/2019,1/28/2019,10200,6042,6042,"DSF0000868308, DSF0000912222",10200.0,6042.0,6042.0,2018-03-29,2019-05-23,2019-01-28,0.5923529411764706,-115,420,2018,0,7,Bronx,4.008600171761918,1,0,0,0,0
12,X158,I.S. 267 - BRONX,SCA CIP,IPDVS CAMERA INSTALLATION,Design,Complete,5/9/2018,11/2/2018,10/31/2018,20306,6584,6584,DSF0000868105,20306.0,6584.0,6584.0,2018-05-09,2018-11-02,2018-10-31,0.3242391411405496,-2,177,2018,0,12,Bronx,4.307624381848118,0,0,0,0,0
11,X160,P.S. 160 - BRONX,SCA CIP,PARAPETS / EXTERIOR MASONRY,Design,Complete,10/25/2019,3/31/2020,6/23/2020,151242,164576,156717,"DSF0000908893, DSF0000908894",151242.0,164576.0,156717.0,2019-10-25,2020-03-31,2020-06-23,1.0881633408709221,84,158,2019,0,11,Bronx,5.179672411769186,0,0,1,0,0
11,X160,P.S. 160 - BRONX,SCA CIP,PARAPETS / EXTERIOR MASONRY,Scope,Complete,6/18/2019,11/1/2019,10/25/2019,30248,97813,97174,"DSF0000908893, DSF0000908894",30248.0,97813.0,97174.0,2019-06-18,2019-11-01,2019-10-25,3.23370140174557,-7,136,2019,1,11,Bronx,4.480696664354479,0,0,1,0,0
11,X160,P.S. 160 - BRONX,SCA CIP RESOA,FY19 RESO A SCIENCE LAB UPGRADES,Design,Complete,2/19/2019,7/19/2019,9/6/2019,30000,30100,29070,DSF0000890724,30000.0,30100.0,29070.0,2019-02-19,2019-07-19,2019-09-06,1.0033333333333334,49,150,2019,0,11,Bronx,4.477121254719663,0,0,0,0,0
7,X161,P.S. 161 - BRONX,SCA CIP,ELECTRICAL WORK FOR A/C INITIATIVE,Design,Complete,6/19/2019,11/20/2019,10/30/2019,18540,9475,9475,DSF0000912143,18540.0,9475.0,9475.0,2019-06-19,2019-11-20,2019-10-30,0.5110571736785329,-21,154,2019,0,7,Bronx,4.2681097298084785,1,0,0,0,0
7,X161,P.S. 161 - BRONX,SCA CIP,FULL PROGRAM ACCESSIBILITY / LOW VOLTAGE ELECTRICAL SYSTEM,Design,Complete,11/28/2018,5/16/2019,5/17/2019,1077996,417489,360729,"DSF0000889383, DSF0000908908",1077996.0,417489.0,360729.0,2018-11-28,2019-05-16,2019-05-17,0.3872825131076553,1,169,2018,0,7,Bronx,6.032617149365422,1,0,0,0,1
7,X161,P.S. 161 - BRONX,SCA CIP,FULL PROGRAM ACCESSIBILITY / LOW VOLTAGE ELECTRICAL SYSTEM,Scope,Complete,7/19/2018,12/5/2018,11/7/2018,269499,123957,123952,"DSF0000889383, DSF0000908908",269499.0,123957.0,123952.0,2018-07-19,2018-12-05,2018-11-07,0.4599534692150991,-28,139,2018,0,7,Bronx,5.43055715803746,1,0,0,0,1
9,X166,BRONX EARLY COLLEGE ACADEMY,SCA CIP,ELECTRICAL UPGRADE,Design,Complete,2/5/2020,8/7/2020,5/5/2020,33391,50072,50072,DSF0000912145,33391.0,50072.0,50072.0,2020-02-05,2020-08-07,2020-05-05,1.4995657512503369,-94,184,2020,1,9,Bronx,4.523629425582633,1,0,0,0,0
9,X166,GRANT AVENUE ELEMENTARY SCHOOL,SCA CIP RESOA,FY19 RESO A AUDITORIUM UPGRADE,Design,Complete,8/12/2019,1/15/2020,10/29/2019,108000,66595,58411,DSF0000890967,108000.0,66595.0,58411.0,2019-08-12,2020-01-15,2019-10-29,0.6166203703703703,-78,156,2019,0,9,Bronx,5.033423755486949,0,0,0,0,0
12,X167,P.S. 214 - BRONX,SCA CIP,PARAPETS,Scope,Complete,9/25/2019,2/13/2020,3/26/2020,22183,35183,35183,DSF0000908962,22183.0,35183.0,35183.0,2019-09-25,2020-02-13,2020-03-26,1.58603435062886,42,141,2019,1,12,Bronx,4.3460202792045575,0,0,1,0,0
9,X170,P.S. 170 - BRONX,SCA CIP RESOA,FY19 RESO A PLAYGROUND,Design,Complete,6/6/2019,10/22/2019,12/3/2019,45000,41391,34397,DSF0000890961,45000.0,41391.0,34397.0,2019-06-06,2019-10-22,2019-12-03,0.9198,42,138,2019,0,9,Bronx,4.653212513775344,0,0,0,0,0
8,X174,BRONX MATH PREP - BRONX,SCA CIP,ELECTRICAL WORK FOR A/C INITIATIVE,Design,Complete,8/5/2019,1/8/2020,1/8/2020,10283,6871,6871,DSF0000912146,10283.0,6871.0,6871.0,2019-08-05,2020-01-08,2020-01-08,0.6681902168627832,0,156,2019,0,8,Bronx,4.012119835804513,1,0,0,0,0
11,X181,I.S. 181 - BRONX,SCA CIP RESOA,FY19 RESO A IPDVS CAMERA INSTALLATION,Design,Complete,2/20/2019,8/14/2019,5/9/2019,27000,10886,10886,DSF0000890962,27000.0,10886.0,10886.0,2019-02-20,2019-08-14,2019-05-09,0.4031851851851852,-97,175,2019,0,11,Bronx,4.431363764158987,0,0,0,0,0
8,X182,P.S. 182 - BRONX,SCA CIP,PLUMBING / REINFORCING SUPPORT ELEMENTS / PAVED AREAS- CONCRETE,Design,Complete,5/30/2018,10/30/2018,3/1/2019,700789,701447,622305,"DSF0000912363, DSF0000889317, DSF0000886320",700789.0,701447.0,622305.0,2018-05-30,2018-10-30,2019-03-01,1.0009389416785937,122,153,2018,1,8,Bronx,5.845587276269622,0,0,0,0,0
8,X182,P.S. 182 - BRONX,SCA CIP,ROOFS / EXTERIOR MASONRY,Design,Complete,3/26/2019,8/23/2019,5/16/2019,191438,108611,93156,"DSF0000886314, DSF0000886315",191438.0,108611.0,93156.0,2019-03-26,2019-08-23,2019-05-16,0.5673429517650623,-99,150,2019,0,8,Bronx,5.2820281484475196,0,0,1,0,0
8,X182,P.S. 182 - BRONX,SCA CIP,PLUMBING / REINFORCING SUPPORT ELEMENTS / PAVED AREAS- CONCRETE,Scope,Complete,9/27/2017,1/26/2018,4/9/2018,177627,248811,243077,"DSF0000912363, DSF0000889317, DSF0000886320",177627.0,248811.0,243077.0,2017-09-27,2018-01-26,2018-04-09,1.4007498859970613,73,121,2017,1,8,Bronx,5.249508980923275,0,0,0,0,0
8,X182,P.S. 182 - BRONX,SCA CIP,ROOFS / EXTERIOR MASONRY,Scope,Complete,10/30/2018,3/20/2019,3/26/2019,49226,36117,36117,"DSF0000886314, DSF0000886315",49226.0,36117.0,36117.0,2018-10-30,2019-03-20,2019-03-26,0.7336976394588226,6,141,2018,0,8,Bronx,4.692194547361108,0,0,1,0,0
7,X183,THE URBAN ASSEMBLY BRONX ACADEMY OF LETTERS,SCA CIP,FLOOD ELIMINATION / PARAPETS / ROOFS / EXTERIOR MASONRY,Design,Complete,3/8/2018,8/7/2018,2/1/2019,417210,330493,287298,"DSF0000886329, DSF0000886331, DSF0000886330, DSF0000889085",417210.0,330493.0,287298.0,2018-03-08,2018-08-07,2019-02-01,0.7921502360921359,178,152,2018,1,7,Bronx,5.620354709372832,0,0,1,0,0
7,X183,THE URBAN ASSEMBLY BRONX ACADEMY OF LETTERS,SCA CIP,FLOOD ELIMINATION / PARAPETS / ROOFS / EXTERIOR MASONRY,Scope,Complete,12/18/2017,5/4/2018,3/8/2018,107172,127461,124070,"DSF0000886329, DSF0000886331, DSF0000886330, DSF0000889085",107172.0,127461.0,124070.0,2017-12-18,2018-05-04,2018-03-08,1.1893125069980965,-57,137,2017,1,7,Bronx,5.030081335414012,0,0,1,0,0
7,X184,JILL CHAIFETZ TRANSFER HIGH SCHOOL - BRONX,SCA CIP,IPDVS CAMERA INSTALLATION,Design,Complete,6/4/2020,12/1/2020,12/1/2020,23116,4720,4720,DSF0000960761,23116.0,4720.0,4720.0,2020-06-04,2020-12-01,2020-12-01,0.2041875757051393,0,180,2020,0,7,Bronx,4.363912685794346,0,0,0,0,0
11,X189,P.S./I.S. 189 (@STEENWICK AVE)-X,SCA CIP,IPDVS CAMERA INSTALLATION,Design,Complete,6/27/2018,4/4/2019,2/21/2019,15816,15901,15901,DSF0000868106,15816.0,15901.0,15901.0,2018-06-27,2019-04-04,2019-02-21,1.0053743045017705,-42,281,2018,0,11,Bronx,4.199096656305616,0,0,0,0,0
11,X189,P.S./I.S. 189 (@STEENWICK AVE)-X,SCA CIP,WATER PENETRATION,Scope,Complete,9/12/2019,1/31/2020,2/19/2020,18091,74358,72309,DSF0000912948,18091.0,74358.0,72309.0,2019-09-12,2020-01-31,2020-02-19,4.1102205516555195,19,141,2019,1,11,Bronx,4.257462573630329,0,0,0,0,0
12,X198,P.S. 212 - BRONX,SCA CIP,ROOFS / PARAPETS / WINDOWS / EXTERIOR MASONRY / PLAYGROUND REDEVELOPMENT,Design,Complete,11/19/2019,6/15/2020,4/28/2020,1013798,568003,560728,"DSF0000909220, DSF0000909221, DSF0000909222, DSF0000909223, DSF0000955032",1013798.0,568003.0,560728.0,2019-11-19,2020-06-15,2020-04-28,0.5602723619498164,-48,209,2019,0,12,Bronx,6.005951430120939,0,0,1,0,0
12,X198,P.S. 212 - BRONX,SCA CIP,ROOFS / PARAPETS / WINDOWS / EXTERIOR MASONRY / PLAYGROUND REDEVELOPMENT,Scope,Complete,6/19/2019,12/17/2019,11/6/2019,202760,271988,236939,"DSF0000909220, DSF0000909221, DSF0000909222, DSF0000909223, DSF0000955032",202760.0,271988.0,236939.0,2019-06-19,2019-12-17,2019-11-06,1.3414282896034722,-41,181,2019,1,12,Bronx,5.306982282551364,0,0,1,0,0
10,X205,P.S. 205 - BRONX,SCA CIP,ELECTRICAL WORK FOR A/C INITIATIVE,Design,Complete,6/14/2019,11/15/2019,11/20/2019,25068,6200,6200,DSF0000911993,25068.0,6200.0,6200.0,2019-06-14,2019-11-15,2019-11-20,0.2473272698260731,5,154,2019,0,10,Bronx,4.399119686027934,1,0,0,0,0
10,X206,I.S. 206B - BRONX,SCA CIP,FLOOD ELIMINATION / PARAPETS,Scope,Complete,8/8/2019,12/26/2019,1/14/2020,26697,40406,40406,"DSF0000909253, DSF0000909255",26697.0,40406.0,40406.0,2019-08-08,2019-12-26,2020-01-14,1.5135033898939956,19,140,2019,1,10,Bronx,4.42646246149016,0,0,1,0,0
10,X209,P.S. 209 - BRONX,SCA CIP,FLOOD ELIMINATION / ROOFS / PARAPETS / EXTERIOR MASONRY,Design,Complete,2/15/2019,7/18/2019,5/15/2019,145337,85180,74023,"DSF0000886458, DSF0000886459, DSF0000886460, DSF0000886461",145337.0,85180.0,74023.0,2019-02-15,2019-07-18,2019-05-15,0.5860861308544968,-64,153,2019,0,10,Bronx,5.162376191381581,0,0,1,0,0
10,X209,P.S. 209 - BRONX,SCA CIP,FLOOD ELIMINATION / ROOFS / PARAPETS / EXTERIOR MASONRY,Scope,Complete,10/16/2018,3/6/2019,2/15/2019,38261,52218,52190,"DSF0000886458, DSF0000886459, DSF0000886460, DSF0000886461",38261.0,52218.0,52190.0,2018-10-16,2019-03-06,2019-02-15,1.3647839836909648,-19,141,2018,1,10,Bronx,4.582756316679422,0,0,1,0,0
9,X229,I.S. 229 - BRONX,SCA CIP,STH SBHC,Design,Complete,4/4/2017,6/15/2017,6/20/2017,172482,196405,181572,DSF0000865776,172482.0,196405.0,181572.0,2017-04-04,2017-06-15,2017-06-20,1.1386985308611912,5,72,2017,1,9,Bronx,5.236743779359659,0,0,0,0,0
9,X229,I.S. 229 - BRONX,SCA CIP,STH SBHC,Scope,Complete,12/20/2016,4/24/2017,4/4/2017,43121,36653,36653,DSF0000865776,43121.0,36653.0,36653.0,2016-12-20,2017-04-24,2017-04-04,0.8500034785835208,-20,125,2016,0,9,Bronx,4.634688823826319,0,0,0,0,0
9,X235,P.S./I.S. 218 - BRONX,SCA CIP RESOA,FY19 RESO A SCIENCE LAB UPGRADES,Design,Complete,2/26/2019,6/25/2019,5/17/2019,37770,59788,48309,DSF0000890964,37770.0,59788.0,48309.0,2019-02-26,2019-06-25,2019-05-17,1.5829494307651575,-39,119,2019,1,9,Bronx,4.577146984827525,0,0,0,0,0
10,X283,JONAS BRONCK ACADEMY - BRONX,OUTROS,LEASE,Scope,Complete,3/19/2019,9/10/2019,9/5/2019,265711,306887,199495,DSF0000911830,265711.0,306887.0,199495.0,2019-03-19,2019-09-10,2019-09-05,1.1549653570985017,-5,175,2019,1,10,Bronx,5.424409533862346,0,0,0,0,0
10,X306,P.S. 306 - BRONX,SCA CIP,FLOOD ELIMINATION / ROOFS / PARAPETS / EXTERIOR MASONRY,Scope,Complete,10/17/2018,3/7/2019,9/3/2019,310291,194322,193956,"DSF0000886521, DSF0000886522, DSF0000886523, DSF0000886524",310291.0,194322.0,193956.0,2018-10-17,2019-03-07,2019-09-03,0.6262572875139788,180,141,2018,1,10,Bronx,5.4917691790420395,0,0,1,0,0
12,X320,P.S. @ 1570 BOONE AVENUE - BRONX,SCA Capacity,NEW SCHOOL,Design,Complete,4/26/2018,11/1/2018,2/8/2019,4583610,2330909,1336612,DSF0000798179,4583610.0,2330909.0,1336612.0,2018-04-26,2018-11-01,2019-02-08,0.5085312668398926,99,189,2018,1,12,Bronx,6.661207658249597,0,0,0,0,0
12,X320,P.S. @ 1570 BOONE AVENUE - BRONX,SCA Capacity,NEW SCHOOL,Scope,Complete,12/13/2017,4/25/2018,4/25/2018,1018580,680293,680236,DSF0000798179,1018580.0,680293.0,680236.0,2017-12-13,2018-04-25,2018-04-25,0.6678837204736005,0,133,2017,0,12,Bronx,6.007995144474253,0,0,0,0,0
10,X347,P.S. 33 ANNEX - BRONX,SCA Capacity,NEW SCHOOL,Design,Complete,2/27/2018,8/10/2018,8/28/2018,3594320,2688018,1918547,DSF0000798177,3594320.0,2688018.0,1918547.0,2018-02-27,2018-08-10,2018-08-28,0.7478516103185026,18,164,2018,0,10,Bronx,6.555616739452875,0,0,0,0,0
10,X347,P.S. 33 ANNEX - BRONX,SCA Capacity,NEW SCHOOL,Scope,Complete,8/7/2017,2/26/2018,2/26/2018,1123225,746146,733842,DSF0000798177,1123225.0,746146.0,733842.0,2017-08-07,2018-02-26,2018-02-26,0.6642889892942198,0,203,2017,0,10,Bronx,6.050466761132969,0,0,0,0,0
9,X400,BRONX INTERNATIONAL - BRONX,SCA CIP,TOWER TERRA COTTA REPLACEMENT / FLOOD ELIMINATION / ROOFS / WINDOWS / INTERIOR SPACES,Design,Complete,7/29/2016,1/3/2017,5/15/2017,2327215,1376566,912818,"DSF0000800334, DSF0000842000, DSF0000844751, DSF0000844752, DSF0000844753",2327215.0,1376566.0,912818.0,2016-07-29,2017-01-03,2017-05-15,0.5915078752930004,132,158,2016,1,9,Bronx,6.366836507481111,0,0,1,0,0
9,X400,BRONX INTERNATIONAL - BRONX,SCA CIP,TOWER TERRA COTTA REPLACEMENT / FLOOD ELIMINATION / ROOFS / WINDOWS / INTERIOR SPACES,Scope,Complete,9/18/2014,2/6/2015,2/6/2015,586154,421966,405914,"DSF0000800334, DSF0000842000, DSF0000844751, DSF0000844752, DSF0000844753",586154.0,421966.0,405914.0,2014-09-18,2015-02-06,2015-02-06,0.7198893123650099,0,141,2014,0,9,Bronx,5.768011733020802,0,0,1,0,0
8,X405,LEHMAN H.S.,SCA CIP,CTF SCHOOL BASED HEALTH CENTER,Design,Complete,6/23/2007,8/24/2007,8/24/2007,46036,89999,89610,SCA0000003832,46036.0,89999.0,89610.0,2007-06-23,2007-08-24,2007-08-24,1.954970023459901,0,62,2007,1,8,Bronx,4.663097581391381,0,0,0,0,0
8,X405,HERBERT H. LEHMAN HS - X,SCA CIP,ROOFS / PARAPETS / WINDOWS / EXTERIOR MASONRY,Design,Complete,10/23/2019,3/27/2020,6/19/2020,749875,401389,382817,"DSF0000886581, DSF0000886582, DSF0000886583, DSF0000886584",749875.0,401389.0,382817.0,2019-10-23,2020-03-27,2020-06-19,0.5352745457576262,84,156,2019,0,8,Bronx,5.874988874945512,0,0,1,0,0
8,X405,HERBERT H. LEHMAN HS - X,SCA CIP,ROOFS / PARAPETS / WINDOWS / EXTERIOR MASONRY,Scope,Complete,11/16/2018,4/5/2019,10/18/2019,150545,244785,243819,"DSF0000886581, DSF0000886582, DSF0000886583, DSF0000886584",150545.0,244785.0,243819.0,2018-11-16,2019-04-05,2019-10-18,1.6259922282374042,196,140,2018,1,8,Bronx,5.177666336013047,0,0,1,0,0
8,X405,LEHMAN H.S.,SCA CIP,CTF SCHOOL BASED HEALTH CENTER,Scope,Complete,6/4/2007,6/22/2007,6/22/2007,15345,18978,18766,SCA0000003832,15345.0,18978.0,18766.0,2007-06-04,2007-06-22,2007-06-22,1.2367546432062562,0,18,2007,1,8,Bronx,4.1859668927678415,0,0,0,0,0
9,X410,HS OF BUSINESS - BRONX,SCA CIP,PARAPETS / WINDOWS / EXTERIOR MASONRY / ROOFS,Design,Complete,3/26/2018,8/23/2018,5/8/2018,2022000,1371321,1169902,"DSF0000886604, DSF0000886605, DSF0000886606, DSF0000886603",2022000.0,1371321.0,1169902.0,2018-03-26,2018-08-23,2018-05-08,0.6782002967359051,-107,150,2018,0,9,Bronx,6.305781151254982,0,0,1,0,0
9,X410,HS OF BUSINESS - BRONX,SCA CIP,PARAPETS / WINDOWS / EXTERIOR MASONRY / ROOFS,Scope,Complete,12/18/2017,5/4/2018,3/26/2018,505500,333598,332625,"DSF0000886604, DSF0000886605, DSF0000886606, DSF0000886603",505500.0,333598.0,332625.0,2017-12-18,2018-05-04,2018-03-26,0.6599366963402572,-39,137,2017,0,9,Bronx,5.70372115992702,0,0,1,0,0
12,X420,MONROE ACAD FOR VISUAL ARTS - X,SCA CIP,EXTERIOR MASONRY / FLOOD ELIMINATION / PARAPETS / ROOFS / WINDOWS,Design,Complete,8/15/2016,1/19/2017,4/21/2017,982671,643039,562158,"DSF0000797012, DSF0000842105, DSF0000842108, DSF0000844686, DSF0000844687",982671.0,643039.0,562158.0,2016-08-15,2017-01-19,2017-04-21,0.65437872899475,92,157,2016,1,12,Bronx,5.992408139601618,0,0,1,0,0
12,X420,WORLD CULTURES HS - X,SCA CIP,CHARTER MATCH SUPPLEMENTAL COOLING,Design,Complete,6/19/2019,11/12/2019,10/3/2019,43381,39571,38394,DSF0000912170,43381.0,39571.0,38394.0,2019-06-19,2019-11-12,2019-10-03,0.9121735321915124,-40,146,2019,0,12,Bronx,4.6372995589616295,0,0,0,0,0
12,X420,MONROE ACAD FOR VISUAL ARTS - X,SCA CIP,EXTERIOR MASONRY / FLOOD ELIMINATION / PARAPETS / ROOFS / WINDOWS,Scope,Complete,3/5/2014,7/18/2014,2/12/2015,247379,202128,189068,"DSF0000797012, DSF0000842105, DSF0000842108, DSF0000844686, DSF0000844687",247379.0,202128.0,189068.0,2014-03-05,2014-07-18,2015-02-12,0.8170782483557618,209,135,2014,1,12,Bronx,5.393362829605086,0,0,1,0,0
11,X425,HS OF COMPUTERS & TECHNOLOGY - X,SCA CIP,ELECTRICAL WORK FOR A/C INITIATIVE,Design,Complete,11/13/2018,4/17/2019,4/3/2019,32716,26425,26425,DSF0000868311,32716.0,26425.0,26425.0,2018-11-13,2019-04-17,2019-04-03,0.8077087663528548,-14,155,2018,0,11,Bronx,4.514760199518823,1,0,0,0,0
11,X425,HS OF COMPUTERS & TECHNOLOGY - X,SCA CIP RESOA,RESO A GYMNASIUM UPGRADE,Design,Complete,8/28/2019,1/16/2020,3/31/2020,147900,153689,136042,DSF0000866163,147900.0,153689.0,136042.0,2019-08-28,2020-01-16,2020-03-31,1.0391413116970927,75,141,2019,0,11,Bronx,5.169968173996892,0,0,0,0,0
11,X426,HS OF COMPUTERS & TECHNOLOGY - X,SCA CIP,FIELD HOUSE,Design,Complete,2/12/2020,10/2/2020,10/5/2020,406915,459942,459422,DSF0000960480,406915.0,459942.0,459422.0,2020-02-12,2020-10-02,2020-10-05,1.1303146848850496,3,233,2020,1,11,Bronx,5.609503699430964,0,0,0,0,0
11,X426,HS OF COMPUTERS & TECHNOLOGY - X,SCA CIP,ATHLETIC FIELD,Design,Complete,9/17/2019,4/14/2020,4/14/2020,187495,458070,443187,DSF0000886685,187495.0,458070.0,443187.0,2019-09-17,2020-04-14,2020-04-14,2.4431051494706524,0,210,2019,1,11,Bronx,5.272989690723135,0,0,0,0,0
11,X426,HS OF COMPUTERS & TECHNOLOGY - X,SCA CIP,ATHLETIC FIELD,Scope,Complete,6/29/2018,12/28/2018,12/11/2018,37499,237385,235132,DSF0000886685,37499.0,237385.0,235132.0,2018-06-29,2018-12-28,2018-12-11,6.330435478279421,-17,182,2018,1,11,Bronx,4.574019686387116,0,0,0,0,0
11,X426,HS OF COMPUTERS & TECHNOLOGY - X,SCA CIP,FIELD HOUSE,Scope,Complete,6/29/2018,9/28/2018,6/29/2018,81383,111585,111585,DSF0000960480,81383.0,111585.0,111585.0,2018-06-29,2018-09-28,2018-06-29,1.3711094454615829,-91,91,2018,1,11,Bronx,4.910533695094945,0,0,0,0,0
10,X430,M.S./H.S. 342 - BRONX,SCA CIP,FLOOD ELIMINATION / ROOFS / PARAPETS / EXTERIOR MASONRY / WINDOWS / ELECTRICAL SYSTEMS,Design,Complete,12/18/2019,6/15/2020,5/15/2020,2093223,520342,520308,"DSF0000909503, DSF0000909505, DSF0000909506, DSF0000909507, DSF0000955325, DSF0000955327",2093223.0,520342.0,520308.0,2019-12-18,2020-06-15,2020-05-15,0.24858412123314144,-31,180,2019,0,10,Bronx,6.320815498052247,1,0,1,0,0
10,X430,M.S./H.S. 342 - BRONX,SCA CIP,FLOOD ELIMINATION / ROOFS / PARAPETS / EXTERIOR MASONRY / WINDOWS / ELECTRICAL SYSTEMS,Scope,Complete,6/18/2019,12/16/2019,11/20/2019,421243,341596,307521,"DSF0000909503, DSF0000909505, DSF0000909506, DSF0000909507, DSF0000955325, DSF0000955327",421243.0,341596.0,307521.0,2019-06-18,2019-12-16,2019-11-20,0.8109238610493231,-26,181,2019,0,10,Bronx,5.624532697056529,1,0,1,0,0
10,X435,FORDHAM HS FOR THE ARTS - BRONX,SCA CIP,ELECTRICAL WORK FOR A/C INITIATIVE,Design,Complete,6/24/2019,11/25/2019,11/20/2019,35435,6449,6449,DSF0000912147,35435.0,6449.0,6449.0,2019-06-24,2019-11-25,2019-11-20,0.18199520248342035,-5,154,2019,0,10,Bronx,4.549432437097535,1,0,0,0,0
10,X440,DEWITT CLINTON HS - X,SCA CIP,GYMNASIUM UPGRADE/PATH OF TRAVEL GYMNASIUM UPGRADE,Design,Complete,9/26/2018,2/14/2019,2/27/2019,694982,694982,688714,"DSF0000774374, DSF0000912933",694982.0,694982.0,688714.0,2018-09-26,2019-02-14,2019-02-27,1.0,13,141,2018,0,10,Bronx,5.841973556529815,0,0,0,0,1
10,X440,DEWITT CLINTON HS - X,SCA CIP,GYMNASIUM UPGRADE/PATH OF TRAVEL GYMNASIUM UPGRADE,Scope,Complete,11/22/2013,3/21/2014,3/3/2014,162187,162187,162187,"DSF0000774374, DSF0000912933",162187.0,162187.0,162187.0,2013-11-22,2014-03-21,2014-03-03,1.0,-18,119,2013,0,10,Bronx,5.210016040661033,0,0,0,0,1
10,X445,BRONX HS OF SCIENCE - X,SCA CIP,IPDVS CAMERA INSTALLATION,Design,Complete,6/5/2018,11/30/2018,11/28/2018,41916,18979,18898,DSF0000868107,41916.0,18979.0,18898.0,2018-06-05,2018-11-30,2018-11-28,0.452786525431816,-2,178,2018,0,10,Bronx,4.622379831685271,0,0,0,0,0
10,X445,BRONX HS OF SCIENCE - X,SCA CIP,IPDVS CAMERA INSTALLATION,Scope,Complete,4/16/2018,8/14/2018,6/5/2018,11432,4678,4678,DSF0000868107,11432.0,4678.0,4678.0,2018-04-16,2018-08-14,2018-06-05,0.40920223932820154,-70,120,2018,0,10,Bronx,4.058122215782914,0,0,0,0,0
10,X448,P.S. 340 ANNEX - BRONX,SCA Capacity,NEW SCHOOL,Design,Complete,2/23/2018,8/30/2018,10/16/2018,3733600,2146731,1536753,DSF0000798176,3733600.0,2146731.0,1536753.0,2018-02-23,2018-08-30,2018-10-16,0.5749761624169702,47,188,2018,0,10,Bronx,6.5721277878771,0,0,0,0,0
10,X448,P.S. 340 ANNEX - BRONX,SCA Capacity,NEW SCHOOL,Scope,Complete,8/28/2017,2/15/2018,2/22/2018,1166750,767034,749949,DSF0000798176,1166750.0,767034.0,749949.0,2017-08-28,2018-02-15,2018-02-22,0.6574107563745447,7,171,2017,0,10,Bronx,6.066977809557193,0,0,0,0,0
11,X455,HARRY S. TRUMAN HS - X,SCA CIP RESOA,FY19 RESO A AUDITORIUM UPGRADE,Design,Complete,2/13/2019,7/16/2019,7/1/2019,12000,34957,34438,DSF0000890732,12000.0,34957.0,34438.0,2019-02-13,2019-07-16,2019-07-01,2.9130833333333332,-15,153,2019,1,11,Bronx,4.079181246047625,0,0,0,0,0
9,X468,P.S. @ EDWARD L GRANT HIGHWAY - BRONX,SCA Capacity,NEW SCHOOL,Scope,Complete,8/20/2019,1/14/2020,1/15/2020,712347,810506,779238,DSF0000889040,712347.0,810506.0,779238.0,2019-08-20,2020-01-14,2020-01-15,1.1377966075522181,1,147,2019,1,9,Bronx,5.852691599640452,0,0,0,0,0
10,X469,P.S. @ 2355 MORRIS AVENUE - BRONX,SCA Capacity,NEW SCHOOL,Scope,Complete,9/24/2019,3/5/2020,3/12/2020,890433,811503,757991,DSF0000889039,890433.0,811503.0,757991.0,2019-09-24,2020-03-05,2020-03-12,0.911357732698586,7,163,2019,0,10,Bronx,5.949601246848135,0,0,0,0,0
10,X469,P.S. @ 2355 MORRIS AVENUE - BRONX,SCA CIP,DEMOLITION,Scope,Complete,9/24/2019,9/24/2019,9/24/2019,10379,1152,1152,DSF0000889039,10379.0,1152.0,1152.0,2019-09-24,2019-09-24,2019-09-24,0.11099335196068985,0,0,2019,0,10,Bronx,4.016155511951455,0,0,0,0,0
7,X470,UNIVERSITY HEIGHTS HS - BRONX,SCA CIP,TCU REMOVAL/PLAYGROUND REDEVELOPMENT,Design,Complete,3/28/2019,8/12/2019,6/30/2020,102190,174835,128757,DSF0000889643,102190.0,174835.0,128757.0,2019-03-28,2019-08-12,2020-06-30,1.710881690967805,323,137,2019,1,7,Bronx,5.009408399151867,0,0,0,0,0
7,X470,UNIVERSITY HEIGHTS HS - BRONX,SCA CIP,ACCESSIBLE RAMP,Scope,Complete,1/15/2020,6/1/2020,5/28/2020,12503,12114,3354,DSF0000960593,12503.0,12114.0,3354.0,2020-01-15,2020-06-01,2020-05-28,0.9688874670079181,-4,138,2020,0,7,Bronx,4.097014231178033,0,0,0,0,1
7,X470,UNIVERSITY HEIGHTS HS - BRONX,SCA CIP,TCU REMOVAL/PLAYGROUND REDEVELOPMENT,Scope,Complete,11/7/2018,2/11/2019,3/28/2019,25548,120431,100958,DSF0000889643,25548.0,120431.0,100958.0,2018-11-07,2019-02-11,2019-03-28,4.713911069359637,45,96,2018,1,7,Bronx,4.407356907485948,0,0,0,0,0
10,X472,P.S. 246 - BRONX,SCA CIP,GYM STANDALONE GYM ANNEX,Design,Complete,5/29/2018,11/1/2018,11/16/2018,519960,513522,376893,DSF0000889038,519960.0,513522.0,376893.0,2018-05-29,2018-11-01,2018-11-16,0.9876182783291022,15,156,2018,0,10,Bronx,5.715969935082,0,0,0,0,0
10,X472,P.S. 246 - BRONX,SCA CIP,GYM STANDALONE GYM ANNEX,Scope,Complete,4/13/2018,7/12/2018,5/25/2018,129990,121488,120551,DSF0000889038,129990.0,121488.0,120551.0,2018-04-13,2018-07-12,2018-05-25,0.9345949688437573,-48,90,2018,0,10,Bronx,5.113909943754037,0,0,0,0,0
7,X478,P.S. 65 - BRONX,SCA CIP,STANDALONE GYM ANNEX,Design,Complete,7/18/2018,12/19/2018,2/26/2019,495000,508560,353819,DSF0000889566,495000.0,508560.0,353819.0,2018-07-18,2018-12-19,2019-02-26,1.0273939393939393,69,154,2018,0,7,Bronx,5.694605198933568,0,0,0,0,0
7,X478,P.S. 65 - BRONX,SCA CIP,STANDALONE GYM ANNEX,Scope,Complete,7/18/2018,7/18/2018,7/18/2018,123750,28751,27092,DSF0000889566,123750.0,28751.0,27092.0,2018-07-18,2018-07-18,2018-07-18,0.23233131313131314,0,0,2018,0,7,Bronx,5.092545207605606,0,0,0,0,0
10,X481,P.S. 205 - BRONX,SCA CIP,STANDALONE GYM ANNEX,Design,Complete,9/20/2018,3/15/2019,5/13/2019,516660,601245,398451,DSF0000889568,516660.0,601245.0,398451.0,2018-09-20,2019-03-15,2019-05-13,1.1637150156776217,59,176,2018,1,10,Bronx,5.713204839614709,0,0,0,0,0
10,X481,P.S. 205 - BRONX,SCA CIP,STANDALONE GYM ANNEX,Scope,Complete,9/20/2018,9/20/2018,9/20/2018,129165,31795,27771,DSF0000889568,129165.0,31795.0,27771.0,2018-09-20,2018-09-20,2018-09-20,0.24615801494212827,0,0,2018,0,10,Bronx,5.111144848286746,0,0,0,0,0
11,X482,BRONX HS FOR THE VISUAL ARTS - BRONX,SCA CIP,STANDALONE GYM ANNEX,Design,Complete,5/1/2019,11/25/2019,4/21/2020,1307536,457015,439698,DSF0000889569,1307536.0,457015.0,439698.0,2019-05-01,2019-11-25,2020-04-21,0.34952383720218794,148,208,2019,1,11,Bronx,6.116453655004792,0,0,0,0,0
11,X482,BRONX HS FOR THE VISUAL ARTS - BRONX,SCA CIP,STANDALONE GYM ANNEX,Scope,Complete,11/8/2018,3/29/2019,4/29/2019,326884,366378,366073,DSF0000889569,326884.0,366378.0,366073.0,2018-11-08,2019-03-29,2019-04-29,1.1208196179684538,31,141,2018,1,11,Bronx,5.514393663676829,0,0,0,0,0
12,X484,DISTRICT 12 PRE-K CENTER AT 1946 BOSTON ROAD - BRONX,3K,LEASE,"CM,F&E",Complete,7/15/2019,9/3/2020,8/15/2020,1290070,432745,1159148,DSF0000891031,1290070.0,432745.0,1159148.0,2019-07-15,2020-09-03,2020-08-15,0.33544303797468356,-19,416,2019,0,12,Bronx,6.1106132760271095,0,0,0,0,0
12,X484,DISTRICT 12 PRE-K CENTER AT 1946 BOSTON ROAD - BRONX,3K,LEASE,Construction,Complete,7/15/2019,9/3/2020,8/15/2020,9161130,9064711,8327778,DSF0000891031,9161130.0,9064711.0,8327778.0,2019-07-15,2020-09-03,2020-08-15,0.989475206661187,-19,416,2019,0,12,Bronx,6.96194904599283,0,0,0,0,0
12,X484,DISTRICT 12 PRE-K CENTER AT 1946 BOSTON ROAD - BRONX,3K,LEASE,Design,Complete,1/22/2019,4/1/2019,5/14/2019,653200,818646,669871,DSF0000891031,653200.0,818646.0,669871.0,2019-01-22,2019-04-01,2019-05-14,1.2532853643600734,43,69,2019,1,12,Bronx,5.81504617606463,0,0,0,0,0
12,X484,DISTRICT 12 PRE-K CENTER AT 1946 BOSTON ROAD - BRONX,3K,LEASE,Scope,Complete,11/27/2018,1/11/2019,1/18/2019,204125,233682,233682,DSF0000891031,204125.0,233682.0,233682.0,2018-11-27,2019-01-11,2019-01-18,1.1447985303123087,7,45,2018,1,12,Bronx,5.309896197744725,0,0,0,0,0
7,X487,P.S. @ 639 ST ANNS AVENUE - BRONX,SCA Capacity,NEW SCHOOL,Design,Complete,8/29/2019,4/1/2020,4/1/2020,6052321,2867598,2845494,DSF0000889308,6052321.0,2867598.0,2845494.0,2019-08-29,2020-04-01,2020-04-01,0.4738013730600211,0,216,2019,0,7,Bronx,6.781921953857376,0,0,0,0,0
7,X487,P.S. @ 639 ST ANNS AVENUE - BRONX,SCA Capacity,NEW SCHOOL,Scope,Complete,4/1/2019,9/6/2019,8/28/2019,1344960,990134,843304,DSF0000889308,1344960.0,990134.0,843304.0,2019-04-01,2019-09-06,2019-08-28,0.7361810016654771,-9,158,2019,0,7,Bronx,6.128709368325343,0,0,0,0,0
7,X487,P.S. @ 639 ST ANNS AVENUE - BRONX,SCA CIP,DEMOLITION,Design,Complete,4/1/2019,8/29/2019,10/3/2019,61350,50294,50294,DSF0000889308,61350.0,50294.0,50294.0,2019-04-01,2019-08-29,2019-10-03,0.8197881010594947,35,150,2019,0,7,Bronx,4.787814567063023,0,0,0,0,0
7,X487,P.S. @ 639 ST ANNS AVENUE - BRONX,SCA CIP,DEMOLITION,Scope,Complete,4/1/2019,4/1/2019,4/1/2019,12270,12574,12574,DSF0000889308,12270.0,12574.0,12574.0,2019-04-01,2019-04-01,2019-04-01,1.0247758761206194,0,0,2019,0,7,Bronx,4.0888445627270045,0,0,0,0,0
12,X493,DISTRICT 12 PRE-K CENTER @ 1222 PROSPECT AVENUE - BRONX,3K,LEASE,Design,Complete,4/29/2019,7/8/2019,12/19/2019,696593,371913,238671,DSF0000912335,696593.0,371913.0,238671.0,2019-04-29,2019-07-08,2019-12-19,0.5339028672409858,164,70,2019,1,12,Bronx,5.84297910595821,0,0,0,0,0
12,X493,DISTRICT 12 PRE-K CENTER @ 1222 PROSPECT AVENUE - BRONX,3K,LEASE,Scope,Complete,3/19/2019,4/26/2019,4/26/2019,154798,135964,135964,DSF0000912335,154798.0,135964.0,135964.0,2019-03-19,2019-04-26,2019-04-26,0.8783317613922661,0,38,2019,0,12,Bronx,5.189765345270809,0,0,0,0,0
7,X494,LEARNING THROUGH PLAY PRE-K CENTER @ 443 EAST 162ND STREET - BRONX,3K,LEASE,Design,Complete,4/24/2019,8/1/2019,2/28/2020,789971,803132,615945,DSF0000912336,789971.0,803132.0,615945.0,2019-04-24,2019-08-01,2020-02-28,1.0166601052443698,211,99,2019,1,7,Bronx,5.897611148542155,0,0,0,0,0
7,X494,LEARNING THROUGH PLAY PRE-K CENTER @ 443 EAST 162ND STREET - BRONX,3K,LEASE,Scope,Complete,3/19/2019,4/23/2019,4/23/2019,175549,224510,224510,DSF0000912336,175549.0,224510.0,224510.0,2019-03-19,2019-04-23,2019-04-23,1.2789021868538129,0,35,2019,1,7,Bronx,5.244398359886708,0,0,0,0,0
9,X496,P.S. @ 2075 WEBSTER AVENUE - BRONX,SCA Capacity,NEW SCHOOL,Scope,Complete,6/13/2019,11/29/2019,12/5/2019,1408684,1065715,1040389,DSF0000889664,1408684.0,1065715.0,1040389.0,2019-06-13,2019-11-29,2019-12-05,0.7565323379835364,6,169,2019,0,9,Bronx,6.148813581861781,0,0,0,0,0
9,X496,P.S. @ 2075 WEBSTER AVENUE - BRONX,SCA CIP,DEMOLITION,Design,Complete,9/11/2019,1/15/2020,1/17/2020,41012,63357,60786,DSF0000889664,41012.0,63357.0,60786.0,2019-09-11,2020-01-15,2020-01-17,1.5448405344777139,2,126,2019,1,9,Bronx,4.612910948701885,0,0,0,0,0
9,X496,P.S. @ 2075 WEBSTER AVENUE - BRONX,SCA CIP,DEMOLITION,Scope,Complete,6/13/2019,6/13/2019,6/13/2019,20000,466,466,DSF0000889664,20000.0,466.0,466.0,2019-06-13,2019-06-13,2019-06-13,0.0233,0,0,2019,0,9,Bronx,4.301029995663981,0,0,0,0,0
7,X600,ALFRED E. SMITH HS - X,SCA CIP,ROOM CONVERSION / UPGRADE PLUMBING SHOP-RM B-50 & ELE,Design,Complete,6/9/2014,11/28/2014,1/13/2015,548664,850856,838364,"DSF0000775834, DSF0000799356",548664.0,850856.0,838364.0,2014-06-09,2014-11-28,2015-01-13,1.5507778895644693,46,172,2014,1,7,Bronx,5.739306465364184,0,0,0,0,0
7,X600,BRONX HAVEN HIGH SCHOOL - BRONX,SCA CIP,CRACKED PARAPET / ROOFS / EXTERIOR MASONRY / WINDOWS,Design,Complete,9/10/2019,2/13/2020,4/30/2020,839247,1210,1210,"DSF0000960895, DSF0000909675, DSF0000909677, DSF0000914246",839247.0,1210.0,1210.0,2019-09-10,2020-02-13,2020-04-30,0.001441768633072266,77,156,2019,0,7,Bronx,5.9238897974794495,0,0,1,0,0
7,X600,ALFRED E. SMITH HS - X,SCA CIP,IPDVS CAMERA INSTALLATION,Design,Complete,6/4/2020,12/1/2020,12/1/2020,26296,5126,5126,DSF0000960764,26296.0,5126.0,5126.0,2020-06-04,2020-12-01,2020-12-01,0.19493459081229084,0,180,2020,0,7,Bronx,4.419889691073568,0,0,0,0,0
7,X600,BRONX HAVEN HIGH SCHOOL - BRONX,SCA CIP,CRACKED PARAPET / ROOFS / EXTERIOR MASONRY / WINDOWS,Scope,Complete,11/14/2018,4/3/2019,8/12/2019,167849,133005,133005,"DSF0000960895, DSF0000909675, DSF0000909677, DSF0000914246",167849.0,133005.0,133005.0,2018-11-14,2019-04-03,2019-08-12,0.792408653015508,131,140,2018,1,7,Bronx,5.224918758179947,0,0,1,0,0
7,X600,ALFRED E. SMITH HS - X,SCA CIP,ROOM CONVERSION / UPGRADE PLUMBING SHOP-RM B-50 & ELE,Scope,Complete,4/12/2013,6/25/2014,6/9/2014,137166,77121,77121,"DSF0000775834, DSF0000799356",137166.0,77121.0,77121.0,2013-04-12,2014-06-25,2014-06-09,0.5622457460303574,-16,439,2013,0,7,Bronx,5.137246474036221,0,0,0,0,0
7,X600,ALFRED E. SMITH HS - X,SCA CIP RESOA,FY18 RESO A GYMNASIUM UPGRADE,Design,Complete,10/24/2018,3/14/2019,5/17/2019,21525,41954,41336,DSF0000866349,21525.0,41954.0,41336.0,2018-10-24,2019-03-14,2019-05-17,1.949082462253194,64,141,2018,1,7,Bronx,4.3329431601256925,0,0,0,0,0
8,X650,SCHOOL FOR TOURISM AND HOSPITALITY - BRONX,SCA CIP,TCU REMOVAL/PLAYGROUND REDEVELOPMENT,Design,Complete,1/16/2019,6/3/2019,5/16/2019,248433,217428,212903,DSF0000889644,248433.0,217428.0,212903.0,2019-01-16,2019-06-03,2019-05-16,0.875197739430752,-18,138,2019,0,8,Bronx,5.3952092837992325,0,0,0,0,0
8,X650,SCHOOL FOR TOURISM AND HOSPITALITY - BRONX,SCA CIP,TCU REMOVAL/PLAYGROUND REDEVELOPMENT,Scope,Complete,9/21/2018,12/24/2018,1/10/2019,62108,85222,85222,DSF0000889644,62108.0,85222.0,85222.0,2018-09-21,2018-12-24,2019-01-10,1.372158176080376,17,94,2018,1,8,Bronx,4.793147544332513,0,0,0,0,0
7,X655,"HERO HIGH (HEALTH, EDUCATION, AND RESEARCH OCCUPATIONS HS)",SCA CIP,STH SBHC,Design,Complete,12/5/2018,5/29/2019,5/17/2019,175080,104657,87902,DSF0000890619,175080.0,104657.0,87902.0,2018-12-05,2019-05-29,2019-05-17,0.5977667352067626,-12,175,2018,0,7,Bronx,5.243236537941076,0,0,0,0,0
7,X655,"HERO HIGH (HEALTH, EDUCATION, AND RESEARCH OCCUPATIONS HS)",SCA CIP,STH SBHC,Scope,Complete,9/7/2018,2/6/2019,11/26/2018,43770,24217,24217,DSF0000890619,43770.0,24217.0,24217.0,2018-09-07,2019-02-06,2018-11-26,0.5532785012565684,-72,152,2018,0,7,Bronx,4.641176546613114,0,0,0,0,0
11,X722,X721 SPED - BRONX,SCA CIP,EXTERIOR MASONRY WATER PENETRATION / WINDOWS / ROOFS / FLOOD ELIMINATION / PARAPETS,Design,Complete,5/6/2013,10/4/2013,2/28/2014,633969,537904,472386,"DSF0000775579, DSF0000775995, DSF0000775993, DSF0000775994, DSF0000776000",633969.0,537904.0,472386.0,2013-05-06,2013-10-04,2014-02-28,0.8484705088103677,147,151,2013,1,11,Bronx,5.802068022143412,0,0,1,0,0
11,X722,X721 SPED - BRONX,SCA CIP,EXTERIOR MASONRY WATER PENETRATION / WINDOWS / ROOFS / FLOOD ELIMINATION / PARAPETS,Scope,Complete,11/13/2012,4/2/2013,3/25/2013,162009,150132,150132,"DSF0000775579, DSF0000775995, DSF0000775993, DSF0000775994, DSF0000776000",162009.0,150132.0,150132.0,2012-11-13,2013-04-02,2013-03-25,0.926689258004185,-8,140,2012,0,11,Bronx,5.209539141343665,0,0,1,0,0
7,X807,DOE ADMINISTRATIVE OFFICE - BRONX,SCA CIP,EXTERIOR MASONRY,Design,Complete,3/14/2018,8/13/2018,10/17/2018,45008,20985,17222,DSF0000886964,45008.0,20985.0,17222.0,2018-03-14,2018-08-13,2018-10-17,0.46625044436544616,65,152,2018,0,7,Bronx,4.653289714821126,0,0,1,0,0
7,X807,DOE ADMINISTRATIVE OFFICE - BRONX,SCA CIP,EXTERIOR MASONRY,Scope,Complete,4/26/2017,8/25/2017,1/29/2018,12275,7827,7827,DSF0000886964,12275.0,7827.0,7827.0,2017-04-26,2017-08-25,2018-01-29,0.6376374745417516,157,121,2017,1,7,Bronx,4.089021500795006,0,0,1,0,0
10,X819,P.S. 207 - BRONX,SCA CIP,ELECTRICAL WORK FOR A/C INITIATIVE,Design,Complete,5/2/2018,10/2/2018,8/8/2018,49390,55645,53615,DSF0000888991,49390.0,55645.0,53615.0,2018-05-02,2018-10-02,2018-08-08,1.1266450698521968,-55,153,2018,1,10,Bronx,4.693639026161549,1,0,0,0,0
10,X819,P.S. 207 - BRONX,SCA CIP,ELECTRICAL WORK FOR A/C INITIATIVE,Scope,Complete,3/21/2018,7/20/2018,5/2/2018,13470,13376,13376,DSF0000888991,13470.0,13376.0,13376.0,2018-03-21,2018-07-20,2018-05-02,0.9930215293244247,-79,121,2018,0,10,Bronx,4.129367595722986,1,0,0,0,0
10,X819,P.S. 207 - BRONX,SCA CIP RESOA,FY19 RESO A ROOM CONVERSIONS/PARTITIONING / PATH OF TRAVEL RESO A ROOM CONVERSIONS/PARTITIONING CONVERSIONS/PARTITIONING,Design,Complete,8/21/2019,11/25/2019,11/19/2019,22680,55115,54401,"DSF0000890963, DSF0000912303",22680.0,55115.0,54401.0,2019-08-21,2019-11-25,2019-11-19,2.430114638447972,-6,96,2019,1,10,Bronx,4.355643050220869,0,0,0,0,1
12,X834,X352 SPED - BRONX,SCA CIP,MINI-BUILDING DEMOLITION,Design,Complete,9/7/2018,1/28/2019,1/28/2019,73319,104586,104328,DSF0000912253,73319.0,104586.0,104328.0,2018-09-07,2019-01-28,2019-01-28,1.4264515337088612,0,143,2018,1,12,Bronx,4.865216532975346,0,0,0,0,0
12,X834,X352 SPED - BRONX,SCA CIP,MINI-BUILDING DEMOLITION,Scope,Complete,6/14/2018,9/13/2018,8/23/2018,19996,98847,94676,DSF0000912253,19996.0,98847.0,94676.0,2018-06-14,2018-09-13,2018-08-23,4.9433386677335465,-21,91,2018,1,12,Bronx,4.300943128080553,0,0,0,0,0
10,X843,P.S. 246 - BRONX,SCA CIP,ELECTRICAL WORK FOR A/C INITIATIVE,Design,Complete,8/22/2019,1/28/2020,1/28/2020,19146,7099,7099,DSF0000912770,19146.0,7099.0,7099.0,2019-08-22,2020-01-28,2020-01-28,0.37078240885824715,0,159,2019,0,10,Bronx,4.282078054577154,1,0,0,0,0
10,X843,P.S. 246 - BRONX,SCA CIP,ELEVATOR REPLACEMENT / EXTERIOR MASONRY / FLOOD ELIMINATION / PARAPETS / ROOFS / RETAINING WALL,Design,Complete,3/19/2014,8/18/2014,12/3/2014,704052,825061,750490,"DSF0000751712, SCA0000025015, DSF0000797406, DSF0000797408, DSF0000797407, DSF0000797414",704052.0,825061.0,750490.0,2014-03-19,2014-08-18,2014-12-03,1.171875088771852,107,152,2014,1,10,Bronx,5.847604736527137,0,0,1,0,1
10,X843,P.S. 246 - BRONX,SCA CIP,ELEVATOR REPLACEMENT / EXTERIOR MASONRY / FLOOD ELIMINATION / PARAPETS / ROOFS / RETAINING WALL,Scope,Complete,7/31/2012,10/16/2013,2/6/2014,176871,233097,227092,"DSF0000751712, SCA0000025015, DSF0000797406, DSF0000797408, DSF0000797407, DSF0000797414",176871.0,233097.0,227092.0,2012-07-31,2013-10-16,2014-02-06,1.3178927014603863,113,442,2012,1,10,Bronx,5.247656631256657,0,0,1,0,1
10,X843,P.S. 246 - BRONX,SCA CIP RESOA,FY18 RESO A SCIENCE LAB UPGRADES,"CM,F&E",Complete,4/25/2019,1/19/2020,9/8/2020,72969,85349,65889,DSF0000867212,72969.0,85349.0,65889.0,2019-04-25,2020-01-19,2020-09-08,1.1696610889555838,233,269,2019,1,10,Bronx,4.863138394526509,0,0,0,0,0
10,X843,P.S. 246 - BRONX,SCA CIP RESOA,FY18 RESO A SCIENCE LAB UPGRADES,Construction,Complete,4/25/2019,1/19/2020,9/8/2020,549327,429441,373255,DSF0000867212,549327.0,429441.0,373255.0,2019-04-25,2020-01-19,2020-09-08,0.7817584061952171,233,269,2019,1,10,Bronx,5.739830945576675,0,0,0,0,0
10,X843,P.S. 246 - BRONX,SCA CIP RESOA,FY18 RESO A SCIENCE LAB UPGRADES,Design,Complete,8/22/2018,1/28/2019,12/31/2018,37454,62143,60441,DSF0000867212,37454.0,62143.0,60441.0,2018-08-22,2019-01-28,2018-12-31,1.6591819298339296,-28,159,2018,1,10,Bronx,4.5734982061519345,0,0,0,0,0
10,X853,P.S. 59 - BRONX,SCA CIP,ROOFS,Scope,Complete,7/19/2019,12/5/2019,11/6/2019,15759,18373,18373,DSF0000909948,15759.0,18373.0,18373.0,2019-07-19,2019-12-05,2019-11-06,1.1658734691287518,-29,139,2019,1,10,Bronx,4.197528655522771,0,0,1,0,0
10,X930,P.S. 9 - BRONX,SCA CIP,ROOF,Design,Complete,2/11/2020,4/2/2020,3/31/2020,90336,100856,97880,DSF0000960658,90336.0,100856.0,97880.0,2020-02-11,2020-04-02,2020-03-31,1.1164541268154446,-2,51,2020,1,10,Bronx,4.955860856466825,0,0,1,0,0
10,X930,P.S. 9 - BRONX,SCA CIP,ROOF,Scope,Complete,12/18/2019,5/5/2020,2/11/2020,18067,33142,33142,DSF0000960658,18067.0,33142.0,33142.0,2019-12-18,2020-05-05,2020-02-11,1.8343941993690154,-84,139,2019,1,10,Bronx,4.256886044558126,0,0,1,0,0
