Project Type,Project Phase Name,borough,log_orcamento,duracao_plan,ano_inicio,esc_eletrica,esc_hvac,esc_estrutural,esc_seguranca,esc_acessibilidade,fator_custo,atraso_dias,alto_risco,DSF Number(s)
SCA CIP,"CM,F&E",Brooklyn,5.227938097369417,269,2019,0,0,0,0,0,0.46423500177493787,188,1,DSF0000868414
SCA CIP,Construction,Brooklyn,5.862900258572467,269,2019,0,0,0,0,0,0.9139862057617683,188,1,DSF0000868414
SCA CIP,Design,Brooklyn,4.837967018368655,154,2018,0,0,0,0,0,0.8844467034562882,84,0,DSF0000868414
SCA CIP,Scope,Brooklyn,4.273695587930092,91,2018,0,0,0,0,0,0.6791799787007454,-37,0,DSF0000868414
SCA CIP RESOA,Design,Brooklyn,4.454158589944344,153,2019,0,0,0,0,0,1.7330521876647338,-124,1,DSF0000890739
SCA CIP,Design,Brooklyn,5.753732393751208,141,2019,1,1,0,0,0,0.6777245920715098,355,1,"DSF0000891044, DSF0000891163, DSF0000891142, DSF0000891143"
SCA CIP,Design,Brooklyn,4.927785977971815,152,2019,0,0,1,0,0,1.9165692422149005,344,1,"DSF0000868429, DSF0000868430, DSF0000868432"
SCA CIP,Design,Brooklyn,4.104179718720652,180,2020,0,0,0,0,0,0.7819998426559672,-15,0,DSF0000960733
SCA CIP,Scope,Brooklyn,5.054762389415189,122,2018,1,1,0,0,0,1.1008118900907096,5,1,"DSF0000891044, DSF0000891163, DSF0000891142, DSF0000891143"
SCA CIP,Scope,Brooklyn,4.274573464196471,141,2018,0,0,1,0,0,5.085450100967159,-14,1,"DSF0000868429, DSF0000868430, DSF0000868432"
SCA CIP,Scope,Brooklyn,4.957784416268065,154,2020,0,1,0,0,0,0.5220472354166437,-71,0,"DSF0000936438, DSF0000961025"
SCA CIP,Scope,Brooklyn,4.118165485243124,91,2019,0,0,0,0,0,3.765673802087301,-10,1,DSF0000912614
SCA CIP RESOA,Design,Brooklyn,4.3222192947339195,150,2019,0,0,0,0,0,1.7274285714285715,24,1,DSF0000867254
SCA CIP,Scope,Brooklyn,5.271644155075083,181,2020,0,0,1,0,0,1.1996147981702914,-53,1,"DSF0000936536, DSF0000936532, DSF0000936534, DSF0000936535, DSF0000936537"
SCA CIP,Design,Brooklyn,5.6648496728110675,152,2019,0,0,1,0,0,0.7630354311033034,-49,0,"DSF0000868551, DSF0000868553, DSF0000868554, DSF0000868555"
SCA CIP,Design,Brooklyn,4.312875222239046,156,2019,1,0,0,0,0,0.2462900793071571,-1,0,"DSF0000912670, DSF0000912951"
SCA CIP,Scope,Brooklyn,5.065829838133072,142,2018,0,0,1,0,0,1.1087249821684841,-28,1,"DSF0000868551, DSF0000868553, DSF0000868554, DSF0000868555"
SCA CIP,"CM,F&E",Brooklyn,5.819642627618626,539,2017,0,1,0,0,0,2.2948026963568884,538,1,"DSF0000801384, DSF0000798243, DSF0000778032"
SCA CIP,Construction,Brooklyn,6.9667676046121,539,2017,0,1,0,0,0,0.9949717920318157,538,1,"DSF0000801384, DSF0000798243, DSF0000778032"
SCA CIP,Design,Brooklyn,4.6086436836327325,155,2019,1,0,0,0,0,0.32998448696166066,-8,0,"DSF0000912041, DSF0000912801"
SCA CIP,Design,Brooklyn,5.711254522370365,152,2016,0,1,0,0,0,1.0715142559954893,-41,0,"DSF0000801384, DSF0000798243, DSF0000778032"
SCA CIP,Scope,Brooklyn,5.112759121917356,154,2015,0,1,0,0,0,1.2919565586288817,-76,1,"DSF0000801384, DSF0000798243, DSF0000778032"
SCA CIP,Design,Brooklyn,5.574214211931888,152,2014,1,0,0,0,0,1.622721626621317,170,1,"DSF0000755637, DSF0000778097"
SCA CIP,Scope,Brooklyn,4.979835078290998,123,2013,1,0,0,0,0,0.6023799796779904,18,0,"DSF0000755637, DSF0000778097"
SCA CIP,Scope,Brooklyn,5.237807552215578,210,2017,0,0,0,0,0,0.7571498799919031,47,0,DSF0000865947
SCA CIP,Design,Brooklyn,5.639077900939867,151,2020,0,1,0,0,0,0.38831699533965425,-72,0,"DSF0000798392, DSF0000936743"
SCA CIP,Scope,Brooklyn,4.940107896603848,152,2020,0,1,0,0,0,0.5843912853830436,-62,0,"DSF0000798392, DSF0000936743"
SCA CIP,Design,Brooklyn,5.207742052606945,183,2018,0,1,0,0,0,1.1007065823726292,118,1,DSF0000868772
SCA CIP,Design,Brooklyn,5.358831082571039,155,2019,0,0,1,0,0,0.7549054365761957,34,0,"DSF0000891499, DSF0000936767"
SCA CIP,Scope,Brooklyn,4.659859177357306,139,2019,0,0,1,0,0,0.8865715411213726,20,0,"DSF0000891499, DSF0000936767"
SCA CIP,Scope,Brooklyn,4.605682061278983,123,2018,0,1,0,0,0,0.7328126936903434,-56,0,DSF0000868772
SCA CIP,Design,Brooklyn,5.048465110321171,152,2019,0,0,1,0,0,0.6653041876106828,310,1,"DSF0000868795, DSF0000891548"
SCA CIP,Scope,Brooklyn,4.395239001081552,141,2018,0,0,1,0,0,0.9652646407727913,-43,0,"DSF0000868795, DSF0000891548"
SCA CIP RESOA,"CM,F&E",Brooklyn,4.477121254719663,299,2019,0,0,0,0,0,1.2450333333333334,0,1,DSF0000867346
SCA CIP RESOA,Construction,Brooklyn,5.643452676486188,299,2019,0,0,0,0,0,0.8555454545454545,0,0,DSF0000867346
SCA CIP RESOA,Design,Brooklyn,4.477121254719663,140,2018,0,0,0,0,0,1.3697,22,1,DSF0000867346
SCA CIP,Design,Brooklyn,5.011502778036918,139,2018,0,0,0,0,0,0.8419520081025281,373,1,DSF0000889320
SCA CIP,Scope,Brooklyn,4.409442786708955,90,2018,0,0,0,0,0,2.2697596509680182,76,1,DSF0000889320
SCA CIP,Design,Brooklyn,4.8818067615841425,67,2019,0,0,0,0,1,0.5434268910651928,108,1,"DSF0000868850, DSF0000912554"
SCA CIP,Design,Brooklyn,4.8159162863514675,182,2019,0,0,0,0,0,0.6169653634016287,19,0,DSF0000888997
SCA CIP,Scope,Brooklyn,4.2286056503550915,173,2019,0,0,0,0,1,0.9148156899810964,43,0,"DSF0000868850, DSF0000912554"
SCA CIP,Scope,Brooklyn,4.162713725583078,182,2018,0,0,0,0,0,1.1006531454107942,146,1,DSF0000888997
SCA CIP RESOA,"CM,F&E",Brooklyn,5.020270104388187,239,2019,0,0,0,0,0,1.2814903892038405,168,1,DSF0000890803
SCA CIP RESOA,Construction,Brooklyn,5.782378731877019,239,2019,0,0,0,0,0,0.862179778136858,168,1,DSF0000890803
SCA CIP RESOA,Design,Brooklyn,4.616044681789984,135,2019,0,0,0,0,0,1.5278752814156722,-31,1,DSF0000890803
SCA Capacity,OUTROS,Brooklyn,7.070381765564609,1459,2017,0,0,0,0,0,0.5040349313071824,-326,0,DSF0000798185
SCA Capacity,Construction,Brooklyn,7.9217175355303295,1459,2017,0,0,0,0,0,0.9293978040277168,-326,0,DSF0000798185
SCA Capacity,Design,Brooklyn,6.77481466560213,225,2015,0,0,0,0,0,0.7472311423427297,343,1,DSF0000798185
SCA Capacity,Scope,Brooklyn,6.269664687282225,167,2015,0,0,0,0,0,0.7829027490393142,1,0,DSF0000798185
SCA CIP,Design,Brooklyn,5.659307571459207,154,2018,0,1,0,0,0,0.6788062056271364,-13,0,"DSF0000890591, DSF0000868912"
SCA CIP,Design,Brooklyn,4.850646235183066,138,2019,0,0,0,0,0,0.7354019746121297,148,1,DSF0000889321
SCA CIP,Scope,Brooklyn,4.197445972137104,91,2018,0,0,0,0,0,2.4565244986037067,4,1,DSF0000889321
SCA CIP,Scope,Brooklyn,5.057247580131245,159,2018,0,1,0,0,0,0.5637216232798667,-99,0,"DSF0000890591, DSF0000868912"
SCA CIP,"CM,F&E",Brooklyn,5.793537554515335,539,2017,0,0,0,0,1,1.97692708618199,423,1,DSF0000822095
SCA CIP,Construction,Brooklyn,6.968920524895138,539,2017,0,0,0,0,1,1.2384805639476335,423,1,DSF0000822095
SCA CIP,Design,Brooklyn,5.6959192528314,169,2016,0,0,0,0,1,1.6091560926485398,183,1,DSF0000822095
SCA CIP,Scope,Brooklyn,5.093859261503438,138,2015,0,0,0,0,1,0.9878026183282981,179,1,DSF0000822095
SCA CIP,Design,Brooklyn,4.377105817269054,159,2019,1,0,0,0,0,0.26748919383943937,-6,0,"DSF0000912671, DSF0000913025"
SCA CIP,Design,Brooklyn,5.52572876813568,150,2019,0,0,1,0,0,1.1232862831119907,-100,1,"DSF0000868968, DSF0000868969, DSF0000891709"
SCA CIP,Scope,Brooklyn,4.9332898363872895,141,2018,0,0,1,0,0,0.7814857569291402,26,0,"DSF0000868968, DSF0000868969, DSF0000891709"
SCA CIP RESOA,"CM,F&E",Brooklyn,5.380211241711606,449,2019,0,0,1,0,0,1.4399875,0,1,DSF0000822279
SCA CIP RESOA,Construction,Brooklyn,6.546542663478131,449,2019,0,0,1,0,0,0.9432738636363637,0,0,DSF0000822279
SCA CIP RESOA,Design,Brooklyn,5.380211241711606,159,2017,0,0,1,0,0,0.7547916666666666,472,1,DSF0000822279
SCA CIP,Design,Brooklyn,5.60422605308447,153,2019,0,1,0,0,0,0.9691567164179105,-42,0,"DSF0000890602, DSF0000884667"
SCA CIP,Scope,Brooklyn,5.002166061756507,156,2018,0,1,0,0,0,0.8884676616915423,-75,0,"DSF0000890602, DSF0000884667"
SCA CIP,Design,Brooklyn,4.537428684023508,153,2019,1,0,0,0,0,0.49081783631669035,-6,0,"DSF0000911952, DSF0000912579"
SCA CIP RESOA,Design,Brooklyn,4.445604203273597,136,2019,0,0,0,0,0,0.04032258064516129,201,1,DSF0000890745
SCA CIP,Scope,Brooklyn,4.13804994420489,91,2020,0,0,0,0,1,1.5463542424683452,-26,1,"DSF0000937107, DSF0000961569"
SCA CIP,"CM,F&E",Brooklyn,5.054532622205162,269,2020,1,0,0,0,0,0.3192742924174671,-143,0,"DSF0000911953, DSF0000912599"
SCA CIP,Construction,Brooklyn,5.776358261018629,269,2020,1,0,0,0,0,0.9087122277115047,-143,0,"DSF0000911953, DSF0000912599"
SCA CIP,Design,Brooklyn,4.6749896655394485,153,2019,1,0,0,0,0,0.20270955742486368,-56,0,"DSF0000911953, DSF0000912599"
SCA CIP,Scope,Brooklyn,4.032820149438564,143,2019,1,0,0,0,0,0.21520630505331478,-113,0,"DSF0000911953, DSF0000912599"
SCA CIP,Scope,Brooklyn,4.914898233675936,159,2020,0,1,0,0,0,0.5688096831092999,-95,0,"DSF0000937133, DSF0000961027"
SCA CIP,Design,Brooklyn,5.707212374468409,152,2019,0,0,1,0,0,0.4460889359864987,-83,0,"DSF0000891886, DSF0000891887, DSF0000891885"
SCA CIP,Scope,Brooklyn,5.105152383140447,144,2018,0,0,1,0,0,0.9755484909140861,-25,0,"DSF0000891886, DSF0000891887, DSF0000891885"
SCA CIP,Design,Brooklyn,5.680291991118772,153,2020,0,0,1,0,0,0.6554873974845078,10,0,"DSF0000891902, DSF0000891903, DSF0000891904"
SCA CIP,Scope,Brooklyn,4.981320173259108,132,2019,0,0,1,0,0,1.4202004384591294,38,1,"DSF0000891902, DSF0000891903, DSF0000891904"
SCA CIP,Scope,Brooklyn,4.1076847196558415,141,2019,0,0,0,0,0,1.248400187295146,-5,1,SCA0000059349
SCA CIP,Design,Brooklyn,5.9745209035512525,176,2018,0,0,1,0,0,0.7028981357765477,7,0,"DSF0000867110, DSF0000869208, DSF0000889350, DSF0000869207"
SCA CIP,Scope,Brooklyn,5.372462754362633,237,2017,0,0,1,0,0,1.1265715400668488,0,1,"DSF0000867110, DSF0000869208, DSF0000889350, DSF0000869207"
SCA CIP RESOA,Design,Brooklyn,5.26245108973043,156,2018,0,0,0,0,0,0.7409945355191256,252,1,DSF0000866389
SCA CIP,Design,Brooklyn,5.54441534103564,154,2017,0,1,0,0,0,0.9004796163069544,-26,0,"DSF0000798389, DSF0000798396"
SCA CIP,Scope,Brooklyn,4.942355349707677,154,2017,0,1,0,0,0,1.1239351376042024,-119,1,"DSF0000798389, DSF0000798396"
SCA CIP,"CM,F&E",Brooklyn,4.88962100168769,269,2020,1,0,0,0,0,1.3198550743324264,-178,1,"DSF0000912047, DSF0000912532"
SCA CIP,Construction,Brooklyn,5.6171618602368705,269,2020,1,0,0,0,0,1.3035247758080328,-178,1,"DSF0000912047, DSF0000912532"
SCA CIP,Design,Brooklyn,4.5108264061875145,153,2019,1,0,0,0,0,0.3294778075938435,-6,0,"DSF0000912047, DSF0000912532"
SCA CIP,Scope,Brooklyn,5.443472650212932,143,2018,0,0,1,0,1,0.9493974080984318,-39,0,"DSF0000869270, DSF0000869271, DSF0000869272, DSF0000869273, DSF0000892040, DSF0000912331"
SCA CIP,Design,Brooklyn,5.648672200396408,152,2018,0,1,0,0,0,0.7320466181622204,-22,0,"DSF0000869288, DSF0000888784"
SCA CIP,Scope,Brooklyn,5.046612209068446,154,2017,0,1,0,0,0,0.597475972334501,-57,0,"DSF0000869288, DSF0000888784"
SCA CIP RESOA,Design,Brooklyn,4.817565369559781,128,2018,0,0,0,0,0,1.2460121765601218,-36,1,DSF0000867219
SCA CIP,"CM,F&E",Brooklyn,5.318027838290078,299,2018,0,0,0,0,0,0.9551646047994308,300,1,DSF0000867030
SCA CIP,Construction,Brooklyn,5.487477756438898,299,2018,0,0,0,0,0,1.286372217159224,300,1,DSF0000867030
SCA CIP,Design,Brooklyn,4.462547728802664,181,2017,0,0,0,0,0,0.7171664943123061,-36,0,DSF0000867030
SCA CIP,Design,Brooklyn,5.594468793858704,154,2020,0,1,0,0,0,0.6378752839832192,16,0,"DSF0000960643, DSF0000960644"
SCA CIP,Design,Brooklyn,5.533451746583408,152,2020,0,0,1,0,0,0.662726761685034,0,0,"DSF0000892088, DSF0000892090, DSF0000892091"
SCA CIP,Scope,Brooklyn,4.853351367632724,139,2019,0,0,1,0,0,2.154591200257909,51,1,"DSF0000892088, DSF0000892090, DSF0000892091"
SCA CIP,Scope,Brooklyn,4.8954998944023105,153,2020,0,1,0,0,0,0.9318696415396749,-56,0,"DSF0000960643, DSF0000960644"
SCA CIP,Design,Brooklyn,5.508772048270926,152,2019,0,0,1,0,0,0.8695828684765092,-102,0,"DSF0000887368, DSF0000887369"
SCA CIP,Scope,Brooklyn,4.906712056942964,141,2018,0,0,1,0,0,1.139779347960828,22,1,"DSF0000887368, DSF0000887369"
SCA CIP,Scope,Brooklyn,4.480538699921856,136,2018,0,0,0,0,0,0.9581307669411648,40,0,DSF0000869347
SCA CIP,Design,Brooklyn,5.608736711564463,222,2019,0,0,1,0,0,0.17372112546375282,-56,0,"DSF0000869369, DSF0000937404, DSF0000937403, DSF0000937405"
SCA CIP,Scope,Brooklyn,4.9097645688790665,182,2019,0,0,1,0,0,0.21714939868782235,-42,0,"DSF0000869369, DSF0000937404, DSF0000937403, DSF0000937405"
SCA CIP,Design,Brooklyn,5.50634670929943,153,2019,0,0,1,0,0,0.8231317957012368,-62,0,"DSF0000869407, DSF0000869404, DSF0000912549"
SCA CIP,Scope,Brooklyn,4.914210891401377,141,2018,0,0,1,0,0,0.9819555284800487,-28,0,"DSF0000869407, DSF0000869404, DSF0000912549"
SCA CIP,Scope,Brooklyn,4.812853219397302,156,2020,0,1,0,0,0,0.7801387884476312,-17,0,"DSF0000937484, DSF0000961028"
SCA CIP,Scope,Brooklyn,4.362237360964099,139,2019,0,0,1,0,0,0.0,22,0,"DSF0000912287, DSF0000960685, DSF0000937486"
SCA CIP,Design,Brooklyn,4.328603829080335,159,2019,1,0,0,0,0,0.7186898784665197,-6,0,DSF0000912751
SCA CIP,Design,Brooklyn,4.210505790680973,156,2019,1,0,0,0,0,0.3350988483094168,4,0,DSF0000912676
SCA CIP,Design,Brooklyn,5.838395047211655,77,2019,0,0,1,0,0,0.6495657056141272,-36,0,"DSF0000869540, DSF0000892309, DSF0000892310"
SCA CIP,Scope,Brooklyn,5.2363382062256205,141,2018,0,0,1,0,0,1.1376442801515776,73,1,"DSF0000869540, DSF0000892309, DSF0000892310"
SCA CIP RESOA,Design,Brooklyn,4.445604203273597,136,2019,0,0,0,0,0,1.202831541218638,96,1,DSF0000890748
SCA CIP,Design,Brooklyn,4.775435675751987,153,2020,0,0,0,0,0,0.30411230000335426,-34,0,DSF0000937602
SCA CIP,Scope,Brooklyn,4.961273931114606,139,2019,0,0,1,0,0,1.1181055876854453,1,1,"DSF0000892329, DSF0000892331, DSF0000892332, DSF0000892333, DSF0000892334"
SCA CIP,Scope,Brooklyn,4.122215878272827,90,2020,0,0,0,0,0,0.3421132075471698,-32,0,DSF0000937602
SCA CIP,Design,Brooklyn,4.752893154884593,159,2019,1,0,0,0,0,0.2835188129305776,-121,0,"DSF0000911954, DSF0000914282"
SCA CIP,Design,Brooklyn,5.750715079092303,153,2017,0,0,1,0,0,0.768912844329875,270,1,"DSF0000821882, DSF0000846900, DSF0000846897"
SCA CIP,Scope,Brooklyn,4.09968064110925,325,2019,1,0,0,0,0,0.31891891891891894,-125,0,"DSF0000911954, DSF0000914282"
SCA CIP,Scope,Brooklyn,5.152701033840312,135,2017,0,0,1,0,0,1.375284060927991,-121,1,"DSF0000821882, DSF0000846900, DSF0000846897"
SCA CIP,Design,Brooklyn,5.847468391275026,154,2020,1,1,0,0,0,0.31246563450601067,-79,0,"DSF0000798421, DSF0000892368, DSF0000937647, DSF0000937645"
SCA CIP,Scope,Brooklyn,5.152768249791665,150,2020,1,1,0,0,0,0.5304346602699832,-44,0,"DSF0000798421, DSF0000892368, DSF0000937647, DSF0000937645"
SCA CIP,Scope,Brooklyn,5.330184389060367,180,2020,0,0,1,0,0,0.8695339127670219,-47,0,"DSF0000937664, DSF0000937667, DSF0000937669, DSF0000937668, DSF0000986089"
SCA Capacity,Design,Brooklyn,6.592274490424806,241,2017,0,0,0,0,0,0.7457641246982776,13,0,DSF0000798193
SCA Capacity,Scope,Brooklyn,6.087124512104901,154,2017,0,0,0,0,0,0.6128494865605695,-14,0,DSF0000798193
SCA CIP,Design,Brooklyn,5.406640652632452,156,2017,0,1,0,0,0,1.0094409528775694,402,1,DSF0000799391
SCA CIP,Design,Brooklyn,4.875564753023147,156,2017,0,1,0,0,0,0.9285095955358451,402,1,DSF0000779204
SCA CIP,Design,Brooklyn,5.146044270807713,117,2018,0,0,0,0,0,0.6837890164531731,596,1,DSF0000798193
SCA CIP,Scope,Brooklyn,4.273510545540457,154,2017,0,1,0,0,0,1.2023758789686767,-4,1,DSF0000779204
SCA CIP,Scope,Brooklyn,4.543981176766847,29,2018,0,0,0,0,0,0.8844340296630755,-28,0,DSF0000798193
SCA CIP,Scope,Brooklyn,4.804582364022804,154,2017,0,1,0,0,0,1.3152042656629812,-4,1,DSF0000799391
SCA CIP,Design,Brooklyn,4.492494983343012,152,2019,1,0,0,0,0,0.2483832566519739,-35,0,"DSF0000911955, DSF0000912426"
SCA CIP,Scope,Brooklyn,4.324837832312843,136,2019,1,0,0,0,1,0.7960903109764756,45,0,"DSF0000912354, DSF0000937704"
SCA CIP,Design,Brooklyn,4.024854948305018,151,2019,1,0,0,0,0,0.6591746151666824,19,0,DSF0000911997
SCA CIP,Scope,Brooklyn,4.854785626751449,156,2020,0,1,0,0,0,0.7341538719456824,-15,0,"DSF0000937725, DSF0000961107"
SCA CIP,Scope,Brooklyn,5.1046748552897325,186,2020,0,0,1,0,0,2.099280971278142,-31,1,"DSF0000937728, DSF0000937730, DSF0000937731, DSF0000937732"
SCA CIP RESOA,Design,Brooklyn,4.556302500767287,165,2020,0,0,0,0,0,0.3947222222222222,-106,0,DSF0000913216
SCA CIP RESOA,Design,Brooklyn,4.445604203273597,154,2019,0,0,0,0,0,1.4616487455197134,127,1,DSF0000890750
SCA CIP,Design,Brooklyn,5.590243125373719,158,2016,0,1,0,0,0,0.4391503944633834,39,0,"DSF0000798257, DSF0000798260"
SCA CIP,Design,Brooklyn,5.8448789762712385,154,2014,0,0,1,0,0,0.9005083992356145,55,0,"DSF0000712695, DSF0000802628, DSF0000802631, DSF0000802630"
SCA CIP,Scope,Brooklyn,4.988184249728274,159,2016,0,1,0,0,0,0.8229170948251059,-133,0,"DSF0000798257, DSF0000798260"
SCA CIP,Scope,Brooklyn,5.251226844906684,140,2011,0,0,1,0,0,1.0941171192894112,256,1,"DSF0000712695, DSF0000802628, DSF0000802631, DSF0000802630"
SCA CIP,Design,Brooklyn,5.75823419743513,153,2020,0,0,1,0,0,0.5453817363310388,21,0,"DSF0000892622, DSF0000892623, DSF0000892624, DSF0000892625, DSF0000937911"
SCA CIP,Scope,Brooklyn,5.064443013296922,136,2019,0,0,1,0,0,1.4546536087451292,60,1,"DSF0000892622, DSF0000892623, DSF0000892624, DSF0000892625, DSF0000937911"
SCA CIP,"CM,F&E",Brooklyn,5.2540257397030805,299,2018,0,0,0,0,0,0.9548316284459896,300,1,DSF0000867031
SCA CIP,Construction,Brooklyn,5.433542629691579,299,2018,0,0,0,0,0,1.004293221500748,300,1,DSF0000867031
SCA CIP,Design,Brooklyn,4.408613026855303,181,2017,0,0,0,0,0,0.5423073920849271,-29,0,DSF0000867031
SCA CIP,Design,Brooklyn,4.375114684692225,156,2019,1,0,0,0,0,0.2937183811129848,-7,0,"DSF0000912678, DSF0000914264"
SCA CIP RESOA,Design,Brooklyn,4.3222192947339195,154,2018,0,0,0,0,0,1.4851904761904762,135,1,DSF0000866375
SCA CIP,Design,Brooklyn,5.544275215439039,153,2017,0,0,1,0,0,0.758518078516822,69,0,"DSF0000847313, DSF0000866261, DSF0000847312"
SCA CIP,Scope,Brooklyn,4.951104277929998,135,2017,0,0,1,0,0,0.5912458590742233,-70,0,"DSF0000847313, DSF0000866261, DSF0000847312"
SCA CIP,Design,Brooklyn,4.804630037425446,154,2019,1,0,0,0,0,0.12699931004202472,-65,0,DSF0000911957
SCA CIP,Scope,Brooklyn,4.1514311436611395,122,2019,1,0,0,0,0,0.14288738357324302,-92,0,DSF0000911957
SCA CIP RESOA,"CM,F&E",Brooklyn,4.433369746856586,149,2018,0,0,0,0,0,1.433032258064516,680,1,DSF0000822899
SCA CIP RESOA,Construction,Brooklyn,5.599696438117025,149,2018,0,0,0,0,0,0.8587458430632257,680,1,DSF0000822899
SCA CIP RESOA,Design,Brooklyn,4.433369746856586,89,2017,0,0,0,0,0,1.8660276497695854,-13,1,DSF0000822899
SCA Capacity,Design,Brooklyn,6.650427787590177,223,2017,0,0,0,0,0,0.8295033724440524,4,0,DSF0000798189
SCA Capacity,Scope,Brooklyn,6.145277848122549,153,2017,0,0,0,0,0,0.7398454978379144,-7,0,DSF0000798189
SCA CIP,Design,Brooklyn,5.565338876771067,197,2017,0,1,0,0,0,0.8724783646063732,-22,0,"DSF0000798424, DSF0000779662"
SCA CIP,Design,Brooklyn,5.4113048124972885,153,2017,0,0,1,0,0,0.7642748814062906,725,1,"DSF0000802991, DSF0000825427, DSF0000870064"
SCA CIP,Design,Brooklyn,4.677387925491221,174,2017,0,0,0,0,0,1.2239154195392634,-23,1,DSF0000798189
SCA CIP,Scope,Brooklyn,4.827647080948005,139,2015,0,0,1,0,0,1.632571420073465,37,1,"DSF0000802991, DSF0000825427, DSF0000870064"
SCA CIP,Scope,Brooklyn,4.113107366520495,0,2017,0,0,0,0,0,1.3827360308285164,0,1,DSF0000798189
SCA CIP,Scope,Brooklyn,4.963277703909644,157,2017,0,1,0,0,0,1.118835154311583,-89,1,"DSF0000798424, DSF0000779662"
SCA CIP,Design,Brooklyn,5.908791061822067,152,2015,0,0,1,0,0,0.9415153021758735,40,0,"DSF0000779700, DSF0000803027, DSF0000803030, DSF0000803029"
SCA CIP,Scope,Brooklyn,5.310633844969006,138,2014,0,0,1,0,0,0.8682068938534372,15,0,"DSF0000779700, DSF0000803027, DSF0000803030, DSF0000803029"
SCA CIP,Design,Brooklyn,5.946663465491349,156,2018,0,0,1,0,0,0.4230046470608188,83,0,"DSF0000847464, DSF0000892915, DSF0000870150, DSF0000890997"
SCA CIP,Scope,Brooklyn,5.349238662688127,142,2017,0,0,1,0,0,0.7832110255951316,126,1,"DSF0000847464, DSF0000892915, DSF0000870150, DSF0000890997"
SCA CIP,Design,Brooklyn,5.110468494924623,153,2015,1,0,0,0,0,1.522238764306318,56,1,"DSF0000779760, DSF0000868315, DSF0000912282"
SCA CIP,Design,Brooklyn,5.98113878264066,152,2018,0,0,1,0,0,0.6735519582245431,189,1,"DSF0000847483, DSF0000889027, DSF0000870169, DSF0000870171"
SCA CIP,Scope,Brooklyn,5.379076977023867,138,2017,0,0,1,0,0,0.8102341941898452,44,0,"DSF0000847483, DSF0000889027, DSF0000870169, DSF0000870171"
SCA CIP,Scope,Brooklyn,4.510370721280114,123,2014,1,0,0,0,0,0.8646987989007935,-47,0,"DSF0000779760, DSF0000868315, DSF0000912282"
SCA CIP,Design,Brooklyn,5.495888306827443,159,2019,0,0,1,0,0,0.7598995045459189,85,0,"DSF0000870205, DSF0000870207, DSF0000870208, DSF0000960499"
SCA CIP,Scope,Brooklyn,4.807230509312492,139,2018,0,0,1,0,0,1.7510872106616788,131,1,"DSF0000870205, DSF0000870207, DSF0000870208, DSF0000960499"
SCA CIP,Design,Brooklyn,4.553494656859975,153,2020,1,0,0,0,0,0.1591925743681503,-139,0,"DSF0000912679, DSF0000960707"
SCA CIP,Design,Brooklyn,5.373537231192786,153,2017,0,0,1,0,0,1.2063298637556064,-8,1,DSF0000866757
SCA CIP,Scope,Brooklyn,4.771477239864823,136,2016,0,0,1,0,0,0.9552339849369552,47,0,DSF0000866757
SCA CIP,Design,Brooklyn,4.244277120801843,154,2019,1,0,0,0,0,0.5867236467236467,-70,0,DSF0000912050
SCA CIP,Design,Brooklyn,5.592122328334094,153,2019,0,0,1,0,0,0.6631316968111093,-62,0,"DSF0000847584, DSF0000870269, DSF0000870270, DSF0000870268"
SCA CIP,Scope,Brooklyn,4.994563491009709,141,2017,0,0,1,0,0,1.110079387581514,338,1,"DSF0000847584, DSF0000870269, DSF0000870270, DSF0000870268"
SCA CIP,Design,Brooklyn,5.675778341674085,402,2018,0,0,1,0,0,1.198632911392405,38,1,"DSF0000779877, DSF0000870289"
SCA CIP,Design,Brooklyn,4.1126050015345745,154,2019,1,0,0,0,0,0.8318672839506173,-64,0,DSF0000912051
SCA CIP,Scope,Brooklyn,5.073718350346122,553,2016,0,0,1,0,0,2.9239662447257384,-59,1,"DSF0000779877, DSF0000870289"
SCA CIP,"CM,F&E",Brooklyn,4.646295874473406,209,2020,1,0,0,0,0,0.6032874980243401,119,1,DSF0000912052
SCA CIP,Construction,Brooklyn,5.378314304843788,209,2020,1,0,0,0,0,1.061384199469354,119,1,DSF0000912052
SCA CIP,Design,Brooklyn,4.2681097298084785,153,2019,1,0,0,0,0,0.7687702265372168,-36,0,DSF0000912052
SCA CIP,Design,Brooklyn,5.914482257190157,150,2020,0,0,1,0,0,0.5261006522880003,-71,0,"DSF0000893128, DSF0000938418, DSF0000960896, DSF0000938410, DSF0000960897"
SCA CIP,Scope,Brooklyn,5.220356558971001,140,2019,0,0,1,0,0,1.4128601101779101,-27,1,"DSF0000893128, DSF0000938418, DSF0000960896, DSF0000938410, DSF0000960897"
SCA CIP,Design,Brooklyn,4.872622379025288,183,2016,1,0,0,0,0,1.74313488871011,-56,1,DSF0000803297
SCA CIP,Scope,Brooklyn,4.270562387697326,94,2015,1,0,0,0,0,1.2209171359613837,-32,1,DSF0000803297
SCA CIP,Design,Brooklyn,4.390405156480081,156,2019,1,0,0,0,0,0.4324786324786325,-16,0,"DSF0000912054, DSF0000912953"
SCA CIP,Design,Brooklyn,6.006350500269948,152,2019,1,1,1,0,0,0.5978141968799582,-38,0,"DSF0000847745, DSF0000893206, DSF0000870432, DSF0000912205, DSF0000893207, DSF0000912206, DSF0000893205"
SCA CIP,Scope,Brooklyn,5.409180483038371,335,2017,1,1,1,0,0,0.5319639063748514,53,0,"DSF0000847745, DSF0000893206, DSF0000870432, DSF0000912205, DSF0000893207, DSF0000912206, DSF0000893205"
SCA CIP,Scope,Brooklyn,4.706905452560297,121,2019,0,0,1,0,0,1.375652959428145,76,1,"SCA0000056708, DSF0000938508, DSF0000938505, DSF0000938507"
SCA CIP,Design,Brooklyn,6.047243706124074,152,2019,0,0,1,0,0,0.46253363470024755,-80,0,"DSF0000870464, DSF0000870467, DSF0000870468, DSF0000893246, DSF0000912438, DSF0000912437"
SCA CIP,Scope,Brooklyn,5.446793381143499,141,2018,0,0,1,0,0,0.668568262649009,-1,0,"DSF0000870464, DSF0000870467, DSF0000870468, DSF0000893246, DSF0000912438, DSF0000912437"
SCA CIP,Design,Brooklyn,4.433225625237405,184,2018,0,0,0,0,0,0.14825195456557014,35,0,DSF0000888875
SCA CIP,Design,Brooklyn,6.054962953387721,153,2017,0,0,1,0,0,0.537060957922803,258,1,"DSF0000803472, DSF0000847844, DSF0000847843, DSF0000847842, DSF0000847841, DSF0000866310"
SCA CIP,Design,Brooklyn,4.814713612695977,154,2019,1,0,0,0,0,0.1259690516316838,-93,0,DSF0000911999
SCA CIP,Scope,Brooklyn,5.4571943503612,141,2015,0,0,1,0,0,0.639883299714531,174,1,"DSF0000803472, DSF0000847844, DSF0000847843, DSF0000847842, DSF0000847841, DSF0000866310"
SCA CIP,Scope,Brooklyn,4.161517733138683,122,2019,1,0,0,0,0,0.14167528438469493,-70,0,DSF0000911999
SCA CIP RESOA,Design,Brooklyn,4.778151250383644,153,2019,0,0,0,0,0,0.9641,139,1,DSF0000866677
SCA CIP,Design,Brooklyn,4.953711380427555,229,2018,0,0,0,0,0,1.6088107687173212,-130,1,DSF0000889050
SCA CIP,Design,Brooklyn,4.086039331268039,169,2019,0,0,0,0,1,5.774423755229267,-1,1,DSF0000912745
SCA CIP,Scope,Brooklyn,4.351641726193522,91,2018,0,0,0,0,0,1.4877625489498043,1,1,DSF0000889050
SCA CIP RESOA,Design,Brooklyn,4.495821753385906,153,2017,0,0,0,0,0,1.079214559386973,77,0,DSF0000844797
SCA CIP,Design,Brooklyn,5.280109224697342,154,2019,0,0,1,0,0,0.8363694554917783,26,0,"DSF0000893391, DSF0000893392"
SCA CIP,Scope,Brooklyn,4.5811301057189056,139,2019,0,0,1,0,0,2.5401647515609422,30,1,"DSF0000893391, DSF0000893392"
SCA CIP,Design,Brooklyn,4.337778624836184,154,2019,1,0,0,0,0,0.4955894514380226,8,0,"DSF0000912056, DSF0000912533"
SCA CIP,Scope,Brooklyn,5.1192558892779365,137,2018,1,0,0,0,1,0.9429559270516717,-29,0,"DSF0000889377, DSF0000893420"
SCA CIP,Scope,Brooklyn,4.996629861222035,137,2019,0,0,1,0,0,1.1665978010017435,56,1,"DSF0000870633, DSF0000938713, DSF0000938712, DSF0000960696"
SCA CIP RESOA,Design,Brooklyn,4.512951079972491,152,2019,0,0,0,0,0,1.743769183548189,227,1,DSF0000890758
SCA CIP,Design,Brooklyn,6.1391543431752575,154,2018,0,0,1,0,0,0.2944670788031348,245,1,"DSF0000890644, DSF0000914262, DSF0000914263, DSF0000914261"
SCA CIP,Scope,Brooklyn,5.440184654070886,0,2018,0,0,1,0,0,0.013283007911736953,0,0,"DSF0000890644, DSF0000914262, DSF0000914263, DSF0000914261"
SCA CIP RESOA,Design,Brooklyn,4.477121254719663,150,2019,0,0,0,0,0,1.6804,146,1,DSF0000890759
SCA CIP,Scope,Brooklyn,4.920957705955449,135,2019,0,0,1,0,0,0.008361324376199616,442,1,"DSF0000893457, DSF0000987217, DSF0000987218, DSF0000987225, DSF0001008596"
SCA CIP RESOA,"CM,F&E",Brooklyn,5.0693128215640275,209,2019,0,0,0,0,0,1.3367404351087773,220,1,DSF0000867380
SCA CIP RESOA,Construction,Brooklyn,5.719727275791755,209,2019,0,0,0,0,0,0.7829899442874629,220,1,DSF0000867380
SCA CIP RESOA,Design,Brooklyn,4.55339751012388,143,2018,0,0,0,0,0,1.1659395973154363,57,1,DSF0000867380
SCA CIP,Design,Brooklyn,5.180432698786463,236,2018,0,0,0,0,0,1.081039159906803,-5,0,DSF0000889049
SCA CIP,Design,Brooklyn,4.122183100093868,168,2020,0,0,0,0,1,1.4299192391878632,-124,1,DSF0000960812
SCA CIP,Design,Brooklyn,5.160672574573324,183,2020,1,0,0,0,0,0.9931200265251989,-50,0,DSF0000893532
SCA CIP,Scope,Brooklyn,4.461708570064366,96,2019,1,0,0,0,0,1.6035780893831595,-14,1,DSF0000893532
SCA CIP,Scope,Brooklyn,4.578375573946839,91,2018,0,0,0,0,0,2.0785965097552603,-5,1,DSF0000889049
SCA CIP,Design,Brooklyn,5.009998730048061,139,2020,0,0,0,0,1,1.5550723646278182,-6,1,"DSF0000960982, DSF0000961564"
SCA CIP,Scope,Brooklyn,4.319126888281839,91,2020,0,0,0,0,1,3.0229245599731427,-57,1,"DSF0000960982, DSF0000961564"
SCA CIP,Design,Brooklyn,4.719248398447946,153,2019,0,0,0,0,0,1.0346631036457339,-28,0,DSF0000870826
SCA CIP,Design,Brooklyn,4.3319331725032795,159,2019,1,0,0,0,0,0.21238649592549477,-12,0,"DSF0000912753, DSF0000913032"
SCA CIP,Scope,Brooklyn,4.066027594948862,143,2018,0,0,0,0,0,2.754681326232606,70,1,DSF0000870826
SCA CIP,Design,Brooklyn,4.017742664161498,167,2020,0,0,0,0,1,3.8140539502735913,-88,1,DSF0000912942
SCA CIP,Design,Brooklyn,5.777143242108172,150,2019,0,0,1,0,0,0.9519937054070353,-87,0,"DSF0000867026, DSF0000870861, DSF0000870862, DSF0000870860"
SCA CIP,Scope,Brooklyn,5.180472827901601,526,2017,0,0,1,0,0,1.652391417691277,-6,1,"DSF0000867026, DSF0000870861, DSF0000870862, DSF0000870860"
SCA CIP,Design,Brooklyn,4.190359716265324,180,2020,0,0,0,0,0,0.7369201986968583,-21,0,DSF0000960740
SCA CIP,Design,Brooklyn,4.266231696689894,154,2019,1,0,0,0,0,0.4938786565547129,-8,0,"DSF0000912058, DSF0000912619"
SCA CIP RESOA,Design,Brooklyn,4.567026366159061,135,2019,0,0,0,0,0,0.9819241192411924,-100,0,DSF0000890737
SCA CIP,Design,Brooklyn,4.709193613438504,156,2019,0,0,1,0,0,0.8337012365454866,-44,0,DSF0000893825
SCA CIP,Scope,Brooklyn,4.010215125214226,0,2019,0,0,1,0,0,1.7461418245751124,0,1,DSF0000893825
SCA CIP,Design,Brooklyn,4.347466625800622,159,2019,1,0,0,0,0,0.28148447679381766,-36,0,"DSF0000912681, DSF0000914280"
SCA CIP,Design,Brooklyn,5.458781331323899,153,2019,0,0,1,0,0,1.09948712599315,-28,0,"DSF0000871071, DSF0000893860, DSF0000893858"
SCA CIP,Scope,Brooklyn,4.869102585958763,92,2018,0,0,1,0,0,1.3512125226418665,26,1,"DSF0000871071, DSF0000893860, DSF0000893858"
SCA CIP,Design,Brooklyn,4.53790720385597,156,2019,1,0,0,0,0,0.2369953922392558,-1,0,DSF0000912682
SCA CIP,Design,Brooklyn,5.885810550155454,183,2017,0,0,1,0,0,0.7660065427064432,-23,0,"DSF0000848403, DSF0000848402, DSF0000866190, DSF0000866191, DSF0000848400, DSF0000888808"
SCA CIP,Scope,Brooklyn,5.286743808454502,268,2015,0,0,1,0,0,0.9311004092431069,-155,0,"DSF0000848403, DSF0000848402, DSF0000866190, DSF0000866191, DSF0000848400, DSF0000888808"
SCA CIP,Design,Brooklyn,5.678379054690819,156,2017,0,0,1,0,0,0.9179632041304653,-44,0,"DSF0000848464, DSF0000848463, DSF0000868163"
SCA CIP,Scope,Brooklyn,5.076319974124645,135,2017,0,0,1,0,0,0.822803073516089,84,0,"DSF0000848464, DSF0000848463, DSF0000868163"
SCA CIP RESOA,Design,Brooklyn,4.518513939877887,177,2020,0,0,0,0,0,0.40224242424242423,-64,0,DSF0000913240
SCA CIP RESOA,Design,Brooklyn,5.006936451364293,152,2018,0,0,0,0,0,0.5971557917527802,115,1,DSF0000867186
SCA CIP,Design,Brooklyn,5.447095984841377,137,2019,0,0,0,0,0,0.9312366052293185,-94,0,DSF0000888883
SCA CIP,Scope,Brooklyn,4.845035993513415,47,2019,0,0,0,0,0,1.023874839262752,10,0,DSF0000888883
SCA CIP,Design,Brooklyn,4.221414237842339,154,2019,1,0,0,0,0,0.5335135135135135,-5,0,DSF0000912000
SCA CIP RESOA,Design,Brooklyn,4.460281278177911,120,2018,0,0,0,0,0,1.583630756436467,-14,1,DSF0000800340
SCA CIP,Design,Brooklyn,4.301398989173564,154,2019,1,0,0,0,0,0.4463705850027477,10,0,DSF0000912060
SCA CIP,"CM,F&E",Brooklyn,4.746501866839509,209,2019,1,0,0,0,0,0.6219995339081799,143,1,DSF0000911960
SCA CIP,Construction,Brooklyn,5.478524651252554,209,2019,1,0,0,0,0,1.0221582810303982,143,1,DSF0000911960
SCA CIP,Design,Brooklyn,4.368305483839283,154,2019,1,0,0,0,0,0.36949167059226584,-50,0,DSF0000911960
SCA CIP RESOA,Design,Brooklyn,4.850750355369331,139,2018,0,0,0,0,1,0.9698943835751653,181,1,DSF0000867216
SCA CIP,Design,Brooklyn,4.5358002908248976,155,2019,1,0,0,0,0,0.6244030285381479,-14,0,"DSF0000866812, DSF0000912798"
SCA CIP,Design,Brooklyn,5.6407000199084365,159,2018,0,1,0,0,0,0.7976213347971273,-15,0,"DSF0000871392, DSF0000889349"
SCA CIP,Scope,Brooklyn,5.038640028580474,154,2018,0,1,0,0,0,0.6872878642331092,-119,0,"DSF0000871392, DSF0000889349"
SCA CIP,Scope,Brooklyn,4.304275050477128,138,2019,1,0,0,0,1,1.023424317617866,73,0,"DSF0000912353, DSF0000960613"
SCA CIP,Scope,Brooklyn,4.323520227754337,121,2019,0,0,0,0,0,2.146655272278403,-2,1,DSF0000871422
SCA CIP,Design,Brooklyn,5.823303999326123,151,2015,0,0,1,0,0,0.9521223782893897,25,0,"DSF0000758598, DSF0000804446, DSF0000781143, DSF0000781142"
SCA CIP,Scope,Brooklyn,5.223493345052174,140,2013,0,0,1,0,0,0.7669382363313588,169,1,"DSF0000758598, DSF0000804446, DSF0000781143, DSF0000781142"
SCA CIP,Design,Brooklyn,5.677270152696421,143,2019,0,0,1,0,0,0.5696895282267136,298,1,"DSF0000871487, DSF0000960967, DSF0000894281, DSF0000894290"
SCA CIP,Design,Brooklyn,4.37675939540488,154,2019,1,0,0,0,0,0.6044939101217975,-149,0,"DSF0000912063, DSF0000960567"
SCA CIP,Scope,Brooklyn,4.987728813125037,380,2018,0,0,1,0,0,1.159935811714362,22,1,"DSF0000871487, DSF0000960967, DSF0000894281, DSF0000894290"
SCA CIP,Design,Brooklyn,4.343487370238302,155,2019,1,0,0,0,0,0.34687585018590733,-50,0,"DSF0000912064, DSF0000912799"
SCA CIP,Design,Brooklyn,5.669219223076155,152,2019,0,0,1,0,0,0.5736493215819403,-61,0,"DSF0000871592, DSF0000871594, DSF0000871595, DSF0000871596"
SCA CIP,Scope,Brooklyn,5.072665238963297,141,2018,0,0,1,0,0,0.6037914611760128,-36,0,"DSF0000871592, DSF0000871594, DSF0000871595, DSF0000871596"
SCA CIP,Design,Brooklyn,4.451033825139367,154,2019,1,0,0,0,0,0.27475133623588543,20,0,DSF0000911961
SCA CIP,Design,Brooklyn,5.6260877254825745,154,2017,0,0,1,0,0,0.8558050308217072,155,1,"DSF0000848965, DSF0000848971, DSF0000848969, DSF0000848968"
SCA CIP,Scope,Brooklyn,5.030984062341586,137,2017,0,0,1,0,0,1.155631081521486,-5,1,"DSF0000848965, DSF0000848971, DSF0000848969, DSF0000848968"
SCA CIP,Design,Brooklyn,5.98251455073219,152,2019,0,0,1,0,0,0.45618080700607366,-47,0,"DSF0000871715, DSF0000871717, DSF0000871718, DSF0000871719, DSF0000894506"
SCA CIP,Scope,Brooklyn,5.384589944315123,141,2018,0,0,1,0,0,0.7449470366948258,-41,0,"DSF0000871715, DSF0000871717, DSF0000871718, DSF0000871719, DSF0000894506"
SCA CIP,Design,Brooklyn,5.75348730440417,152,2019,0,0,1,0,0,0.539755678059537,-126,0,"DSF0000871728, DSF0000871729, DSF0000871730, DSF0000894514"
SCA CIP,Scope,Brooklyn,5.054513469449433,141,2018,0,0,1,0,0,1.2133381551325702,49,1,"DSF0000871728, DSF0000871729, DSF0000871730, DSF0000894514"
SCA CIP RESOA,Design,Brooklyn,4.380211241711606,102,2019,0,0,0,0,1,0.7900833333333334,76,0,"DSF0000890799, DSF0000912596"
SCA CIP,Design,Brooklyn,4.415440798061818,159,2019,1,0,0,0,0,0.2968341785769172,2,0,DSF0000912685
SCA CIP,Scope,Brooklyn,4.016406500871118,138,2019,0,0,0,1,1,1.036013480982186,17,0,"DSF0000912355, DSF0000960562"
SCA CIP RESOA,Design,Brooklyn,5.397519408009976,150,2016,0,0,1,0,0,1.2307553711993209,544,1,DSF0000821680
SCA CIP,Design,Brooklyn,5.618610745173559,153,2019,0,0,1,0,0,0.6499020546857327,-130,0,"DSF0000871887, DSF0000871888, DSF0000871890, DSF0000871891"
SCA CIP,Design,Brooklyn,4.653916465106381,154,2019,1,0,0,0,0,0.24586781443436204,-6,0,"DSF0000912065, DSF0000912773"
SCA CIP,Scope,Brooklyn,4.000694315866355,133,2019,1,0,0,0,0,0.2766573482428115,-120,0,"DSF0000912065, DSF0000912773"
SCA CIP,Scope,Brooklyn,5.024608796126558,141,2018,0,0,1,0,0,0.8554096192006048,54,0,"DSF0000871887, DSF0000871888, DSF0000871890, DSF0000871891"
SCA CIP,Design,Brooklyn,4.707382792961376,211,2018,0,0,0,0,0,1.1415120247950097,152,1,DSF0000798516
SCA CIP,Scope,Brooklyn,4.143108522762512,199,2018,0,0,0,0,0,1.023160468963533,-81,0,DSF0000798516
SCA CIP RESOA,Design,Brooklyn,4.776207056424993,159,2019,0,0,0,0,0,0.8303421951382843,7,0,DSF0000867382
SCA CIP,Scope,Brooklyn,4.828647009267499,139,2019,0,0,1,0,0,1.5232796225407281,-32,1,"DSF0000894741, DSF0000894742, DSF0000894743"
SCA CIP,Design,Brooklyn,4.406744506234903,156,2019,1,0,0,0,0,0.18301191596111635,5,0,DSF0000912690
SCA CIP,Design,Brooklyn,5.472614585864362,152,2019,0,0,1,0,0,0.848300623435937,85,0,"DSF0000871987, DSF0000871988, DSF0000871989, DSF0000912332"
SCA CIP,Scope,Brooklyn,4.79309160017658,144,2018,0,0,1,0,0,1.7489049919484703,-25,1,"DSF0000871987, DSF0000871988, DSF0000871989, DSF0000912332"
SCA CIP,Design,Brooklyn,5.667601428200724,152,2019,0,0,1,0,0,0.5987092585546018,-84,0,"DSF0000894806, DSF0000894807, DSF0000894805, DSF0000894803"
SCA CIP,Scope,Brooklyn,5.07286725262981,142,2018,0,0,1,0,0,1.589280278689079,12,1,"DSF0000894806, DSF0000894807, DSF0000894805, DSF0000894803"
SCA CIP,Design,Brooklyn,4.2638726768652235,154,2019,1,0,0,0,0,0.32080610021786493,-35,0,"DSF0000912067, DSF0000912785"
SCA CIP,Design,Brooklyn,5.589493855472156,150,2018,0,1,0,0,0,0.6139910240046115,274,1,"DSF0000888998, DSF0000781746"
SCA CIP,Scope,Brooklyn,4.995797476353155,153,2017,0,1,0,0,0,0.590435897694801,-25,0,"DSF0000888998, DSF0000781746"
SCA CIP RESOA,"CM,F&E",Brooklyn,4.815405058696692,239,2019,0,0,0,0,0,1.4139107290360082,0,1,DSF0000867361
SCA CIP RESOA,Construction,Brooklyn,5.6990525124495575,239,2019,0,0,0,0,0,0.7540107379597877,0,0,DSF0000867361
SCA CIP RESOA,Design,Brooklyn,4.532716169586027,167,2018,0,0,0,0,0,1.2548611314778426,115,1,DSF0000867361
SCA Capacity,Scope,Brooklyn,5.998833657434078,122,2019,0,0,0,0,0,0.7306175161783904,0,0,DSF0000911840
SCA CIP,"CM,F&E",Brooklyn,5.784764884887097,714,2018,0,0,1,0,0,1.0332399332246676,-134,0,"DSF0000849395, DSF0000889015, DSF0000872098, DSF0000872097"
SCA CIP,Construction,Brooklyn,6.934885104158736,714,2018,0,0,1,0,0,1.0143101609496659,-134,0,"DSF0000849395, DSF0000889015, DSF0000872098, DSF0000872097"
SCA CIP,Design,Brooklyn,5.678442803403892,153,2018,0,0,1,0,0,0.6051031940568276,-22,0,"DSF0000849395, DSF0000889015, DSF0000872098, DSF0000872097"
SCA CIP,Scope,Brooklyn,5.079763533946667,137,2017,0,0,1,0,0,0.9107447507926865,13,0,"DSF0000849395, DSF0000889015, DSF0000872098, DSF0000872097"
SCA Capacity,Design,Brooklyn,6.563215206308502,196,2018,0,0,0,0,0,0.8588562398845195,47,0,DSF0000798194
SCA Capacity,Scope,Brooklyn,6.058065227988597,154,2017,0,0,0,0,0,0.5492944315646735,2,0,DSF0000798194
SCA CIP,Scope,Brooklyn,4.793231447056521,91,2019,0,0,0,0,0,1.0667900837089503,-28,0,DSF0000798194
SCA CIP,Design,Brooklyn,5.918565007974718,152,2019,0,0,1,0,0,0.5329232105377434,-96,0,"DSF0000872131, DSF0000872132, DSF0000872133, DSF0000872134"
SCA CIP,Scope,Brooklyn,5.316505016646755,141,2018,0,0,1,0,0,0.7553207401510217,2,0,"DSF0000872131, DSF0000872132, DSF0000872133, DSF0000872134"
SCA CIP,Design,Brooklyn,5.607969437822521,154,2016,0,1,0,0,0,1.102325638749137,-20,1,"DSF0000798278, DSF0000798281"
SCA CIP,Scope,Brooklyn,5.005909446494559,159,2016,0,1,0,0,0,1.188704744993588,-68,1,"DSF0000798278, DSF0000798281"
SCA CIP,Design,Brooklyn,5.291874788468651,153,2020,0,0,1,0,0,1.5045499111465164,10,1,"DSF0000872218, DSF0000895028, DSF0000895029"
SCA CIP,Scope,Brooklyn,4.604755094644832,136,2019,0,0,1,0,0,2.994534025690079,60,1,"DSF0000872218, DSF0000895028, DSF0000895029"
SCA CIP,Scope,Brooklyn,4.769916166782944,141,2018,0,0,1,0,0,0.8367842644336113,23,0,"DSF0000872231, DSF0000895047, DSF0000895046, DSF0000940371"
SCA CIP,Design,Brooklyn,4.320872965227249,159,2019,1,0,0,0,0,0.250107475519465,-21,0,"DSF0000912691, DSF0000914257"
SCA CIP,"CM,F&E",Brooklyn,5.574214211931888,449,2016,0,1,0,0,0,1.3097068435165984,1109,1,"DSF0000798255, DSF0000782007"
SCA CIP,Construction,Brooklyn,6.780268766395372,449,2016,0,1,0,0,0,1.0464345434298958,1109,1,"DSF0000798255, DSF0000782007"
SCA CIP,Design,Brooklyn,5.5072674223012745,159,2014,0,1,0,0,0,1.264911495067856,-26,1,"DSF0000798255, DSF0000782007"
SCA CIP,Design,Brooklyn,5.604666606047173,154,2019,0,0,1,0,0,0.6572235144430528,29,0,"DSF0000895099, DSF0000895100, DSF0000895101"
SCA CIP,Scope,Brooklyn,4.905207430973312,155,2014,0,1,0,0,0,1.3617693522906793,-98,1,"DSF0000798255, DSF0000782007"
SCA CIP,Scope,Brooklyn,4.90569876018416,137,2019,0,0,1,0,0,1.6161750453517556,13,1,"DSF0000895099, DSF0000895100, DSF0000895101"
SCA CIP,Design,Brooklyn,4.428442580279988,156,2019,1,0,0,0,0,0.34997576345128456,-1,0,DSF0000912692
SCA CIP,Scope,Brooklyn,5.164186245124277,179,2020,0,0,1,0,0,1.221776845913501,-38,1,"DSF0000940478, DSF0000940479, DSF0000940480, DSF0000940481"
SCA CIP,Design,Brooklyn,5.64855515566267,155,2017,0,1,0,0,0,0.6503459119496855,-37,0,"DSF0000798283, DSF0000798285"
SCA CIP,Scope,Brooklyn,5.046495164334709,154,2017,0,1,0,0,0,0.8526415094339622,-122,0,"DSF0000798283, DSF0000798285"
SCA CIP,Design,Brooklyn,4.377524800673702,157,2019,1,0,0,0,0,0.20279221868187153,-2,0,"DSF0000912693, DSF0000913020"
SCA CIP,Design,Brooklyn,5.0516155230049895,154,2019,0,0,1,0,0,0.7760877286450009,76,0,"DSF0000872405, DSF0000872406"
SCA CIP,Scope,Brooklyn,4.365038482195706,137,2017,0,0,1,0,0,4.45344321712116,405,1,"DSF0000872405, DSF0000872406"
SCA CIP,Design,Brooklyn,5.536381658841393,151,2018,0,1,0,0,0,0.8185773279823184,-58,0,"DSF0000798258, DSF0000798259"
SCA CIP,Scope,Brooklyn,4.934321667513431,153,2018,0,1,0,0,0,0.9947187808992032,-52,0,"DSF0000798258, DSF0000798259"
SCA CIP RESOA,Design,Brooklyn,4.410642285972441,155,2018,0,0,0,0,0,1.4859762256234947,76,1,DSF0000867379
SCA CIP,Design,Brooklyn,4.9164539485499255,180,2018,0,0,0,0,0,0.9376121212121212,-3,0,DSF0000888831
SCA CIP,Scope,Brooklyn,4.352182518111363,120,2018,0,0,0,0,0,0.7979111111111111,98,1,DSF0000888831
SCA CIP,Design,Brooklyn,5.9656719712201065,165,2016,0,0,0,0,0,2.3628257575757576,233,1,DSF0000798184
SCA CIP,Design,Brooklyn,4.721728198572788,137,2019,0,0,0,0,0,1.0215031315240084,-3,0,DSF0000889658
SCA CIP,Scope,Brooklyn,4.157456768134225,92,2018,0,0,0,0,0,0.9065414057063327,8,0,DSF0000889658
SCA CIP,Scope,Brooklyn,5.363611979892144,0,2016,0,0,0,0,0,3.0976233766233765,0,1,DSF0000798184
SCA CIP,Design,Brooklyn,5.627245999360768,158,2019,0,1,0,0,0,0.5226536567873682,28,0,"DSF0000912413, DSF0000895335"
SCA CIP,Scope,Brooklyn,4.334775331677956,137,2018,1,0,0,0,1,0.0,13,0,"DSF0000889380, DSF0000895336"
SCA CIP,Scope,Brooklyn,5.025187032593756,153,2019,0,1,0,0,0,0.41649130422474073,-89,0,"DSF0000912413, DSF0000895335"
SCA CIP RESOA,"CM,F&E",Brooklyn,5.084644186988133,269,2019,0,0,0,0,0,1.0352948921567822,252,1,DSF0000867318
SCA CIP RESOA,Construction,Brooklyn,5.53790720385597,269,2019,0,0,0,0,0,0.7806358130234445,252,1,DSF0000867318
SCA CIP RESOA,Design,Brooklyn,4.371585011499013,180,2018,0,0,0,0,0,0.458219993199592,-49,0,DSF0000867318
SCA CIP,Design,Brooklyn,5.520863292447035,153,2020,0,1,0,0,0,0.7182916905271407,-46,0,"DSF0000798438, DSF0000895405"
SCA CIP,Design,Brooklyn,5.712246361177945,152,2018,0,0,1,0,0,0.8848485318735804,35,0,"DSF0000872577, DSF0000872578, DSF0000872579"
SCA CIP,Scope,Brooklyn,5.110185527411161,137,2017,0,0,1,0,0,0.9351800124146493,-37,0,"DSF0000872577, DSF0000872578, DSF0000872579"
SCA CIP,Scope,Brooklyn,4.821893288111016,153,2020,0,1,0,0,0,0.9659423129087676,-65,0,"DSF0000798438, DSF0000895405"
SCA CIP,Design,Brooklyn,5.367447243739689,155,2015,0,0,1,0,0,0.8310870246171406,8,0,"DSF0000782401, DSF0000822187, DSF0000805706"
SCA CIP,Scope,Brooklyn,4.787283319924115,143,2014,0,0,1,0,0,1.3191187270501836,23,1,"DSF0000782401, DSF0000822187, DSF0000805706"
SCA CIP,Design,Brooklyn,4.518355985891093,178,2017,0,0,0,0,0,0.4662907724020856,-57,0,DSF0000867033
SCA CIP RESOA,Design,Brooklyn,4.380211241711606,37,2020,0,0,0,0,1,1.8724583333333333,-4,1,"DSF0000890780, DSF0000912400"
SCA CIP,Design,Brooklyn,4.351255033547635,178,2018,0,0,0,0,0,0.6796276500979869,-60,0,DSF0000867034
SCA CIP,Design,Brooklyn,4.369549801664892,155,2019,1,0,0,0,0,0.4796310530361261,-20,0,"DSF0000912001, DSF0000912633"
SCA CIP,Design,Brooklyn,5.81967946691197,155,2019,0,0,1,0,0,0.396180888995253,75,0,"DSF0000895586, DSF0000895587, DSF0000895588, DSF0000895589"
SCA CIP,Scope,Brooklyn,5.1207120938344755,136,2019,0,0,1,0,0,1.2373411490283395,-15,1,"DSF0000895586, DSF0000895587, DSF0000895588, DSF0000895589"
SCA CIP RESOA,Design,Brooklyn,4.886377906758572,153,2020,0,0,0,0,0,0.7836321122369446,22,0,DSF0000890782
SCA CIP,Design,Brooklyn,4.256862005896403,160,2019,1,0,0,0,0,0.3647182552861729,-19,0,"DSF0000912694, DSF0000914241"
SCA CIP,Design,Brooklyn,4.949877704036875,152,2019,1,0,0,0,0,0.30790123456790125,-75,0,"DSF0000868272, DSF0000912313"
SCA CIP,Scope,Brooklyn,4.385606273598312,148,2019,1,0,0,0,0,0.27444444444444444,-119,0,"DSF0000868272, DSF0000912313"
SCA CIP,Scope,Brooklyn,4.131875187972593,61,2020,0,0,0,0,1,1.0,14,0,DSF0000960716
SCA CIP,Design,Brooklyn,4.4683325582397755,157,2019,1,0,0,0,0,0.20119731963672233,-37,0,DSF0000912755
SCA CIP,Design,Brooklyn,5.467569631455182,153,2020,0,1,0,0,0,0.8096696811301853,-27,0,"DSF0000941045, DSF0000960645"
SCA CIP,Scope,Brooklyn,4.768601106956361,152,2020,0,1,0,0,0,0.9406934151120198,-85,0,"DSF0000941045, DSF0000960645"
SCA CIP,Design,Brooklyn,4.930572105728843,152,2017,0,0,0,0,0,0.9882312909206111,-33,0,DSF0000828317
SCA CIP,Scope,Brooklyn,4.366310866766736,135,2016,0,0,0,0,0,2.2582171743245567,197,1,DSF0000828317
SCA CIP RESOA,Design,Brooklyn,4.681241237375588,156,2019,0,0,0,0,0,1.0632708333333334,39,0,DSF0000890794
SCA CIP,Design,Brooklyn,5.764200051565404,184,2018,0,0,0,0,0,1.1050716655881259,104,1,DSF0000889554
SCA CIP,Scope,Brooklyn,5.162140060237442,0,2018,0,0,0,0,0,0.18286084071101075,0,0,DSF0000889554
SCA CIP,"CM,F&E",Brooklyn,5.311565272754895,539,2019,0,0,1,0,0,1.6358663029315166,-21,1,DSF0000872925
SCA CIP,"CM,F&E",Brooklyn,4.697996093508747,269,2020,1,0,0,0,0,0.20544018601667735,-178,0,"DSF0000912003, DSF0000912772"
SCA CIP,Construction,Brooklyn,5.430008906109681,269,2020,1,0,0,0,0,1.5009529683198406,-178,1,"DSF0000912003, DSF0000912772"
SCA CIP,Construction,Brooklyn,6.517619821125831,539,2019,0,0,1,0,0,1.042877275171694,-21,0,DSF0000872925
SCA CIP,Design,Brooklyn,5.244618483124282,156,2018,0,0,1,0,0,1.0105444152176637,37,0,DSF0000872925
SCA CIP,Design,Brooklyn,4.319792888480451,154,2019,1,0,0,0,0,0.37279126562275533,-33,0,"DSF0000912003, DSF0000912772"
SCA CIP,Scope,Brooklyn,4.642563437104388,135,2018,0,0,1,0,0,1.3668868139375996,7,1,DSF0000872925
SCA CIP,Design,Brooklyn,5.132950935646934,152,2020,0,0,1,0,0,0.7415621134476056,-43,0,"DSF0000895802, DSF0000895803"
SCA CIP,Scope,Brooklyn,4.452215913750055,140,2019,0,0,1,0,0,1.183210957356679,77,1,"DSF0000895802, DSF0000895803"
SCA CIP,Design,Brooklyn,4.675549222976128,159,2019,1,0,0,0,0,0.19020580474934037,-55,0,"DSF0000912071, DSF0000913026"
SCA CIP,Design,Brooklyn,5.621120173121952,152,2015,0,1,0,0,0,1.034155130088576,65,0,"DSF0000798262, DSF0000798261"
SCA CIP,Scope,Brooklyn,5.028042295090749,154,2014,0,1,0,0,0,0.64050810912159,-53,0,"DSF0000798262, DSF0000798261"
SCA CIP,Scope,Brooklyn,4.02234587626988,201,2019,1,0,0,0,0,0.21390577507598785,-125,0,"DSF0000912071, DSF0000913026"
SCA Capacity,Scope,Brooklyn,6.155216058431984,149,2020,0,0,0,0,0,0.5246756971331242,0,0,DSF0000798188
SCA CIP,Design,Brooklyn,4.9236480665319915,147,2020,0,0,0,0,0,0.6730847182813133,-1,0,DSF0000798188
SCA CIP,Scope,Brooklyn,4.224688417457288,0,2020,0,0,0,0,0,0.8413209346685742,0,0,DSF0000798188
SCA CIP,Design,Brooklyn,5.0755141143492475,188,2019,0,0,0,1,0,0.9295829096318209,-53,0,DSF0000912293
SCA CIP,Scope,Brooklyn,4.376540460188395,90,2019,0,0,0,1,0,1.4947474577695605,-14,1,DSF0000912293
SCA CIP,Design,Brooklyn,5.402950546598747,152,2019,0,0,1,0,0,0.9915026037856711,-46,0,"DSF0000873058, DSF0000873059, DSF0000873060"
SCA CIP,Scope,Brooklyn,4.820739887269882,141,2018,0,0,1,0,0,1.236348251790517,-34,1,"DSF0000873058, DSF0000873059, DSF0000873060"
SCA CIP,Design,Brooklyn,5.755685858358669,195,2019,0,0,1,0,0,0.6752569539027506,-45,0,"DSF0000895932, DSF0000895933, DSF0000895934, DSF0000960659"
SCA CIP,Scope,Brooklyn,5.0626308631074535,182,2019,0,0,1,0,0,1.1679810930371473,-38,1,"DSF0000895932, DSF0000895933, DSF0000895934, DSF0000960659"
SCA CIP,"CM,F&E",Brooklyn,4.735558981091423,239,2020,1,0,0,0,0,0.6273738395073076,-126,0,"DSF0000912004, DSF0000912609"
SCA CIP,Construction,Brooklyn,5.467578510402737,239,2020,1,0,0,0,0,1.1367725228294943,-126,1,"DSF0000912004, DSF0000912609"
SCA CIP,Design,Brooklyn,4.357363030615143,154,2019,1,0,0,0,0,0.42960035133948177,-13,0,"DSF0000912004, DSF0000912609"
SCA CIP RESOA,Design,Brooklyn,5.751556224793704,141,2017,0,0,0,0,0,1.5790027641930682,415,1,DSF0000822797
SCA CIP,Design,Brooklyn,4.051152522447381,154,2019,1,0,0,0,0,0.4360888888888889,3,0,DSF0000912072
SCA CIP,Design,Brooklyn,5.616244388829242,150,2018,0,1,0,0,0,0.8542924893534649,-34,0,"DSF0000798295, DSF0000798296"
SCA CIP,Design,Brooklyn,4.990059004392979,83,2018,0,0,1,0,0,0.6064233606515445,183,1,"DSF0000888832, DSF0000895966"
SCA CIP,Scope,Brooklyn,5.014184397501279,154,2017,0,1,0,0,0,0.9826461478900503,-70,0,"DSF0000798295, DSF0000798296"
SCA CIP,Scope,Brooklyn,4.401590072406656,121,2018,0,0,1,0,0,2.141723850700091,29,1,"DSF0000888832, DSF0000895966"
SCA CIP,Design,Brooklyn,5.679635908371346,184,2018,0,0,0,0,0,1.064517208283061,35,0,DSF0000889557
SCA CIP,Scope,Brooklyn,5.07757500891164,0,2018,0,0,0,0,0,0.11416311884707712,0,0,DSF0000889557
SCA CIP,Design,Brooklyn,4.838660225988941,154,2018,0,0,0,0,0,0.8178628389154705,16,0,DSF0000873229
SCA CIP,Scope,Brooklyn,4.2743887955503785,122,2018,0,0,0,0,0,0.7300903774587985,17,0,DSF0000873229
SCA CIP,Design,Brooklyn,4.6009620109768665,154,2019,1,0,0,0,0,0.3355221935386852,-29,0,DSF0000912074
SCA CIP RESOA,"CM,F&E",Brooklyn,5.159383692121611,269,2019,0,0,0,0,0,1.0904121547190988,214,1,DSF0000801010
SCA CIP RESOA,Construction,Brooklyn,5.676966900566716,269,2019,0,0,0,0,0,0.8356466140261183,214,1,DSF0000801010
SCA CIP RESOA,Design,Brooklyn,4.5106388291269495,178,2018,0,0,0,0,0,0.44971765359335947,-51,0,DSF0000801010
SCA CIP,Design,Brooklyn,4.909170769708037,187,2019,0,0,0,0,0,1.551572823192979,-14,1,DSF0000844129
SCA CIP,Design,Brooklyn,4.364738555055399,154,2019,1,0,0,0,0,0.3524179620034542,-42,0,"DSF0000912075, DSF0000912787"
SCA CIP,Scope,Brooklyn,4.210211471641834,182,2016,0,0,0,0,0,3.7412794280783928,-63,1,DSF0000844129
SCA CIP,Design,Brooklyn,5.419129307741976,154,2018,0,1,0,0,0,0.8788952380952381,71,0,DSF0000912178
SCA CIP,Scope,Brooklyn,4.817069316414013,153,2018,0,1,0,0,0,0.9279695238095238,-35,0,DSF0000912178
SCA CIP,Design,Brooklyn,4.942414858406305,154,2018,1,0,0,0,0,0.3164006302664931,-5,0,DSF0000888982
SCA CIP,Design,Brooklyn,5.596877372490837,213,2019,0,0,1,0,0,0.7430924339983049,-31,0,DSF0000890998
SCA CIP,Scope,Brooklyn,4.897907368154818,141,2018,0,0,1,0,0,0.9637322741015294,0,0,DSF0000890998
SCA CIP,Scope,Brooklyn,4.378143427967742,123,2018,1,0,0,0,0,0.28694632839320106,4,0,DSF0000888982
SCA CIP RESOA,Design,Brooklyn,5.346026152506797,246,2018,0,0,0,0,0,1.586711625411909,42,1,DSF0000867231
SCA CIP RESOA,Design,Brooklyn,4.807927204214552,92,2017,0,0,0,0,0,1.2824862273958106,130,1,DSF0000690182
SCA CIP,Design,Brooklyn,4.771374322996021,154,2019,1,0,0,0,0,0.15889353489868124,-7,0,"DSF0000912076, DSF0000912634"
SCA CIP,Scope,Brooklyn,4.1181323999209045,134,2019,1,0,0,0,0,0.178729239676977,-118,0,"DSF0000912076, DSF0000912634"
SCA CIP,Design,Brooklyn,6.186416379164976,153,2019,0,0,1,0,0,0.268356195506901,-116,0,"DSF0000873417, DSF0000873420, DSF0000873421, DSF0000873422"
SCA CIP,Design,Brooklyn,5.02995164203684,152,2019,1,0,0,0,0,0.14887063655030802,-88,0,"DSF0000866839, DSF0000912370"
SCA CIP,Scope,Brooklyn,4.465680211598278,155,2019,1,0,0,0,0,0.1361738535249829,-119,0,"DSF0000866839, DSF0000912370"
SCA CIP,Scope,Brooklyn,5.585378374954695,143,2018,0,0,1,0,0,0.566348944085502,17,0,"DSF0000873417, DSF0000873420, DSF0000873421, DSF0000873422"
SCA CIP RESOA,Design,Brooklyn,4.971317605815384,154,2019,1,0,0,0,0,0.38622354688117594,1,0,DSF0000822873
SCA CIP,Design,Brooklyn,6.381197778396147,150,2018,1,0,1,0,0,0.48850946472563644,-105,0,"DSF0000873445, DSF0000868202, DSF0000873442, DSF0000873444, DSF0000873446, DSF0000912318"
SCA CIP,Scope,Brooklyn,5.780241682138012,182,2017,1,0,1,0,0,0.26560512195324226,-24,0,"DSF0000873445, DSF0000868202, DSF0000873442, DSF0000873444, DSF0000873446, DSF0000912318"
SCA CIP,Scope,Brooklyn,4.221075016611721,105,2019,0,0,0,0,0,1.2611047664843422,62,1,DSF0000912181
SCA CIP,Scope,Brooklyn,4.458260037360323,91,2017,0,0,0,0,0,0.9915404699738903,-49,0,DSF0000865803
SCA CIP,Design,Brooklyn,4.384550531563717,180,2018,0,0,0,0,0,0.556453941669073,-1,0,DSF0000868116
SCA CIP,Design,Brooklyn,5.382269256575679,153,2019,0,0,0,0,0,1.1850460313510824,-118,1,DSF0000889322
SCA CIP,Design,Brooklyn,4.921665670459195,154,2018,0,0,0,0,0,1.6109154929577465,2,1,DSF0000873499
SCA CIP,Design,Brooklyn,4.7910938735802695,181,2018,0,0,0,0,0,0.49416808218070046,43,0,DSF0000868117
SCA CIP,Design,Brooklyn,5.477656554546929,190,2013,1,0,0,1,0,2.128404967207111,189,1,"DSF0000760755, DSF0000777292"
SCA CIP,Design,Brooklyn,6.165532770464326,154,2017,0,0,1,0,0,0.448927984961461,143,1,"DSF0000828949, DSF0000866288, DSF0000850828, DSF0000866289, DSF0000850833"
SCA CIP,Design,Brooklyn,4.961990287440065,156,2018,1,0,0,0,0,0.28867059593975114,58,0,DSF0000868203
SCA CIP,Design,Brooklyn,6.161840975821248,154,2018,0,1,0,0,0,0.5571680513647198,2,0,"DSF0000888926, DSF0000896356"
SCA CIP,Scope,Brooklyn,4.22683181065872,123,2018,0,0,0,0,0,0.3958123257607213,-103,0,DSF0000868117
SCA CIP,Scope,Brooklyn,4.8878310196359775,90,2013,1,0,0,1,0,0.8791656956420415,56,0,"DSF0000760755, DSF0000777292"
SCA CIP,Scope,Brooklyn,4.359930296112102,121,2018,1,0,0,0,0,0.28849596158044094,3,0,DSF0000868203
SCA CIP,Scope,Brooklyn,4.780209265247716,91,2018,0,0,0,0,0,1.1850543252882144,184,1,DSF0000889322
SCA CIP,Scope,Brooklyn,5.559780984493285,156,2017,0,1,0,0,0,0.6843770236569807,341,1,"DSF0000888926, DSF0000896356"
SCA CIP,Scope,Brooklyn,4.319605679131232,106,2018,0,0,0,0,0,1.484286672415445,89,1,DSF0000873499
SCA CIP,Scope,Brooklyn,5.565742772794117,135,2016,0,0,1,0,0,0.6375808279719823,181,1,"DSF0000828949, DSF0000866288, DSF0000850828, DSF0000866289, DSF0000850833"
SCA CIP RESOA,Design,Brooklyn,4.73163710696538,154,2019,0,0,0,0,0,1.414963083886766,170,1,DSF0000866386
SCA CIP RESOA,Design,Brooklyn,5.038564530548287,153,2015,0,0,0,0,0,2.342184726314441,315,1,DSF0000754719
SCA CIP RESOA,Design,Brooklyn,5.76201123298669,183,2014,0,0,0,0,0,0.895677473703147,461,1,DSF0000798665
SCA CIP,"CM,F&E",Brooklyn,5.021313365484695,269,2019,1,0,0,0,0,0.43896981814719604,187,1,DSF0000889390
SCA CIP,Construction,Brooklyn,5.656275526687746,269,2019,1,0,0,0,0,0.9870538521795734,187,1,DSF0000889390
SCA CIP,Design,Brooklyn,4.331649954552743,180,2020,0,0,0,0,0,0.5175434509109548,-28,0,DSF0000960745
SCA CIP,Design,Brooklyn,4.631342286483933,154,2018,1,0,0,0,0,0.2895770039728909,-12,0,DSF0000889390
SCA CIP,Scope,Brooklyn,4.06707085604537,125,2018,1,0,0,0,0,0.263324764353042,-120,0,DSF0000889390
SCA CIP,Design,Brooklyn,4.41237653650371,175,2018,0,0,0,0,0,0.7250918939833624,0,0,DSF0000868118
SCA CIP,Design,Brooklyn,5.722781952239922,153,2014,0,0,1,0,0,0.9796016509523269,175,1,"DSF0000775948, DSF0000783448"
SCA CIP,Design,Brooklyn,5.135132651376775,150,2019,0,0,0,0,0,0.5651208791208792,-91,0,DSF0000889323
SCA CIP,Scope,Brooklyn,5.120721960911959,135,2013,0,0,1,0,0,0.9397023741906169,41,0,"DSF0000775948, DSF0000783448"
SCA CIP,Scope,Brooklyn,4.533072660048813,141,2018,0,0,0,0,0,0.48838095238095236,74,0,DSF0000889323
SCA CIP,Design,Brooklyn,6.5517701111521065,152,2018,0,0,1,0,0,0.4526314164415284,-92,0,"DSF0000873584, DSF0000873585, DSF0000873586, DSF0000888961"
SCA CIP,Scope,Brooklyn,5.949710485532827,137,2017,0,0,1,0,0,0.43716155601988194,-49,0,"DSF0000873584, DSF0000873585, DSF0000873586, DSF0000888961"
SCA CIP,Design,Brooklyn,5.905256048748451,150,2018,0,0,1,0,0,0.6337773631840796,189,1,"DSF0000873634, DSF0000873635, DSF0000873633"
SCA CIP,Design,Brooklyn,5.752957592316451,220,2015,0,0,0,0,0,0.7672382123126051,291,1,DSF0000775845
SCA CIP,Scope,Brooklyn,5.150897600988489,121,2013,0,0,0,0,0,2.172481030901615,37,1,DSF0000775845
SCA CIP,Scope,Brooklyn,5.30319389674605,137,2017,0,0,1,0,0,0.9585619828954373,-32,0,"DSF0000873634, DSF0000873635, DSF0000873633"
SCA CIP,Design,Brooklyn,4.510772821008151,154,2019,1,0,0,0,0,0.24592035043341456,-1,0,DSF0000912077
SCA CIP RESOA,Design,Brooklyn,4.770991846672562,155,2011,0,1,0,0,0,3.9519646215625475,20,1,DSF0000710805
SCA CIP,"CM,F&E",Brooklyn,5.483474608248148,299,2018,0,0,0,0,0,0.8856452084448839,300,1,DSF0000867036
SCA CIP,Construction,Brooklyn,5.6442199099883785,299,2018,0,0,0,0,0,1.0403876781509058,300,1,DSF0000867036
SCA CIP,Design,Brooklyn,4.619291640995758,179,2017,0,0,0,0,0,0.484874696652971,-44,0,DSF0000867036
SCA CIP,Scope,Brooklyn,4.055034123674614,126,2017,0,0,0,0,0,0.37547352656153643,-99,0,DSF0000867036
SCA CIP,Design,Brooklyn,5.719165494089213,165,2018,0,0,0,0,0,1.0302195494463535,34,0,DSF0000889559
SCA CIP,Scope,Brooklyn,5.117105502761251,0,2018,0,0,0,0,0,0.08382588774341351,0,0,DSF0000889559
SCA CIP,Design,Brooklyn,5.70574742890368,178,2018,0,0,0,0,0,0.9903812831781736,38,0,DSF0000889560
SCA CIP,Scope,Brooklyn,5.103687437575718,0,2018,0,0,0,0,0,0.4546492761841753,0,0,DSF0000889560
SCA CIP,Design,Brooklyn,6.08339510788965,153,2017,0,0,1,0,0,0.3318016010563671,-84,0,"DSF0000829162, DSF0000851041, DSF0000866263"
SCA CIP,Design,Brooklyn,5.217291759289991,182,2014,1,0,0,0,0,1.757432076009386,-100,1,"DSF0000752880, DSF0000868277"
SCA CIP,Scope,Brooklyn,4.6244574287564,91,2013,1,0,0,0,0,0.634161977348814,101,1,"DSF0000752880, DSF0000868277"
SCA CIP,Scope,Brooklyn,5.4813365502293125,141,2016,0,0,1,0,0,0.585175917550821,26,0,"DSF0000829162, DSF0000851041, DSF0000866263"
SCA CIP,Design,Brooklyn,5.421110129793434,159,2015,0,1,0,0,0,1.8320326128175957,255,1,DSF0000799401
SCA CIP,Design,Brooklyn,6.181962145583193,153,2017,0,0,1,0,0,0.26896998516852305,-14,0,"DSF0000783669, DSF0000829213, DSF0000829210, DSF0000829214"
SCA CIP,Scope,Brooklyn,5.5816641287769615,135,2014,0,0,1,0,0,0.6938888874332174,127,1,"DSF0000783669, DSF0000829213, DSF0000829210, DSF0000829214"
SCA CIP,Scope,Brooklyn,4.819050138465472,152,2014,0,1,0,0,0,0.5294349639742131,-76,0,DSF0000799401
SCA CIP,Design,Brooklyn,5.693128722827975,159,2015,0,1,0,0,0,1.2733884699586475,542,1,"DSF0000761082, DSF0000806993, DSF0000829257"
SCA CIP,Design,Brooklyn,4.532881719407397,154,2019,1,0,0,0,0,0.2800351802990325,2,0,DSF0000912079
SCA CIP,Scope,Brooklyn,5.091065210083952,158,2013,0,1,0,0,0,0.8599437277525968,81,0,"DSF0000761082, DSF0000806993, DSF0000829257"
SCA CIP,Design,Brooklyn,4.849665055478733,154,2019,1,0,0,0,0,0.16533785694091038,-34,0,"DSF0000911964, DSF0000912618"
SCA CIP,Scope,Brooklyn,4.196452541703389,142,2019,1,0,0,0,0,0.18600508905852417,-120,0,"DSF0000911964, DSF0000912618"
SCA CIP,Scope,Brooklyn,4.506843136339351,123,2019,1,0,0,0,0,0.9968249027237354,65,0,"DSF0000912406, DSF0000942044, DSF0000942050"
SCA CIP,Design,Brooklyn,4.495752416037327,180,2018,0,0,0,0,0,0.45773590930863806,-28,0,DSF0000868122
SCA CIP,Design,Brooklyn,6.38822219721089,182,2019,0,0,1,0,0,0.1939565939277967,-34,0,"DSF0000873907, DSF0000873908, DSF0000873909, DSF0000960579"
SCA CIP,Scope,Brooklyn,4.341137638740964,252,2020,0,0,0,1,0,2.113061317529063,-74,1,DSF0000942102
SCA CIP,Scope,Brooklyn,5.689252903469222,141,2018,0,0,1,0,0,0.4827124967020291,231,1,"DSF0000873907, DSF0000873908, DSF0000873909, DSF0000960579"
SCA Capacity,Design,Brooklyn,6.581568303477354,207,2017,0,0,0,0,0,0.575071128154379,265,1,DSF0000798182
SCA Capacity,Scope,Brooklyn,6.076418325157448,157,2017,0,0,0,0,0,1.1577042746081398,0,1,DSF0000798182
SCA CIP,Design,Brooklyn,5.999982627873279,169,2017,0,0,0,0,0,0.5991419656786271,82,0,DSF0000798182
SCA CIP,Scope,Brooklyn,5.397922636545316,0,2017,0,0,0,0,0,0.050118004720188805,0,0,DSF0000798182
SCA CIP,Design,Brooklyn,4.3678030327490065,178,2020,0,0,0,0,0,0.44529240267535586,5,0,DSF0000960747
SCA Capacity,Design,Brooklyn,6.761506864715432,183,2017,0,0,0,0,0,0.7059528262676642,18,0,DSF0000844038
SCA Capacity,Scope,Brooklyn,6.256356886395526,168,2017,0,0,0,0,0,0.6998176780271543,6,0,DSF0000844038
SCA CIP,Design,Brooklyn,4.2901459546478105,180,2020,0,0,0,0,0,0.5841066393232505,-2,0,DSF0000960750
SCA CIP,Design,Brooklyn,6.218430463619232,152,2019,0,0,1,0,0,0.42514453313981615,-96,0,"DSF0000873970, DSF0000873972, DSF0000873973, DSF0000873974, DSF0000873975"
SCA CIP,Scope,Brooklyn,5.616369421746985,141,2018,0,0,1,0,0,0.7264724878386256,-9,0,"DSF0000873970, DSF0000873972, DSF0000873973, DSF0000873974, DSF0000873975"
SCA CIP,Scope,Brooklyn,5.412016785999761,180,2020,0,0,1,0,0,0.8490644216917858,-32,0,"DSF0000942167, DSF0000942168, DSF0000942169, DSF0000942170, DSF0001008587"
SCA CIP,Scope,Brooklyn,4.19220492541459,122,2018,0,0,0,0,0,1.25213592856684,390,1,DSF0000890994
SCA CIP,Design,Brooklyn,5.898977350110362,153,2017,0,0,1,0,0,0.7024266209020014,-10,0,"DSF0000807257, DSF0000851377, DSF0000851378, DSF0000851379, DSF0000851375"
SCA CIP,Scope,Brooklyn,5.300578094373378,224,2015,0,0,1,0,0,1.1400556578841996,-74,1,"DSF0000807257, DSF0000851377, DSF0000851378, DSF0000851379, DSF0000851375"
SCA CIP,Scope,Brooklyn,5.137977250207742,135,2018,0,0,0,0,0,1.1878498074921577,167,1,DSF0000874063
SCA Capacity,Scope,Brooklyn,6.352340572538615,196,2015,0,0,0,0,0,0.02314490858660781,180,1,DSF0000798239
SCA CIP,Design,Brooklyn,5.629590007924835,154,2017,0,1,0,0,0,0.77610241754013,29,0,"DSF0000798263, DSF0000784013"
SCA CIP,Scope,Brooklyn,5.037514144862809,154,2017,0,1,0,0,0,0.9344260791399901,-93,0,"DSF0000798263, DSF0000784013"
SCA CIP,Design,Brooklyn,5.874400053632049,152,2019,0,0,1,0,0,0.35426028130796317,-84,0,"DSF0000874124, DSF0000874125, DSF0000874126, DSF0000912444"
SCA CIP,Scope,Brooklyn,5.277739826774802,141,2018,0,0,1,0,0,0.7184540797754765,-3,0,"DSF0000874124, DSF0000874125, DSF0000874126, DSF0000912444"
SCA Capacity,OUTROS,Brooklyn,7.116792313120782,807,2018,0,0,0,0,0,0.5398086134640016,6,0,DSF0000822081
SCA Capacity,Construction,Brooklyn,7.968128083086502,807,2018,0,0,0,0,0,0.9637183338132952,6,0,DSF0000822081
SCA Capacity,Design,Brooklyn,6.821225213158303,225,2017,0,0,0,0,0,0.7107560070031393,82,0,DSF0000822081
SCA Capacity,Scope,Brooklyn,6.316075234838397,222,2016,0,0,0,0,0,0.7262641873943492,-20,0,DSF0000822081
SCA Capacity,Design,Brooklyn,6.627160952374775,186,2018,0,0,0,0,0,0.5392810287871638,42,0,DSF0000843828
SCA Capacity,Scope,Brooklyn,6.12201097405487,167,2017,0,0,0,0,0,0.7361102406795659,14,0,DSF0000843828
SCA Capacity,Scope,Brooklyn,6.3708406760860585,145,2020,0,0,0,0,0,0.22018408776334517,0,0,DSF0000845622
SCA CIP,Design,Brooklyn,5.701136066092526,155,2018,0,0,0,0,0,1.2388238805970149,104,1,DSF0000889330
SCA CIP,Scope,Brooklyn,5.0990760747645645,0,2018,0,0,0,0,0,0.2658228855721393,0,0,DSF0000889330
SCA CIP,Design,Brooklyn,5.506406256384186,184,2016,0,0,0,0,0,1.0830032998158459,66,0,DSF0000843969
SCA CIP,Scope,Brooklyn,4.807433545539614,87,2016,0,0,0,0,0,3.080673054451975,-9,1,DSF0000843969
SCA CIP,Design,Brooklyn,5.662629412589253,155,2018,0,0,0,0,0,1.2405754744881095,44,1,DSF0000889331
SCA CIP,Scope,Brooklyn,5.060569421261291,0,2018,0,0,0,0,0,0.5039489936155037,0,0,DSF0000889331
OUTROS,Design,Brooklyn,6.361055292034114,183,2019,0,0,0,0,0,0.20850524790316843,42,0,DSF0000821899
OUTROS,Scope,Brooklyn,5.707842589142404,140,2019,0,0,0,0,0,0.7710416993259132,0,0,DSF0000821899
SCA CIP,Design,Brooklyn,5.17138707421571,183,2020,0,0,0,1,0,1.1502183523830063,-92,1,DSF0000897008
SCA CIP,Scope,Brooklyn,4.472419996698072,96,2019,0,0,0,1,0,1.3514506183239545,55,1,DSF0000897008
SCA CIP,Scope,Brooklyn,4.54216539536008,141,2018,0,0,1,0,0,1.1708037994662381,222,1,DSF0000874161
SCA Capacity,Design,Brooklyn,6.582822600525386,179,2018,0,0,0,0,0,0.7507962507486899,113,1,DSF0000798183
SCA Capacity,Scope,Brooklyn,6.07767271299833,177,2017,0,0,0,0,0,0.5544985570800083,0,0,DSF0000798183
SCA CIP,Design,Brooklyn,5.843929457921687,150,2017,1,0,1,0,0,0.7545289556651517,281,1,"DSF0000843680, DSF0000851506, DSF0000851523, DSF0000851509, DSF0000851510, DSF0000866095, DSF0000851507"
SCA CIP,Scope,Brooklyn,5.254782441043955,135,2016,1,0,1,0,0,0.5816003604064583,43,0,"DSF0000843680, DSF0000851506, DSF0000851523, DSF0000851509, DSF0000851510, DSF0000866095, DSF0000851507"
SCA CIP,Design,Brooklyn,5.672190251188253,185,2018,0,0,0,0,0,1.072848330142523,41,0,DSF0000889556
SCA CIP,Scope,Brooklyn,5.07013025986029,0,2018,0,0,0,0,0,0.2280536056158264,0,0,DSF0000889556
SCA Capacity,OUTROS,Brooklyn,7.165956957753451,989,2017,0,0,0,0,0,0.5478940736149915,153,1,DSF0000798186
SCA Capacity,Construction,Brooklyn,8.017292727719171,989,2017,0,0,0,0,0,0.9246787693206445,153,1,DSF0000798186
SCA Capacity,Design,Brooklyn,6.870389857790973,169,2015,0,0,0,0,0,0.6822302877721113,280,1,DSF0000798186
SCA Capacity,Scope,Brooklyn,6.3652398794710665,183,2015,0,0,0,0,0,0.5340588913927136,26,0,DSF0000798186
3K,Design,Brooklyn,5.859734967056693,78,2018,0,0,0,0,0,0.6038392583363951,83,0,DSF0000889666
3K,Scope,Brooklyn,5.354584748793029,7,2018,0,0,0,0,0,0.6694158622396662,33,0,DSF0000889666
OUTROS,Design,Brooklyn,6.2367329522034884,154,2018,0,0,0,0,0,0.5678339866545067,175,1,DSF0000843660
OUTROS,Scope,Brooklyn,5.731583124962037,168,2017,0,0,0,0,0,0.7478520129203904,44,0,DSF0000843660
SCA CIP,Design,Brooklyn,4.653115993165567,156,2018,0,0,0,0,0,1.7380751278061792,-28,1,DSF0000888833
SCA CIP,Scope,Brooklyn,4.0888445627270045,120,2018,0,0,0,0,0,1.5599837000814996,48,1,DSF0000888833
SCA CIP,Design,Brooklyn,5.606681182785599,157,2016,0,0,1,0,0,1.108167874166108,71,1,"DSF0000822169, DSF0000843223, DSF0000843222, DSF0000843221"
SCA CIP,Scope,Brooklyn,5.0146969088229065,140,2015,0,0,1,0,0,0.8825138725082655,91,1,"DSF0000822169, DSF0000843223, DSF0000843222, DSF0000843221"
SCA CIP,Design,Brooklyn,5.277721497569483,151,2019,0,0,1,0,0,0.6540472384449404,146,1,SCA0000054130
SCA CIP,Design,Brooklyn,4.389839162125274,180,2020,0,0,0,0,0,0.3502322927703969,12,0,DSF0000960778
SCA CIP,Scope,Brooklyn,4.578753784426435,95,2018,0,0,1,0,0,1.0719335267739383,26,0,SCA0000054130
SCA CIP,Design,Brooklyn,4.81969525422399,156,2019,0,0,1,0,0,1.130787755782076,74,1,DSF0000911250
SCA CIP,Scope,Brooklyn,4.120738405542943,139,2019,0,0,1,0,0,1.2784551306323362,-60,1,DSF0000911250
SCA CIP,Scope,Brooklyn,5.6105260220211495,119,2015,0,0,0,0,0,0.8898949185287613,15,0,DSF0000844684
SCA CIP,Design,Brooklyn,4.777738474526244,175,2020,0,0,0,0,0,0.40299951620706337,-138,0,DSF0000914285
SCA CIP,Scope,Brooklyn,4.124536828301277,185,2019,0,0,0,0,0,0.33143157420614067,-32,0,DSF0000914285
SCA CIP,Design,Brooklyn,5.827499800290067,154,2014,0,0,1,0,0,1.319863671931949,103,1,"DSF0000754744, DSF0000775989, DSF0000761629, DSF0000784298, DSF0000784302, DSF0000807596, DSF0000807597, DSF0000807595"
SCA CIP,Scope,Brooklyn,5.247769566383231,511,2012,0,0,1,0,0,1.6242983998146023,61,1,"DSF0000754744, DSF0000775989, DSF0000761629, DSF0000784298, DSF0000784302, DSF0000807596, DSF0000807597, DSF0000807595"
SCA CIP,Design,Brooklyn,5.132298120970555,153,2019,0,0,1,0,0,0.7147597557738253,-64,0,"DSF0000874361, DSF0000874362, DSF0000897226"
SCA CIP,Scope,Brooklyn,4.550912897527676,141,2018,0,0,1,0,0,1.2313252334345821,-26,1,"DSF0000874361, DSF0000874362, DSF0000897226"
SCA CIP,Design,Brooklyn,5.290835646600807,153,2014,0,1,0,0,0,1.3100685913185912,134,1,DSF0000761724
SCA CIP,Scope,Brooklyn,4.688775655272845,158,2013,0,1,0,0,0,0.5129606879606879,-32,0,DSF0000761724
SCA CIP,Design,Brooklyn,5.477908062223445,184,2013,0,0,0,1,0,1.9831305898637137,2184,1,"DSF0000776207, DSF0000874482"
SCA CIP,Scope,Brooklyn,4.778939502912978,167,2013,0,0,0,1,0,2.104011046598679,-14,1,"DSF0000776207, DSF0000874482"
SCA CIP,Design,Brooklyn,4.648203832077188,139,2018,0,0,0,0,0,1.0426670263465516,15,0,DSF0000889577
SCA CIP,Scope,Brooklyn,4.083932401638626,91,2018,0,0,0,0,0,1.4263105835806134,26,1,DSF0000889577
SCA CIP,Design,Brooklyn,4.377670439334323,153,2020,0,0,0,0,0,0.5463956412405699,-43,0,DSF0000798532
SCA CIP,Scope,Brooklyn,4.706854277814241,137,2019,0,0,1,0,0,1.5195419907298295,61,1,"DSF0000897420, DSF0000897422, DSF0000897423"
SCA CIP RESOA,Design,Brooklyn,4.62408605170941,92,2020,0,0,0,0,1,1.5581141132577647,-30,1,"DSF0000890797, DSF0000960502"
SCA CIP,Scope,Brooklyn,4.9406160823374075,143,2018,0,0,1,0,0,2.2219674386608577,353,1,"DSF0000874671, DSF0000874672, DSF0000874673, DSF0000874674, DSF0000874675"
SCA CIP,Design,Brooklyn,5.239629767745483,153,2017,0,0,1,0,0,0.517416144489495,-14,0,DSF0000829999
SCA CIP,Scope,Brooklyn,4.6375697764175206,135,2014,0,0,1,0,0,0.516794139329156,127,1,DSF0000829999
SCA CIP,Design,Manhattan,6.17452497792015,153,2019,0,0,1,0,0,0.3929840760069584,-22,0,"DSF0000874691, DSF0000874693, DSF0000874694, DSF0000912459"
SCA CIP,Scope,Manhattan,5.572463824287723,143,2018,0,0,1,0,0,0.41774231966364156,-60,0,"DSF0000874691, DSF0000874693, DSF0000874694, DSF0000912459"
SCA CIP,Scope,Manhattan,4.8370452305575595,123,2019,0,0,1,0,0,0.015280728817999243,134,1,"DSF0000960574, DSF0000943000, DSF0000943001"
SCA CIP RESOA,Design,Manhattan,4.477121254719663,175,2020,0,0,0,0,0,0.5126666666666667,-89,0,DSF0000890808
SCA CIP,Design,Manhattan,5.683757366450739,159,2019,0,1,0,0,0,0.5308136680827442,-21,0,"DSF0000890581, DSF0000912537, DSF0000912538"
SCA CIP,Scope,Manhattan,5.000013028639028,154,2019,0,1,0,0,0,0.6342909712708619,-71,0,"DSF0000890581, DSF0000912537, DSF0000912538"
SCA CIP,Scope,Manhattan,4.013469232309171,1,2020,0,0,0,0,0,0.4246243334949103,0,0,DSF0000943151
SCA CIP,Design,Manhattan,4.861402967605247,151,2020,0,0,1,0,0,0.0,-100,0,DSF0000960578
SCA CIP,Design,Manhattan,6.233696511840022,152,2018,0,0,1,0,1,0.3811654872836825,-102,0,"DSF0000844750, DSF0000853806, DSF0000874870"
SCA CIP,Scope,Manhattan,4.162444914299978,0,2020,0,0,1,0,0,0.0,0,0,DSF0000960578
SCA CIP,Scope,Manhattan,5.6316365205120595,142,2017,0,0,1,0,1,0.446058992503328,29,0,"DSF0000844750, DSF0000853806, DSF0000874870"
SCA CIP,Design,Manhattan,5.647218611375961,158,2019,0,1,0,0,0,0.6519110834730258,-12,0,"DSF0000798463, DSF0000912540"
SCA CIP,Scope,Manhattan,4.957904057281142,154,2019,0,1,0,0,0,0.6992794341244133,-81,0,"DSF0000798463, DSF0000912540"
SCA CIP,Design,Manhattan,5.330576096087729,154,2018,0,0,1,0,0,0.6115891255605381,70,0,DSF0000852256
SCA CIP,Scope,Manhattan,4.728516104759767,143,2017,0,0,1,0,0,0.8500560538116592,78,0,DSF0000852256
SCA CIP,Design,Manhattan,4.5910423349435225,182,2019,0,0,0,0,0,0.24306374685881327,-1,0,DSF0000913023
SCA CIP,Scope,Manhattan,5.259804047575338,141,2018,0,0,1,0,0,1.4044082072484165,317,1,"DSF0000874992, DSF0000874993, DSF0000943293, DSF0000943295"
SCA CIP,Design,Manhattan,5.6065780430697965,153,2019,0,1,0,0,0,0.8123943857114228,-30,0,"DSF0000890600, DSF0000878933, DSF0000912179"
SCA CIP,Scope,Manhattan,5.0014048395083295,158,2018,0,1,0,0,0,0.7690981220844464,-75,0,"DSF0000890600, DSF0000878933, DSF0000912179"
SCA CIP RESOA,Design,Manhattan,4.506532090408177,182,2019,0,0,0,0,0,0.45134259547691735,-14,0,DSF0000867372
SCA CIP,Design,Manhattan,4.533467004884536,154,2019,0,0,0,0,0,0.5525822695866026,-4,0,DSF0000865812
SCA CIP,Scope,Manhattan,5.244351352830381,140,2019,0,0,1,0,0,0.8145673104312653,92,1,"DSF0000897945, DSF0000897946, DSF0000897947, DSF0001008630, DSF0000992069"
SCA CIP,Scope,Manhattan,4.711587918209924,158,2018,1,1,0,0,0,0.0,311,1,"SCA0000054127, DSF0000943350, DSF0000960885, DSF0000960884"
SCA CIP,Design,Manhattan,5.211654400553183,158,2018,0,0,1,0,0,0.894453316953317,46,0,"DSF0000866096, DSF0000875065, DSF0000897961"
SCA CIP,Scope,Manhattan,4.647373188597217,541,2017,0,0,1,0,0,2.2869884456857137,-26,1,"DSF0000866096, DSF0000875065, DSF0000897961"
SCA CIP,Scope,Manhattan,5.157761906164888,139,2019,0,0,1,0,0,1.0519467875744952,90,0,"DSF0000897983, DSF0000897984, DSF0000897985, DSF0001008626"
SCA CIP,Design,Manhattan,5.885516136002625,152,2020,0,0,1,0,0,0.5270866904255513,7,0,"DSF0000898000, DSF0000898002, DSF0000898003, DSF0000898004, DSF0000898005"
SCA CIP,Scope,Manhattan,5.190701391559384,139,2019,0,0,1,0,0,1.1228631101255704,51,1,"DSF0000898000, DSF0000898002, DSF0000898003, DSF0000898004, DSF0000898005"
SCA CIP,Design,Manhattan,5.915200319993044,157,2017,0,0,1,0,0,0.48570181687336345,26,0,"DSF0000852469, DSF0000852470, DSF0000852467, DSF0000868146"
SCA CIP,Scope,Manhattan,5.316593017034172,137,2017,0,0,1,0,0,0.5148265532062692,31,0,"DSF0000852469, DSF0000852470, DSF0000852467, DSF0000868146"
SCA CIP,Design,Manhattan,4.4151403521958725,155,2019,1,0,0,0,0,0.5501730103806228,-9,0,"DSF0000912080, DSF0000912802"
SCA CIP,Scope,Manhattan,4.003718963823115,93,2019,0,0,0,1,0,1.9024390243902438,-4,1,DSF0000943498
SCA CIP,Design,Manhattan,5.069653299573244,188,2017,0,0,0,0,0,0.9001073290401718,8,0,DSF0000844690
SCA CIP,Scope,Manhattan,4.467593308245282,92,2016,0,0,0,0,0,1.2308766908582915,323,1,DSF0000844690
SCA CIP,Design,Manhattan,5.6060372331735,154,2018,0,1,0,0,0,0.6269867221561632,-2,0,"DSF0000890594, DSF0000890592"
SCA CIP,Scope,Manhattan,5.003977241845537,159,2018,0,1,0,0,0,0.5145858105430043,-100,0,"DSF0000890594, DSF0000890592"
SCA CIP,Design,Manhattan,4.278067330888662,175,2018,0,0,0,0,0,0.7612546125461255,0,0,DSF0000868084
SCA CIP,Design,Manhattan,5.696599246101423,153,2020,0,0,1,0,0,0.8220914659405805,21,0,"DSF0000898265, DSF0000898268, DSF0000898269, DSF0000898270"
SCA CIP,Scope,Manhattan,5.00249867738874,138,2019,0,0,1,0,0,2.0495043598437017,48,1,"DSF0000898265, DSF0000898268, DSF0000898269, DSF0000898270"
SCA CIP RESOA,Design,Manhattan,5.3141728055514275,152,2018,0,0,1,0,0,0.7570836061995198,87,0,DSF0000823596
SCA CIP,Design,Manhattan,5.800785790327763,145,2018,0,0,1,0,0,0.4527938617307388,106,1,"DSF0000898376, DSF0000875488"
SCA CIP,Scope,Manhattan,5.1987257989998,135,2018,0,0,1,0,0,0.9667394399620314,-32,0,"DSF0000898376, DSF0000875488"
SCA CIP,Design,Manhattan,5.505038676097712,152,2020,0,1,0,0,0,0.6748479297820067,-48,0,"DSF0000960648, DSF0000943795"
SCA CIP,Scope,Manhattan,4.806071386789446,153,2020,0,1,0,0,0,0.742716929232308,-95,0,"DSF0000960648, DSF0000943795"
SCA CIP,"CM,F&E",Manhattan,4.750739751235351,269,2020,1,0,0,0,0,0.6236463696076691,-61,0,DSF0000912008
SCA CIP,Construction,Manhattan,5.607959798151722,269,2020,1,0,0,0,0,1.0,-61,0,DSF0000912008
SCA CIP,Design,Manhattan,4.37254380075907,151,2019,1,0,0,0,0,0.31153519932145884,-29,0,DSF0000912008
SCA CIP RESOA,Design,Manhattan,4.644911033878752,141,2018,0,0,0,0,0,1.2698876506297,62,1,DSF0000888809
SCA CIP,Design,Manhattan,6.184251804552159,162,2018,0,1,1,0,0,0.3603260030409853,-28,0,"DSF0000889086, DSF0000890584, DSF0000890595, DSF0000890596, DSF0000898417, DSF0000898418, DSF0000898420, DSF0000898428"
SCA CIP,Scope,Manhattan,5.588134952599132,260,2018,0,1,1,0,0,0.37786090072229195,-96,0,"DSF0000889086, DSF0000890584, DSF0000890595, DSF0000890596, DSF0000898417, DSF0000898418, DSF0000898420, DSF0000898428"
SCA CIP,Design,Manhattan,5.540316958919408,153,2015,0,0,0,0,0,1.0,909,1,DSF0000801028
SCA CIP,Scope,Manhattan,4.965822350197337,97,2014,0,0,0,0,0,0.3416132940972823,21,0,DSF0000801028
SCA CIP,Design,Manhattan,4.188928483760853,178,2018,0,0,0,0,0,0.69042071197411,-10,0,DSF0000868085
SCA CIP,Design,Manhattan,5.723868425028499,153,2020,1,1,0,0,0,0.6772010734594516,31,0,"DSF0000960649, DSF0000960650, DSF0000943905"
SCA CIP,Scope,Manhattan,5.024895960107485,150,2020,1,1,0,0,0,0.8613786591123702,-81,0,"DSF0000960649, DSF0000960650, DSF0000943905"
SCA CIP,Design,Manhattan,5.795471936301803,154,2019,0,0,1,0,0,0.6261704993329735,202,1,"DSF0000875629, DSF0000875631, DSF0000875632, DSF0000912645"
SCA CIP,Design,Manhattan,4.437734712367571,152,2019,1,0,0,0,0,0.5370998941567211,-12,0,DSF0000912083
SCA CIP,Scope,Manhattan,5.183645594998218,141,2018,0,0,1,0,0,1.0855783846113527,5,0,"DSF0000875629, DSF0000875631, DSF0000875632, DSF0000912645"
SCA CIP,Design,Manhattan,4.90098944447291,151,2019,0,0,0,0,0,0.7477076896023312,186,1,DSF0000898570
SCA CIP,Scope,Manhattan,4.202024895104038,121,2019,0,0,0,0,0,2.0366765056836025,-21,1,DSF0000898570
SCA CIP,Design,Manhattan,5.996686755600171,7,2019,0,0,1,0,0,0.48536678758565094,0,0,"DSF0000875683, DSF0000875684, DSF0000875685, DSF0000875686"
SCA CIP,Scope,Manhattan,5.394626764272209,143,2018,0,0,1,0,0,0.5814187827488916,39,0,"DSF0000875683, DSF0000875684, DSF0000875685, DSF0000875686"
SCA CIP RESOA,Design,Manhattan,4.732369631681519,120,2017,0,0,0,0,0,1.874030038705854,71,1,DSF0000844883
SCA CIP,Design,Manhattan,4.757350471038355,182,2019,0,0,0,0,0,0.6125642549917824,11,0,DSF0000875726
SCA CIP,Design,Manhattan,5.63213930058078,154,2015,1,1,0,0,0,1.370427305766925,27,1,"DSF0000798339, DSF0000798341, DSF0000831121, DSF0000844074"
SCA CIP,Design,Manhattan,5.65818126325192,154,2019,0,0,1,0,0,0.692403850801225,55,0,"DSF0000898613, DSF0000898614, DSF0000898617, DSF0000944037"
SCA CIP,Scope,Manhattan,5.039227669655346,156,2015,1,1,0,0,0,1.0251432121549888,-86,0,"DSF0000798339, DSF0000798341, DSF0000831121, DSF0000844074"
SCA CIP,Scope,Manhattan,4.1041455505540085,182,2018,0,0,0,0,0,1.1217938630999214,141,1,DSF0000875726
SCA CIP,Scope,Manhattan,4.959213167151922,136,2019,0,0,1,0,0,2.2559317193198294,21,1,"DSF0000898613, DSF0000898614, DSF0000898617, DSF0000944037"
SCA CIP,Design,Manhattan,5.765333206594513,159,2018,0,0,1,0,0,0.7349806883529311,58,0,"DSF0000898653, DSF0000875756, DSF0000890999"
SCA CIP,Scope,Manhattan,5.169192270054772,136,2018,0,0,1,0,0,0.7997913787964995,-63,0,"DSF0000898653, DSF0000875756, DSF0000890999"
SCA CIP RESOA,Design,Manhattan,5.101014615454263,154,2016,0,0,1,0,0,1.4528200210798259,940,1,DSF0000823590
SCA CIP,Design,Manhattan,4.659440781870318,154,2018,0,0,1,0,0,1.0985542168674698,8,0,DSF0000898690
SCA CIP,Scope,Manhattan,4.095169351431755,92,2018,0,0,1,0,0,0.7932530120481928,-43,0,DSF0000898690
SCA CIP,Design,Manhattan,4.571464253995603,142,2018,0,0,0,0,0,1.8523297298747283,12,1,DSF0000912372
SCA CIP,Scope,Manhattan,4.007192823557041,59,2018,0,0,0,0,0,1.3643159240680633,18,1,DSF0000912372
SCA CIP RESOA,Design,Manhattan,4.431363764158987,176,2020,0,0,0,0,0,0.603037037037037,-76,0,DSF0000913314
SCA CIP,Design,Manhattan,4.845383339799842,147,2018,0,0,0,0,0,0.901521857065357,135,1,DSF0000875832
SCA CIP,Scope,Manhattan,4.281124309449275,41,2018,0,0,0,0,0,0.5517169179229481,-8,0,DSF0000875832
SCA CIP,Design,Manhattan,5.6195545235483895,188,2018,0,0,0,0,1,0.6937700808275822,-4,0,DSF0000912171
SCA CIP,Scope,Manhattan,5.017496617953562,122,2018,0,0,0,0,1,0.7183775009365004,-31,0,DSF0000912171
SCA CIP,Design,Manhattan,4.961705784002505,150,2019,0,0,1,0,0,0.8500764525993884,-109,0,DSF0000898756
SCA CIP,Scope,Manhattan,4.359645792674543,138,2018,0,0,1,0,0,7.245434687636522,153,1,DSF0000898756
SCA CIP,Scope,Manhattan,5.053577787125283,181,2020,0,0,1,0,0,1.7425086184036065,-20,1,"DSF0000944209, DSF0000944210, DSF0000944211, DSF0000944212"
SCA CIP,Design,Manhattan,5.7209031708134575,178,2018,0,0,0,0,0,0.591081954744248,122,1,"DSF0000853308, DSF0000890995"
SCA CIP,Design,Manhattan,5.753016651564641,153,2018,0,0,1,0,0,0.6686369006518196,-24,0,"DSF0000875909, DSF0000875906, DSF0000875912, DSF0000875910"
SCA CIP,Scope,Manhattan,5.1572965603867855,153,2017,0,0,1,0,0,0.9280458345806039,-74,0,"DSF0000875909, DSF0000875906, DSF0000875912, DSF0000875910"
SCA CIP,Scope,Manhattan,5.118843179485495,183,2017,0,0,0,0,0,1.0605438296254042,95,1,"DSF0000853308, DSF0000890995"
SCA CIP RESOA,Design,Manhattan,5.3222192947339195,141,2019,0,0,0,0,0,0.6520476190476191,151,1,DSF0000867354
SCA CIP,Design,Manhattan,6.1276528302498185,152,2019,0,0,1,0,0,0.4676937777075514,347,1,"DSF0000875925, DSF0000875926, DSF0000875927, DSF0000875928"
SCA CIP,Scope,Manhattan,5.43175284635419,141,2018,0,0,1,0,0,1.0754471917762598,-62,0,"DSF0000875925, DSF0000875926, DSF0000875927, DSF0000875928"
SCA CIP,Scope,Manhattan,5.598518030055581,141,2018,0,0,1,0,0,0.8348888849681538,-70,0,"DSF0000875959, DSF0000875961, DSF0000875962, DSF0000875963, DSF0000875964"
SCA CIP,Design,Manhattan,5.738138151971374,152,2018,0,1,0,0,0,1.3045267640125002,-49,1,"DSF0000809387, DSF0000822927, DSF0000853418, DSF0000888992"
SCA CIP,Scope,Manhattan,5.1382805880662135,1032,2015,0,1,0,0,0,1.0253467449251963,-45,0,"DSF0000809387, DSF0000822927, DSF0000853418, DSF0000888992"
SCA CIP,Design,Manhattan,6.1721999712162985,150,2019,0,0,1,0,0,0.5043837698941223,-35,0,"DSF0000876062, DSF0000876063, DSF0000876064, DSF0000876065"
SCA CIP,Scope,Manhattan,5.570141148428777,141,2018,0,0,1,0,0,0.4581440902339798,-54,0,"DSF0000876062, DSF0000876063, DSF0000876064, DSF0000876065"
SCA CIP,Design,Manhattan,4.288718600266807,154,2019,1,0,0,0,0,0.7323182963839309,-81,0,"DSF0000912085, DSF0000912458"
SCA CIP,Design,Manhattan,4.227192306514037,180,2020,0,0,0,0,0,0.6542997688614947,0,0,DSF0000960794
SCA CIP,Scope,Manhattan,4.429380791310483,57,2017,0,0,0,0,0,1.2156490679763365,-23,1,DSF0000865810
SCA CIP,Scope,Manhattan,5.342381223461165,141,2018,0,0,1,0,0,0.9303888098409394,-55,0,"DSF0000876119, DSF0000876120, DSF0000876121, DSF0000912290"
SCA CIP,Scope,Manhattan,4.955177647812878,181,2020,0,0,1,0,0,1.2424440650154112,-92,1,"DSF0000944456, DSF0000944457, DSF0000944458"
SCA CIP,Design,Manhattan,5.22630082206959,252,2019,1,0,0,0,0,0.7040989642721399,-35,0,"DSF0000889654, DSF0000960508"
SCA CIP,Scope,Manhattan,4.550521861389246,182,2018,1,0,0,0,0,0.8198119581128251,149,1,"DSF0000889654, DSF0000960508"
SCA CIP RESOA,Design,Manhattan,4.1126050015345745,177,2018,0,0,0,0,0,0.8533950617283951,-84,0,DSF0000867321
SCA CIP,Design,Manhattan,5.599045320192389,153,2018,0,1,0,0,0,0.9291801033650275,20,0,"DSF0000798381, DSF0000798379"
SCA CIP,Scope,Manhattan,5.006915080181949,154,2017,0,1,0,0,0,0.9291570296737365,-51,0,"DSF0000798381, DSF0000798379"
SCA CIP,Scope,Manhattan,4.2808741725572155,140,2018,0,0,1,0,0,3.466139422825119,-29,1,DSF0000876167
SCA CIP RESOA,Design,Manhattan,4.97310475221498,127,2017,0,0,0,0,0,0.9648279163785308,662,1,"DSF0000800081, DSF0000865806"
SCA CIP,Design,Manhattan,5.4285283975493055,141,2018,0,0,0,0,0,0.521396644087637,54,0,DSF0000912306
SCA CIP,Scope,Manhattan,4.826470025252119,91,2018,0,0,0,0,0,0.5213909723982643,15,0,DSF0000912306
SCA CIP,Design,Manhattan,4.340463945185634,175,2018,0,0,0,0,0,0.3765124880142459,0,0,DSF0000868088
SCA CIP,Design,Manhattan,5.907196310271602,153,2018,0,0,1,0,0,0.3684162951956414,-71,0,DSF0000888806
SCA CIP,Scope,Manhattan,5.30513631894364,135,2018,0,0,1,0,0,0.3615453194650817,-71,0,DSF0000888806
SCA CIP,Design,Manhattan,5.693791121302078,150,2019,0,0,1,0,0,0.7699064713109196,43,0,"DSF0000852189, DSF0000899281, DSF0000899282, DSF0000912308"
SCA CIP,Scope,Manhattan,4.995551837152325,144,2017,0,0,1,0,0,2.8062658490013237,37,1,"DSF0000852189, DSF0000899281, DSF0000899282, DSF0000912308"
SCA CIP RESOA,Design,Manhattan,4.61020220940222,141,2018,0,0,0,0,0,1.6317687759157935,55,1,DSF0000866406
SCA CIP,Design,Manhattan,5.364237589950186,152,2019,0,0,1,0,0,0.5166880643920236,232,1,"DSF0000876436, DSF0000876437, DSF0000876438, DSF0000944753"
SCA CIP,Scope,Manhattan,4.686797089290757,143,2018,0,0,1,0,0,2.6242955284051175,-12,1,"DSF0000876436, DSF0000876437, DSF0000876438, DSF0000944753"
SCA CIP,Design,Manhattan,5.742636378517793,169,2019,1,0,0,0,1,0.6149448259770984,-40,0,"DSF0000889343, DSF0000899333"
SCA CIP,Design,Manhattan,6.018501609489528,152,2018,0,1,1,0,0,0.5723712581047644,-68,0,"DSF0000876454, DSF0000876457, DSF0000876458, DSF0000876460"
SCA CIP,Scope,Manhattan,5.419929326728972,137,2017,0,1,1,0,0,0.6387650959754205,-78,0,"DSF0000876454, DSF0000876457, DSF0000876458, DSF0000876460"
SCA CIP,Scope,Manhattan,5.140577172692274,139,2018,1,0,0,0,1,0.5746769689340336,16,0,"DSF0000889343, DSF0000899333"
SCA CIP,Design,Manhattan,5.814366810521836,152,2018,0,0,1,0,0,0.6227922088874374,-96,0,"DSF0000876476, DSF0000876478, DSF0000876479, DSF0000876485, DSF0000889082"
SCA CIP,Design,Manhattan,4.662294967076999,152,2019,1,0,0,0,0,0.20537093860851777,-26,0,"DSF0000912086, DSF0000912436"
SCA CIP,Scope,Manhattan,4.0090682761922185,137,2019,1,0,0,0,0,0.22661835275683087,-120,0,"DSF0000912086, DSF0000912436"
SCA CIP,Scope,Manhattan,5.219775699434209,137,2017,0,0,1,0,0,0.9215001838756157,-42,0,"DSF0000876476, DSF0000876478, DSF0000876479, DSF0000876485, DSF0000889082"
SCA CIP,Design,Manhattan,5.190575395074173,153,2020,0,0,1,0,0,0.8067278366336315,16,0,"DSF0000899402, DSF0000944835"
SCA CIP,Scope,Manhattan,4.491599790045869,139,2019,0,0,1,0,0,2.572428023342038,41,1,"DSF0000899402, DSF0000944835"
SCA CIP,Design,Manhattan,5.531708776810456,154,2017,0,1,0,0,0,0.8844141336939267,-59,0,"DSF0000798268, DSF0000798269, DSF0000853963"
SCA CIP,Scope,Manhattan,4.9414617393473295,154,2017,0,1,0,0,0,0.7761185490330701,-101,0,"DSF0000798268, DSF0000798269, DSF0000853963"
SCA CIP RESOA,Design,Manhattan,4.556302500767287,147,2018,0,0,0,0,0,1.3548055555555556,-28,1,DSF0000890826
SCA CIP,Design,Manhattan,5.866393093162637,152,2018,0,0,1,0,0,1.1937120075519023,-74,1,"DSF0000876592, DSF0000876594, DSF0000876595, DSF0000876596, DSF0000889278"
SCA CIP,Scope,Manhattan,5.267919948040649,137,2017,0,0,1,0,0,1.3769230354146094,-65,1,"DSF0000876592, DSF0000876594, DSF0000876595, DSF0000876596, DSF0000889278"
SCA CIP RESOA,Design,Manhattan,5.6895281713000125,152,2018,0,0,1,0,0,1.2332237090876388,-87,1,"DSF0000754506, DSF0000876611, DSF0000876613, DSF0000876614, DSF0000876615"
SCA CIP,Scope,Manhattan,4.255778886667017,96,2020,0,0,0,0,0,0.4591310138172133,-34,0,DSF0000944965
SCA CIP,Design,Manhattan,4.003805073565025,156,2019,1,0,0,0,0,0.8161181601903251,-129,0,DSF0000912010
SCA CIP,Scope,Manhattan,4.092860943338818,141,2018,0,0,1,0,0,1.011062661498708,281,1,"SCA0000050985, DSF0000960701"
SCA CIP,Design,Manhattan,5.049121071116725,153,2020,0,0,1,0,0,0.6961821835231078,17,0,DSF0000960912
SCA CIP,Scope,Manhattan,4.350151066780707,135,2018,0,0,1,0,0,2.5861576244697475,509,1,DSF0000960912
SCA CIP,Design,Manhattan,5.338747254023025,153,2018,0,0,1,0,0,0.6962034600680278,37,0,"DSF0000911378, DSF0000889083"
SCA CIP,Scope,Manhattan,4.7499989765583495,141,2017,0,0,1,0,0,1.3062204360351388,28,1,"DSF0000911378, DSF0000889083"
SCA CIP RESOA,Design,Manhattan,5.059184617631371,156,2016,0,0,1,0,0,1.2504886561954625,330,1,DSF0000777343
SCA CIP,"CM,F&E",Manhattan,4.786524280674953,269,2020,1,0,0,0,0,0.5929897985874967,-1,0,DSF0000911968
SCA CIP,Construction,Manhattan,5.518540259958009,269,2020,1,0,0,0,0,1.0894642748924308,-1,0,DSF0000911968
SCA CIP,Design,Manhattan,4.408324780170415,154,2019,1,0,0,0,0,0.4285491115016598,-65,0,DSF0000911968
SCA CIP,Design,Manhattan,4.4076288088765185,180,2020,0,0,0,0,0,0.41382412767954935,-1,0,DSF0000960797
SCA CIP,Design,Manhattan,4.3718802490915545,178,2020,0,0,0,0,0,0.6290349983010534,6,0,DSF0000960798
SCA CIP,Design,Manhattan,5.692054247566169,153,2019,0,0,1,0,0,0.5105760809264764,71,0,"DSF0000899747, DSF0000899743, DSF0000912286"
SCA CIP,Design,Manhattan,5.864783912638969,185,2019,0,0,0,0,0,0.7019454987303061,256,1,DSF0000821943
SCA CIP,Scope,Manhattan,4.994647038353484,139,2018,0,0,1,0,0,0.9511111111111111,-27,0,"DSF0000899747, DSF0000899743, DSF0000912286"
SCA CIP,Scope,Manhattan,5.262723921311006,153,2015,0,0,0,0,0,0.8539005542964804,218,1,DSF0000821943
SCA CIP,Design,Manhattan,6.422463932007336,153,2014,0,0,1,0,0,0.4819197401514347,210,1,"DSF0000764372, DSF0000786993, DSF0000786994, DSF0000799953, DSF0000799952, DSF0000821658"
SCA CIP,Scope,Manhattan,5.822106593568018,138,2013,0,0,1,0,0,0.33971977960735406,168,1,"DSF0000764372, DSF0000786993, DSF0000786994, DSF0000799953, DSF0000799952, DSF0000821658"
SCA Capacity,Design,Manhattan,6.527079273786779,196,2015,0,0,0,0,0,1.2292159501801987,402,1,DSF0000798170
SCA Capacity,Scope,Manhattan,5.873866760011435,168,2015,0,0,0,0,0,1.212415434393133,7,1,DSF0000798170
SCA CIP,Design,Manhattan,4.990782691803138,281,2017,0,0,0,0,0,1.0462512768130745,40,0,DSF0000868064
SCA CIP,Design,Manhattan,4.499274581892218,178,2018,0,0,0,0,0,0.33462147608489073,-37,0,DSF0000868089
SCA CIP,Design,Manhattan,5.18248598272656,153,2020,0,0,0,0,0,0.8136442765642963,-4,0,DSF0000945291
SCA CIP,Design,Manhattan,6.353650843792964,153,2019,0,0,1,0,0,0.2890929385813379,-112,0,"DSF0000876943, DSF0000876941, DSF0000876942, DSF0000876944"
SCA CIP,Scope,Manhattan,4.703901541534225,88,2019,1,0,0,0,0,1.3899863558165748,-3,1,DSF0000899817
SCA CIP,Scope,Manhattan,4.426511261364575,3,2017,0,0,0,0,0,2.425318352059925,7,1,DSF0000868064
SCA CIP,Scope,Manhattan,5.75159162193745,140,2018,0,0,1,0,0,0.7291152113903822,0,0,"DSF0000876943, DSF0000876941, DSF0000876942, DSF0000876944"
SCA CIP,Scope,Manhattan,4.483515978390542,0,2020,0,0,0,0,0,0.9585153555592051,0,0,DSF0000945291
SCA CIP RESOA,Design,Manhattan,5.144848084778639,131,2018,0,0,0,0,0,0.6041135341146804,-31,0,DSF0000844908
SCA CIP RESOA,Design,Manhattan,6.3762991387188,181,2014,0,0,0,0,0,0.17621605076860075,417,1,DSF0000754658
SCA CIP,Design,Manhattan,5.277455637125061,183,2013,0,1,0,0,0,1.0415028004624327,165,1,"DSF0000764431, DSF0000764420"
SCA CIP,Scope,Manhattan,4.6907098388832305,123,2013,0,1,0,0,0,1.189184230910351,45,1,"DSF0000764431, DSF0000764420"
SCA CIP RESOA,Design,Manhattan,4.615107987443194,138,2018,0,0,0,0,0,1.0302523047064531,-28,0,DSF0000844926
SCA CIP,Design,Manhattan,5.458136043516961,150,2019,0,0,0,0,0,1.0702202195230666,-61,0,DSF0000890643
SCA CIP,Scope,Manhattan,4.759169063842253,158,2018,0,0,0,0,0,1.6460458961590696,-40,1,DSF0000890643
SCA CIP,Scope,Manhattan,4.1607985535383545,253,2020,1,0,0,0,0,0.13914784890546233,-94,0,"DSF0000890579, DSF0000099412"
SCA CIP,Scope,Manhattan,4.861325277888098,123,2018,0,0,0,0,0,0.9266634555838437,121,1,"DSF0000877020, DSF0000899905, DSF0000945339"
SCA CIP,Design,Manhattan,5.331184266586083,171,2018,0,0,0,0,1,0.8549165034051683,36,0,DSF0000867085
SCA CIP,Scope,Manhattan,4.093421685162235,70,2020,0,0,0,1,0,1.052258064516129,-20,0,DSF0000945398
SCA CIP,Scope,Manhattan,4.729124275258121,143,2017,0,0,0,0,1,0.8468887023043195,-20,0,DSF0000867085
SCA CIP RESOA,Design,Manhattan,5.4561138869257,243,2016,0,1,0,0,0,1.9371208463653729,540,1,DSF0000800083
SCA CIP,Design,Manhattan,5.619529493969424,153,2019,0,0,1,0,0,0.6104467145992728,292,1,"DSF0000877067, DSF0000877069, DSF0000877070, DSF0000899958, DSF0000899960"
SCA CIP,Scope,Manhattan,4.933836405288255,141,2018,0,0,1,0,0,2.0872957644784496,38,1,"DSF0000877067, DSF0000877069, DSF0000877070, DSF0000899958, DSF0000899960"
SCA CIP,"CM,F&E",Manhattan,6.084918931537087,729,2018,0,0,1,0,0,0.3979492729606837,128,1,"DSF0000822834, DSF0000832537, DSF0000877090"
SCA CIP,Construction,Manhattan,7.21752516075249,729,2018,0,0,1,0,0,0.9406973859329472,128,1,"DSF0000822834, DSF0000832537, DSF0000877090"
SCA CIP,Design,Manhattan,5.966580500578118,180,2018,0,0,1,0,0,0.5615955763633517,-46,0,"DSF0000822834, DSF0000832537, DSF0000877090"
SCA CIP,Scope,Manhattan,5.36899122824969,527,2015,0,0,1,0,0,0.7115132183736035,21,0,"DSF0000822834, DSF0000832537, DSF0000877090"
SCA CIP,Design,Manhattan,5.573999997399277,152,2019,0,0,1,0,0,0.7627775866529056,-74,0,"DSF0000877141, DSF0000877142, DSF0000877143"
SCA CIP,Scope,Manhattan,4.975822268180293,141,2018,0,0,1,0,0,1.05294708463287,-14,0,"DSF0000877141, DSF0000877142, DSF0000877143"
SCA CIP,Design,Manhattan,5.776324099199496,152,2018,0,0,1,0,0,0.9717129080255271,-66,0,"DSF0000877157, DSF0000877154, DSF0000877158, DSF0000877156"
SCA CIP,Scope,Manhattan,5.1742633809951215,181,2017,0,0,1,0,0,0.7004418557943363,-61,0,"DSF0000877157, DSF0000877154, DSF0000877158, DSF0000877156"
SCA CIP,"CM,F&E",Manhattan,5.886561785728361,539,2017,0,0,0,1,0,1.2853442164009525,752,1,"DSF0000810567, DSF0000832617"
SCA CIP,Construction,Manhattan,6.9607379790751605,539,2017,0,0,0,1,0,0.9450271514168881,752,1,"DSF0000810567, DSF0000832617"
SCA CIP,Design,Manhattan,5.109983294819893,154,2018,0,0,0,0,0,0.8577006675981991,12,0,DSF0000888912
SCA CIP,Design,Manhattan,4.5624713049774686,177,2018,0,0,0,0,0,0.489935642886485,-100,0,DSF0000868092
SCA CIP,Design,Manhattan,5.714855122625728,159,2015,0,0,0,1,0,1.2701536942735339,415,1,"DSF0000810567, DSF0000832617"
SCA CIP,Scope,Manhattan,5.1182514952868186,106,2015,0,0,0,1,0,0.5572294662442115,-1,0,"DSF0000810567, DSF0000832617"
SCA CIP,Scope,Manhattan,4.50792330349193,90,2018,0,0,0,0,0,0.8524452724732184,-21,0,DSF0000888912
SCA CIP,Design,Manhattan,4.5817221599490985,152,2019,1,0,0,0,0,0.6199371233953367,-75,0,DSF0000868288
SCA CIP,Design,Manhattan,4.888123307297908,154,2017,0,0,0,0,0,3.231452969336266,239,1,DSF0000865808
SCA CIP,Design,Manhattan,6.59038256348066,311,2016,0,0,1,0,0,0.33184176194438453,-30,0,"DSF0000775750, DSF0000832675, DSF0000844100, DSF0000832677"
SCA CIP,Scope,Manhattan,4.286074553875573,105,2017,0,0,0,0,0,1.352067484345081,-18,1,DSF0000865808
SCA CIP,Scope,Manhattan,5.988322572152698,138,2013,0,0,1,0,0,0.8963892056252376,224,1,"DSF0000775750, DSF0000832675, DSF0000844100, DSF0000832677"
SCA CIP,Scope,Manhattan,4.017450729510536,121,2019,1,0,0,0,0,0.5365033621517772,-85,0,DSF0000868288
SCA CIP,Design,Manhattan,6.008594636600894,157,2016,0,0,1,0,0,0.51517617381398,102,1,"DSF0000787330, DSF0000787328, DSF0000832702"
SCA CIP,Scope,Manhattan,5.409029798332376,144,2015,0,0,1,0,0,0.3831735980597818,8,0,"DSF0000787330, DSF0000787328, DSF0000832702"
SCA CIP,Design,Manhattan,6.012952740106273,156,2018,0,0,1,0,0,0.4865259144654723,48,0,"DSF0000822668, DSF0000891037, DSF0000877297, DSF0000877298, DSF0000877299"
SCA CIP,Design,Manhattan,6.015342986958783,156,2018,1,0,0,1,0,0.42030483802463414,56,0,"DSF0000832752, DSF0000877293, DSF0000877313"
SCA CIP,Scope,Manhattan,5.41328299563082,126,2016,1,0,0,1,0,0.5347387930035908,22,0,"DSF0000832752, DSF0000877293, DSF0000877313"
SCA CIP,Scope,Manhattan,5.4125411826328484,144,2015,0,0,1,0,0,0.7730286059068335,62,0,"DSF0000822668, DSF0000891037, DSF0000877297, DSF0000877298, DSF0000877299"
SCA CIP,"CM,F&E",Manhattan,5.728702700936549,539,2017,0,0,1,0,0,1.8077862652447565,590,1,"DSF0000810708, DSF0000844140, DSF0000844141"
SCA CIP,Construction,Manhattan,6.9347571833696735,539,2017,0,0,1,0,0,1.1334608155023895,590,1,"DSF0000810708, DSF0000844140, DSF0000844141"
SCA CIP,Design,Manhattan,5.661754965005864,154,2016,0,0,1,0,0,1.2432850553123618,104,1,"DSF0000810708, DSF0000844140, DSF0000844141"
SCA CIP,Scope,Manhattan,5.059695919977973,144,2015,0,0,1,0,0,1.4232274371377522,113,1,"DSF0000810708, DSF0000844140, DSF0000844141"
SCA CIP,Scope,Manhattan,4.41982362360833,127,2019,0,0,0,0,0,0.562186216339571,61,0,DSF0000900213
OUTROS,Design,Manhattan,6.286500705349776,169,2014,0,0,0,0,0,1.1701046997798052,1465,1,DSF0000800281
OUTROS,Scope,Manhattan,5.633288640643744,45,2014,0,0,0,0,0,1.8936234068986697,-4,1,DSF0000800281
SCA CIP,Scope,Manhattan,5.341709457731427,138,2019,0,0,1,0,1,1.156688930472275,87,1,"DSF0000900222, DSF0000900224, DSF0000900225, DSF0000900234, DSF0000945688, DSF0000945680, DSF0000960728, DSF0000945679"
SCA CIP,Design,Manhattan,5.244650626620191,183,2017,0,0,1,0,0,1.0027042259935897,-100,0,DSF0000866156
SCA CIP,Scope,Manhattan,4.6425931077703,260,2015,0,0,1,0,0,0.9952861339466673,-147,0,DSF0000866156
SCA CIP,Design,Manhattan,4.740362689494244,44,2008,0,0,0,0,0,3.166581818181818,-44,1,DSF0000622222
SCA CIP,Design,Manhattan,5.183167309603889,152,2020,0,0,1,0,0,0.4731674362472453,-34,0,"DSF0000961180, DSF0000960822, DSF0000945755, DSF0000945753"
SCA CIP,Scope,Manhattan,4.176091259055681,48,2008,0,0,0,0,0,2.303933333333333,8,1,DSF0000622222
SCA CIP,Scope,Manhattan,4.006679927740826,82,2020,0,0,0,0,1,1.0,-16,0,DSF0000960823
SCA CIP,Scope,Manhattan,4.529956220078762,123,2019,0,0,1,0,0,0.6990643723620908,233,1,"DSF0000961180, DSF0000960822, DSF0000945755, DSF0000945753"
SCA CIP RESOA,Design,Manhattan,4.2608581319711405,178,2020,0,0,0,0,0,0.9095047441452312,-122,0,DSF0000913351
SCA CIP,Design,Manhattan,5.6562218576701255,155,2019,0,0,0,0,0,1.88382778414094,-21,1,"SCA0000049166, DSF0000960503"
SCA CIP,Scope,Manhattan,4.959675667014423,126,2019,0,0,0,0,0,2.512306189854389,-67,1,"SCA0000049166, DSF0000960503"
SCA CIP,Design,Manhattan,5.618844792969303,181,2018,0,0,1,0,0,0.9055493287024788,-56,0,"DSF0000877456, DSF0000877454"
SCA CIP,Scope,Manhattan,5.025059968599579,183,2017,0,0,1,0,0,0.8001982254106098,-52,0,"DSF0000877456, DSF0000877454"
SCA CIP RESOA,Design,Manhattan,4.297497885925698,135,2018,0,0,0,0,0,1.4816009678395,-49,1,DSF0000866364
SCA CIP,Design,Manhattan,4.908897670613596,141,2018,0,0,0,0,0,2.1657436757650137,54,1,DSF0000888968
SCA CIP,Scope,Manhattan,4.306832322684375,91,2018,0,0,0,0,0,3.3750061670531353,15,1,DSF0000888968
SCA CIP RESOA,Design,Manhattan,5.508191578329069,187,2018,0,0,0,0,0,0.6676327932747658,-30,0,DSF0000890615
SCA Capacity,Design,Queens,6.3872896066640426,190,2018,0,0,0,0,0,1.052067341767793,29,0,"DSF0000888778, DSF0000888778"
SCA Capacity,Scope,Queens,5.882139592738011,169,2018,0,0,0,0,0,0.6826913490851659,0,0,"DSF0000888778, DSF0000888778"
SCA CIP,Design,Queens,5.45117215751254,155,2014,0,1,0,0,0,1.9434501061571126,126,1,"DSF0000800040, DSF0000800039"
SCA CIP,Scope,Queens,4.849112166184577,91,2014,0,1,0,0,0,0.8468648266100496,55,0,"DSF0000800040, DSF0000800039"
SCA CIP RESOA,Design,Queens,4.556302500767287,152,2019,0,0,0,0,0,0.9173055555555556,281,1,DSF0000890683
SCA CIP,Design,Queens,5.77706415474243,153,2017,1,1,0,0,0,1.1264277360066834,27,1,"DSF0000843863, DSF0000855070"
SCA CIP,Scope,Queens,5.175004163414467,152,2016,1,1,0,0,0,1.776327485380117,181,1,"DSF0000843863, DSF0000855070"
SCA CIP,Design,Queens,5.888776308795179,152,2012,0,0,1,1,1,0.7831959414156212,-76,0,"DSF0000720934, DSF0000720933, DSF0000720930, DSF0000799910, DSF0000811101, DSF0000877706"
SCA CIP,Scope,Queens,5.297108032513441,141,2011,0,0,1,1,1,0.8778165709730477,1,0,"DSF0000720934, DSF0000720933, DSF0000720930, DSF0000799910, DSF0000811101, DSF0000877706"
SCA CIP RESOA,Design,Queens,4.943687382923936,154,2018,0,0,0,0,0,1.5996311433417958,60,1,"DSF0000822710, DSF0000867261"
SCA CIP,Design,Queens,5.575891847510599,154,2019,0,0,1,0,0,0.6828549427790022,41,0,"DSF0000900613, DSF0000900615, DSF0000900616, DSF0000900617, DSF0000960660"
SCA CIP,Scope,Queens,4.889436172880561,139,2019,0,0,1,0,0,1.267504256746298,-8,1,"DSF0000900613, DSF0000900615, DSF0000900616, DSF0000900617, DSF0000960660"
SCA CIP,Design,Queens,5.9344792610634185,196,2019,0,0,1,0,0,0.44281142655140576,-42,0,"DSF0000900624, DSF0000900626, DSF0000900627, DSF0000960710, DSF0000946117"
SCA CIP,Scope,Queens,5.23893887755744,179,2019,0,0,1,0,0,1.5418272225939684,-31,1,"DSF0000900624, DSF0000900626, DSF0000900627, DSF0000960710, DSF0000946117"
SCA CIP,Design,Queens,5.62465021324746,156,2019,0,1,0,0,0,0.5110369591581485,28,0,"DSF0000912541, DSF0000900680"
SCA CIP,Scope,Queens,4.925678147497901,154,2019,0,1,0,0,0,0.7743233140700834,-48,0,"DSF0000912541, DSF0000900680"
SCA CIP,Design,Queens,5.640645384486886,153,2020,0,1,0,0,0,0.5537154163759679,-69,0,"DSF0000960646, DSF0000960647"
SCA CIP,Scope,Queens,4.941675380150867,150,2020,0,1,0,0,0,0.6378598469685359,-23,0,"DSF0000960646, DSF0000960647"
SCA CIP,Design,Queens,5.610081783264756,152,2018,0,0,1,0,0,0.9474643950159158,-94,0,"DSF0000877872, DSF0000877874, DSF0000889087, DSF0000877873"
SCA CIP,Design,Queens,5.751787023801051,185,2018,0,0,0,1,0,0.9350511812418092,206,1,"DSF0000765327, DSF0000787947, DSF0000867109"
SCA CIP,Scope,Queens,5.013376595395509,137,2017,0,0,1,0,0,0.8645857575052363,-44,0,"DSF0000877872, DSF0000877874, DSF0000889087, DSF0000877873"
SCA CIP,Scope,Queens,5.149730108964738,1609,2013,0,0,0,1,0,0.4936670303047476,0,0,"DSF0000765327, DSF0000787947, DSF0000867109"
SCA CIP,Design,Queens,5.566145114201987,159,2019,0,1,0,0,0,0.7557922292343286,-39,0,"DSF0000912543, DSF0000912544"
SCA CIP,Scope,Queens,4.86717275117865,155,2019,0,1,0,0,0,0.7773794976238968,-72,0,"DSF0000912543, DSF0000912544"
SCA CIP,Design,Queens,4.746455151764321,137,2019,0,0,0,0,0,1.1985585456370906,284,1,DSF0000888913
SCA CIP,Scope,Queens,4.047469574619856,93,2018,0,0,0,0,0,2.1718511878081577,12,1,DSF0000888913
SCA CIP RESOA,Design,Queens,4.477121254719663,178,2020,0,0,0,0,0,0.3665333333333333,-137,0,DSF0000890853
SCA CIP,Design,Queens,5.71039072373729,159,2019,0,1,0,0,0,0.5059991467360707,-41,0,"DSF0000912542, DSF0000900805"
SCA CIP,Scope,Queens,5.01142241148846,154,2019,0,1,0,0,0,0.6250328739102907,-62,0,"DSF0000912542, DSF0000900805"
SCA CIP,Design,Queens,5.636507955681417,211,2018,0,1,0,0,0,0.5319246224192878,-100,0,"DSF0000798312, DSF0000798314"
SCA CIP,Design,Queens,4.350674348233281,159,2019,1,0,0,0,0,0.4772990812594773,1,0,DSF0000912702
SCA CIP,Scope,Queens,5.034447964353455,152,2018,0,1,0,0,0,0.6148538173756408,-72,0,"DSF0000798312, DSF0000798314"
SCA CIP,Scope,Queens,4.931284932134728,181,2020,0,0,1,0,0,1.2788229505892275,-41,1,"DSF0000956380, DSF0000956381, DSF0001008584, DSF0001005521"
SCA CIP RESOA,Design,Queens,4.2552725051033065,175,2019,0,0,0,0,0,1.593,384,1,DSF0000890855
SCA CIP,Scope,Queens,4.4281347940287885,137,2017,0,0,1,0,0,3.8031716417910446,-31,1,"DSF0000877975, DSF0000877976"
SCA CIP,Design,Queens,4.979912410334717,137,2015,0,0,0,0,0,1.0160871386677839,0,0,DSF0000800310
SCA CIP,Scope,Queens,4.415640979896154,96,2014,0,0,0,0,0,1.2215821812596006,31,1,DSF0000800310
SCA CIP RESOA,Design,Queens,4.477121254719663,33,2019,0,0,0,0,1,1.3798333333333332,-26,1,"DSF0000890923, DSF0000912451"
SCA CIP,Design,Queens,5.953375468302253,153,2016,0,1,1,0,0,0.9307886284311488,90,0,"DSF0000800273, DSF0000833500, DSF0000843954, DSF0000833494, DSF0000843955, DSF0000833495, DSF0000833496"
SCA CIP,Design,Queens,4.3971749769583255,152,2019,1,0,0,0,0,0.5731687770476038,-39,0,"DSF0000912013, DSF0000912393"
SCA CIP,Scope,Queens,5.355010680091146,141,2014,0,1,1,0,0,0.5728043449463505,39,0,"DSF0000800273, DSF0000833500, DSF0000843954, DSF0000833494, DSF0000843955, DSF0000833495, DSF0000833496"
SCA Capacity,Scope,Queens,5.800247484094956,167,2019,0,0,0,0,0,0.941870724216202,-3,0,DSF0000911835
SCA CIP,Design,Queens,4.869313875780604,60,2019,0,0,0,0,0,1.5750263463669036,138,1,DSF0000911835
SCA CIP,Scope,Queens,4.170349739139184,0,2019,0,0,0,0,0,0.2925082753495913,0,0,DSF0000911835
SCA CIP RESOA,Design,Queens,4.653212513775344,92,2019,0,0,0,0,1,1.1227555555555555,24,1,"DSF0000890684, DSF0000912590"
SCA CIP,Design,Queens,4.473691295865516,156,2019,1,0,0,0,0,0.218048649375084,7,0,DSF0000912703
SCA CIP,Design,Queens,5.696395709391248,145,2018,0,0,1,0,0,0.3848464424750274,21,0,"DSF0000900927, DSF0000900925, DSF0000912552"
SCA CIP,Design,Queens,4.245537342935994,156,2019,1,0,0,0,0,0.3631043690699392,5,0,DSF0000912704
SCA CIP,Scope,Queens,5.10220380494957,142,2018,0,0,1,0,0,0.38322809069570785,20,0,"DSF0000900927, DSF0000900925, DSF0000912552"
SCA CIP,Design,Queens,4.465992220784307,123,2018,0,0,0,0,0,0.9513012550870353,49,0,DSF0000833597
SCA CIP,Design,Queens,5.53646248319009,156,2016,0,1,0,0,0,1.3160959979530362,18,1,"DSF0000788193, DSF0000798270"
SCA CIP,Scope,Queens,4.944462931043235,159,2016,0,1,0,0,0,1.4274171553252422,-110,1,"DSF0000788193, DSF0000798270"
SCA CIP RESOA,Design,Queens,4.507518555576424,155,2019,1,0,0,0,0,0.6369541569541569,0,0,DSF0000890857
SCA CIP,Design,Queens,5.985563432647528,150,2016,0,0,1,1,1,0.8643809346586651,165,1,"DSF0000777242, DSF0000788218, DSF0000844042, DSF0000811529, DSF0000833628, DSF0000833629"
SCA CIP,Design,Queens,5.7903027606978945,154,2017,0,1,0,0,0,0.7305020055913456,-39,0,"DSF0000798349, DSF0000788217"
SCA CIP,Design,Queens,4.29970337336519,156,2019,1,0,0,0,0,0.34189277295752046,-8,0,"DSF0000912705, DSF0000914265"
SCA CIP,Scope,Queens,5.188242065517035,154,2017,0,1,0,0,0,0.8258868374649933,-95,0,"DSF0000798349, DSF0000788217"
SCA CIP,Scope,Queens,5.389559430161226,634,2013,0,0,1,1,1,1.0925365587100668,176,1,"DSF0000777242, DSF0000788218, DSF0000844042, DSF0000811529, DSF0000833628, DSF0000833629"
SCA CIP,Design,Queens,4.0463000196529695,154,2019,1,0,0,0,0,1.1684494382022472,-14,1,"DSF0000912014, DSF0000912597"
SCA CIP,Design,Queens,5.797809551080246,706,2014,0,0,1,0,0,0.8162454223832121,139,1,"DSF0000788263, DSF0000800317, DSF0000833666"
SCA CIP,Scope,Queens,5.200007345774344,162,2014,0,0,1,0,0,0.9894190243040658,-16,0,"DSF0000788263, DSF0000800317, DSF0000833666"
SCA Capacity,Design,Queens,6.661685974175899,207,2019,0,0,0,0,0,0.2810850485577383,31,0,DSF0000889663
SCA Capacity,Scope,Queens,6.008473697013351,158,2019,0,0,0,0,0,0.7604626052880104,0,0,DSF0000889663
SCA CIP,Design,Queens,4.4076967576338975,207,2019,0,0,0,0,0,1.486819461827284,31,1,DSF0000889663
SCA CIP RESOA,Design,Queens,5.261669606248828,151,2017,1,0,0,1,0,1.342490050418512,244,1,"DSF0000844955, DSF0000901039"
SCA CIP,Design,Queens,5.996122734438401,153,2014,0,1,0,0,0,1.4009930260152232,3,1,"DSF0000788302, DSF0000788296, DSF0000788293, DSF0000799428, DSF0000799439, DSF0000799438, DSF0000799608, DSF0000799919"
SCA CIP,Scope,Queens,5.4013247049655115,153,2014,0,1,0,0,0,0.963426153772881,-93,0,"DSF0000788302, DSF0000788296, DSF0000788293, DSF0000799428, DSF0000799439, DSF0000799438, DSF0000799608, DSF0000799919"
SCA CIP,Design,Queens,4.849665055478733,142,2019,0,0,0,0,0,1.7756432004523608,-12,1,DSF0000888907
SCA CIP,Scope,Queens,4.24760506415077,91,2018,0,0,0,0,0,2.164489680520215,43,1,DSF0000888907
SCA CIP,Design,Queens,5.863299062510548,152,2019,0,0,1,0,0,0.6100087676037043,-73,0,"DSF0000878240, DSF0000878242, DSF0000878243, DSF0000878244"
SCA CIP,Design,Queens,4.5652455257225055,155,2019,1,0,0,0,0,0.41810661514599035,0,0,DSF0000912015
SCA CIP,Scope,Queens,5.261239071182586,141,2018,0,0,1,0,0,0.6283960764973423,-15,0,"DSF0000878240, DSF0000878242, DSF0000878243, DSF0000878244"
SCA Capacity,Design,Queens,6.614652592977941,405,2019,0,0,0,0,0,0.5812323929979989,-132,0,"DSF0000798204, DSF0000798204"
SCA Capacity,Scope,Queens,5.961440079202597,140,2018,0,0,0,0,0,0.7242688844203532,0,0,"DSF0000798204, DSF0000798204"
SCA CIP,Design,Queens,5.517626019235395,153,2018,0,1,0,0,0,0.5232657002483861,-5,0,"DSF0000788342, DSF0000798471"
SCA CIP,Scope,Queens,4.7162705195779555,52,2019,0,0,0,0,0,2.4260070725707257,71,1,DSF0000798204
SCA CIP,Scope,Queens,4.915568665374035,152,2018,0,1,0,0,0,0.4471651362775106,-63,0,"DSF0000788342, DSF0000798471"
SCA CIP RESOA,Design,Queens,4.5910646070264995,154,2019,1,0,0,0,0,0.39825641025641023,0,0,DSF0000890868
SCA CIP,"CM,F&E",Queens,4.710836360863743,269,2020,1,0,0,0,0,0.6644740683078719,8,0,DSF0000912092
SCA CIP,Construction,Queens,5.442855890175056,269,2020,1,0,0,0,0,1.0454407733371809,8,0,DSF0000912092
SCA CIP,Design,Queens,4.332640410387462,153,2019,1,0,0,0,0,0.7296606229660623,1,0,DSF0000912092
SCA CIP,Scope,Queens,4.79660208277,181,2020,0,0,1,0,0,2.4923647051306625,-57,1,"DSF0000946680, DSF0000946681, DSF0000961577"
SCA CIP,Design,Queens,4.010978012174742,156,2019,1,0,0,0,0,0.578003120124805,-7,0,DSF0000912706
SCA CIP,Scope,Queens,4.283029709793859,93,2019,0,0,0,0,0,2.1463414634146343,20,1,DSF0000901197
SCA CIP,Design,Queens,4.432536383264256,178,2020,0,0,0,0,0,0.7878328962434898,4,0,DSF0000960803
SCA CIP,Design,Queens,6.016197353512439,156,2015,0,0,1,0,0,1.099815992292871,81,0,"DSF0000822673, DSF0000822674, DSF0000822675, DSF0000811759, DSF0000822676, DSF0000843772"
SCA CIP,Design,Queens,5.784549540261607,152,2019,0,1,0,0,0,0.7022458347361247,-47,0,"DSF0000890601, DSF0000878359"
SCA CIP,Scope,Queens,5.414137362184476,135,2013,0,0,1,0,0,1.113645472061657,-58,1,"DSF0000822673, DSF0000822674, DSF0000822675, DSF0000811759, DSF0000822676, DSF0000843772"
SCA CIP,Scope,Queens,5.15013601467863,159,2018,0,1,0,0,0,0.6773415051876177,-56,0,"DSF0000890601, DSF0000878359"
SCA CIP RESOA,Design,Queens,5.431363764158987,156,2018,0,0,0,0,0,0.6548296296296297,59,0,DSF0000867383
SCA CIP,Design,Queens,4.232513292686058,154,2019,1,0,0,0,0,0.9281657982553715,1,0,DSF0000912093
SCA CIP,Design,Queens,5.580309003570605,153,2018,0,1,0,0,0,0.7456447458339904,-12,0,"DSF0000788465, DSF0000798475"
SCA CIP,Scope,Queens,4.978249012242642,153,2018,0,1,0,0,0,0.7813068390895233,-70,0,"DSF0000788465, DSF0000798475"
SCA CIP,Design,Queens,4.866287339084195,51,2019,0,0,0,0,0,1.2261496598639456,0,1,DSF0000912167
SCA CIP,Scope,Queens,4.125838963995005,94,2019,1,0,0,0,0,1.6630491729660954,21,1,DSF0000901262
SCA CIP,Scope,Queens,4.264227347756233,43,2019,0,0,0,0,0,2.070312925170068,12,1,DSF0000912167
SCA CIP,Design,Queens,5.510480665516976,155,2019,0,0,1,0,0,0.5725817405047662,62,0,"DSF0000910388, DSF0000910389"
SCA CIP,Design,Queens,4.4998107564738214,155,2019,0,0,1,0,0,1.0,62,0,DSF0000910390
SCA CIP,Scope,Queens,4.82098917641605,138,2019,0,0,1,0,0,0.5558139534883721,0,0,"DSF0000910388, DSF0000910389"
SCA CIP,Scope,Queens,4.564725228407471,138,2019,0,0,1,0,0,1.0,0,0,DSF0000910390
SCA CIP,Design,Queens,5.630903609254638,151,2017,0,1,0,1,0,1.3867494175002573,12,1,"DSF0000844688, DSF0000855949, DSF0000855950"
SCA CIP,Scope,Queens,5.035869813695553,156,2016,0,1,0,1,0,1.547748826074947,42,1,"DSF0000844688, DSF0000855949, DSF0000855950"
SCA CIP,Design,Queens,4.536873948928961,153,2019,1,0,0,0,0,0.3813507625272331,-145,0,"DSF0000868219, DSF0000912517"
SCA CIP,Design,Queens,5.216033877818673,184,2019,0,0,0,0,0,1.5461477652782,-28,1,DSF0000878619
SCA CIP,Scope,Queens,4.5170638734826545,72,2019,0,0,0,0,0,1.7518394648829432,28,1,DSF0000878619
SCA CIP RESOA,Design,Queens,4.623249290397901,139,2019,0,0,0,0,0,0.8319761904761904,113,1,DSF0000890865
SCA CIP,Design,Queens,4.03181227133037,154,2019,1,0,0,0,0,0.6560408921933085,8,0,DSF0000912094
SCA CIP,Design,Queens,5.664641975556125,153,2014,0,0,1,0,0,0.9462662337662338,379,1,"DSF0000766068, DSF0000766069, DSF0000878637"
SCA CIP,Design,Queens,4.487760371456292,153,2019,1,0,0,0,0,0.3370088472547489,-31,0,"DSF0000911969, DSF0000912405"
SCA CIP,Scope,Queens,5.062581984228163,138,2013,0,0,1,0,0,1.1092034632034633,79,1,"DSF0000766068, DSF0000766069, DSF0000878637"
SCA CIP,Design,Queens,4.920384242178358,187,2011,1,0,0,0,0,1.0603843843843843,-56,0,DSF0000721890
SCA CIP,Design,Queens,5.670802284260944,154,2018,0,1,0,0,0,0.9431092616303884,-3,0,"DSF0000885445, DSF0000890603"
SCA CIP,Design,Queens,4.196921944819459,180,2020,0,0,0,0,0,0.8105102624388384,0,0,DSF0000960769
SCA CIP,Scope,Queens,5.068742292932981,159,2018,0,1,0,0,0,0.8259411011523687,-96,0,"DSF0000885445, DSF0000890603"
SCA CIP,Scope,Queens,4.443262987458695,93,2011,1,0,0,0,0,0.6654054054054054,-37,0,DSF0000721890
SCA CIP RESOA,"CM,F&E",Queens,4.8157039011799565,269,2019,1,0,0,0,0,1.2246136443540867,106,1,"DSF0000890867, DSF0000912095, DSF0000912380"
SCA CIP RESOA,Construction,Queens,5.982038642263669,269,2019,1,0,0,0,0,1.1566682577963618,106,1,"DSF0000890867, DSF0000912095, DSF0000912380"
SCA CIP RESOA,Design,Queens,4.8157039011799565,152,2019,1,0,0,0,0,0.712071416560938,-87,0,"DSF0000890867, DSF0000912095, DSF0000912380"
SCA CIP,Scope,Queens,4.905936126745815,141,2018,0,0,1,0,0,3.798773067083923,-33,1,"DSF0000878706, DSF0000878707, DSF0000878708, DSF0000878709, DSF0000912291"
SCA CIP,Design,Queens,4.756636108245848,182,2019,0,0,0,0,0,0.9901926444833625,0,0,DSF0000890588
SCA CIP,Scope,Queens,4.1034273973827675,182,2018,0,0,0,0,0,0.9465678934510205,130,1,DSF0000890588
SCA CIP,Design,Queens,6.15748336294581,153,2018,1,0,1,0,0,0.7516540392794318,-119,0,"DSF0000823601, DSF0000856168, DSF0000866283, DSF0000856162, DSF0000868319, DSF0000888905, DSF0000888906"
SCA CIP,Scope,Queens,5.556523211036479,1031,2015,1,0,1,0,0,0.998831149721114,-114,0,"DSF0000823601, DSF0000856168, DSF0000866283, DSF0000856162, DSF0000868319, DSF0000888905, DSF0000888906"
SCA CIP,Design,Queens,4.319730494330225,153,2019,1,0,0,0,0,0.6824233716475095,-34,0,"DSF0000912017, DSF0000912594"
SCA CIP,Design,Queens,4.258517559916453,159,2019,1,0,0,0,0,0.3718224427901847,-14,0,DSF0000912708
SCA CIP,Scope,Queens,4.150295812825538,141,2019,0,0,0,0,0,2.8701804032543334,53,1,DSF0000901679
SCA CIP,Design,Queens,4.4269989587565375,154,2019,1,0,0,0,0,0.35742611298166854,-93,0,"DSF0000911970, DSF0000912329"
SCA CIP,Design,Queens,4.802335790439813,154,2019,0,0,0,0,0,0.6734661706286651,73,0,SCA0000053508
SCA CIP,Scope,Queens,4.149126699742614,139,2018,0,0,0,0,0,1.0441938000993118,-22,0,SCA0000053508
SCA CIP RESOA,Design,Queens,5.269512944217916,139,2019,0,0,0,0,0,0.6761451612903225,195,1,DSF0000890687
SCA CIP,Design,Queens,4.984293226298519,184,2018,1,0,0,0,0,0.7739092568015926,-60,0,DSF0000878883
SCA CIP,Design,Queens,4.71829404148971,159,2019,1,0,0,0,0,0.20707795313247251,1,0,DSF0000912709
SCA CIP,Scope,Queens,4.420021795859957,90,2018,1,0,0,0,0,0.8612758515815085,-45,0,DSF0000878883
SCA CIP,Scope,Queens,4.065093989357153,125,2019,1,0,0,0,0,0.23293449255401566,-117,0,DSF0000912709
SCA CIP RESOA,Design,Queens,4.681241237375588,154,2019,0,0,0,0,0,1.0007916666666667,20,0,DSF0000890870
SCA CIP RESOA,Design,Queens,4.732393759822968,139,2019,0,0,0,0,0,0.9274814814814815,0,0,DSF0000890688
SCA CIP,Design,Queens,5.009408399151867,152,2018,0,0,0,0,0,1.0656522164595361,-66,0,DSF0000743438
SCA CIP,Scope,Queens,4.445136968713304,122,2017,0,0,0,0,0,0.926264800861141,-18,0,DSF0000743438
SCA CIP,Scope,Queens,4.83062074242556,136,2019,0,0,1,0,0,1.2008123476848092,-8,1,"DSF0000901811, DSF0000901812, DSF0000947337"
SCA CIP,Design,Queens,4.458199556981169,155,2019,1,0,0,0,0,0.6975383865464294,-85,0,"DSF0000912098, DSF0000960473"
SCA CIP,Design,Queens,6.089004164050105,930,2015,0,0,1,0,1,0.9343843460960967,154,1,"DSF0000800329, DSF0000812371, DSF0000789064, DSF0000789066, DSF0000812370"
SCA CIP,Scope,Queens,5.490038584611051,229,2014,0,0,1,0,1,0.8529623985219555,-35,0,"DSF0000800329, DSF0000812371, DSF0000789064, DSF0000789066, DSF0000812370"
SCA CIP,Design,Queens,4.9011312513553715,154,2018,1,0,0,0,0,0.32777498744349576,-8,0,DSF0000891051
SCA CIP,Scope,Queens,4.33685982091681,123,2018,1,0,0,0,0,0.30046040515653777,-112,0,DSF0000891051
SCA CIP,Scope,Queens,4.277357044047016,0,2020,0,0,0,0,0,0.0,0,0,DSF0000912660
SCA CIP,Design,Queens,4.3951515915045425,153,2019,1,0,0,0,0,0.3710547504025765,-32,0,DSF0000912099
SCA CIP RESOA,Design,Queens,4.556302500767287,178,2020,0,0,0,0,0,0.42347222222222225,-136,0,DSF0000913393
SCA CIP,Design,Queens,5.375517300649672,159,2018,0,0,1,0,0,0.41973296268216664,77,0,DSF0000901929
SCA CIP,Scope,Queens,4.773457309321709,135,2018,0,0,1,0,0,0.34938926796394576,26,0,DSF0000901929
SCA CIP,Design,Queens,4.358677084512974,157,2019,1,0,0,0,0,0.2881036822978239,-107,0,DSF0000912710
SCA CIP,Design,Queens,5.9273703630390235,153,2019,0,0,1,0,0,0.6668262411347518,-72,0,"DSF0000879111, DSF0000879114, DSF0000879115, DSF0000912469, DSF0000912468"
SCA CIP,Scope,Queens,5.325310371711061,141,2018,0,0,1,0,0,0.8836122931442081,-29,0,"DSF0000879111, DSF0000879114, DSF0000879115, DSF0000912469, DSF0000912468"
SCA CIP,Design,Queens,5.6158385719378545,152,2015,0,1,0,0,0,1.1326466356982663,181,1,"DSF0000856554, DSF0000812532, DSF0000821892"
SCA CIP,Design,Queens,4.8528458180149965,141,2019,0,0,0,0,0,0.7932641032837496,76,0,DSF0000911829
SCA CIP,Scope,Queens,4.199645493080167,91,2019,0,0,0,0,0,1.2897827734276333,-8,1,DSF0000911829
SCA CIP,Scope,Queens,5.015849946370661,156,2014,0,1,0,0,0,1.0260805846678944,-63,0,"DSF0000856554, DSF0000812532, DSF0000821892"
SCA CIP,Design,Queens,5.399542202044323,150,2020,0,0,1,0,0,0.8094363233489025,11,0,"DSF0000902050, DSF0000902052, DSF0000902053, DSF0000902054"
SCA CIP,Scope,Queens,4.709566740542544,141,2019,0,0,1,0,0,0.9925246413584464,0,0,"DSF0000902050, DSF0000902052, DSF0000902053, DSF0000902054"
SCA CIP,Design,Queens,6.144088896548302,150,2019,0,0,1,0,0,0.5693233015798289,-74,0,"DSF0000879196, DSF0000879198, DSF0000879199, DSF0000912414, DSF0000902075"
SCA CIP,Scope,Queens,5.542029528560486,141,2018,0,0,1,0,0,0.7146121408538844,-24,0,"DSF0000879196, DSF0000879198, DSF0000879199, DSF0000912414, DSF0000902075"
SCA CIP RESOA,Design,Queens,4.848189116991398,138,2019,0,0,0,0,0,0.6907801418439716,-25,0,DSF0000890875
SCA CIP,Design,Queens,4.354780498831271,155,2019,1,0,0,0,0,0.9981886459023636,-79,0,"DSF0000912712, DSF0000960471"
SCA CIP RESOA,Design,Queens,4.431363764158987,136,2019,0,0,0,0,0,1.0028148148148148,-111,0,DSF0000890877
SCA CIP,"CM,F&E",Queens,5.781524167957008,629,2018,0,0,1,0,0,1.0838694313337016,102,1,"DSF0000879253, DSF0000879254, DSF0000879255"
SCA CIP,Construction,Queens,6.845526787173232,629,2018,0,0,1,0,0,0.9532059334537287,102,1,"DSF0000879253, DSF0000879254, DSF0000879255"
SCA CIP,Design,Queens,5.6176125373965435,150,2018,0,0,1,0,0,1.0589554830866603,-76,0,"DSF0000879253, DSF0000879254, DSF0000879255"
SCA CIP,Scope,Queens,5.024407668302451,137,2017,0,0,1,0,0,1.549153439653624,-60,1,"DSF0000879253, DSF0000879254, DSF0000879255"
SCA CIP RESOA,Design,Queens,4.895052188036304,137,2017,0,0,0,0,0,1.2617116371461679,-83,1,DSF0000844957
SCA CIP,Design,Queens,4.42362264528925,151,2019,1,0,0,0,0,0.7337782302152849,-2,0,"DSF0000911971, DSF0000912598"
SCA CIP,Design,Queens,4.35320431990742,156,2019,1,0,0,0,0,0.5941559881168802,1,0,DSF0000912713
SCA CIP,Design,Queens,6.0520633919632845,196,2019,0,0,1,1,0,0.4233910669332477,-34,0,"DSF0000902236, DSF0000902234, DSF0000902237, DSF0000902238, DSF0000902239, DSF0000902233, DSF0000960625, DSF0000947795"
SCA CIP,Scope,Queens,5.359188299849279,179,2019,0,0,1,1,0,1.5783284279210528,-32,1,"DSF0000902236, DSF0000902234, DSF0000902237, DSF0000902238, DSF0000902239, DSF0000902233, DSF0000960625, DSF0000947795"
SCA CIP RESOA,Design,Queens,4.431363764158987,151,2019,0,0,0,0,0,1.6712962962962963,132,1,DSF0000890879
SCA CIP,Scope,Queens,5.26890310302072,180,2020,0,0,1,0,0,0.7938666623595475,-33,0,"DSF0000947804, DSF0000947806, DSF0000947807, DSF0000947808, DSF0001008590"
SCA CIP,Design,Queens,6.030351945591575,150,2019,0,0,1,0,0,0.5081304527838805,-77,0,"DSF0000879400, DSF0000879401, DSF0000879402, DSF0000879403, DSF0000902285, DSF0000912452, DSF0000902289"
SCA CIP,Design,Queens,4.411249219353385,155,2019,1,0,0,0,0,0.5808829234230739,-98,0,"DSF0000912019, DSF0000960470"
SCA CIP,Scope,Queens,5.434461913906978,141,2018,0,0,1,0,0,0.8774073025340801,-18,0,"DSF0000879400, DSF0000879401, DSF0000879402, DSF0000879403, DSF0000902285, DSF0000912452, DSF0000902289"
SCA CIP,Design,Queens,4.312663866150631,62,2020,0,0,0,0,1,1.0,-28,0,DSF0000960714
SCA CIP,Design,Queens,4.805582408150547,157,2019,1,0,0,0,0,0.13479471773688823,-43,0,"DSF0000912715, DSF0000914325"
SCA CIP,Scope,Queens,4.152380087047603,178,2019,1,0,0,0,0,0.15158769274097023,-126,0,"DSF0000912715, DSF0000914325"
SCA CIP,Scope,Queens,4.199069196251742,135,2020,0,0,0,0,1,1.0,-66,0,DSF0000960714
SCA CIP RESOA,Design,Queens,4.870292683556553,156,2017,0,0,0,0,0,2.89450128739165,27,1,DSF0000823589
SCA CIP RESOA,Design,Queens,4.535547279176668,142,2018,0,0,0,0,0,2.3563228438228436,16,1,DSF0000867275
SCA CIP,Design,Queens,4.244277120801843,154,2019,1,0,0,0,0,0.37339031339031337,-85,0,DSF0000912100
SCA CIP,Design,Queens,4.812378511154194,185,2015,0,0,0,0,0,2.66224584103512,-3,1,DSF0000821930
SCA CIP,Scope,Queens,4.210318519826232,185,2015,0,0,0,0,0,3.604128157732594,-92,1,DSF0000821930
SCA CIP RESOA,Design,Queens,4.733405933203824,175,2019,0,0,0,0,0,0.21704910763773416,-93,0,DSF0000890881
SCA CIP RESOA,Design,Queens,4.445604203273597,135,2019,0,0,0,0,0,1.865268817204301,-31,1,DSF0000890880
SCA CIP,Design,Queens,5.511669501818131,154,2016,0,1,0,0,0,1.6055227188769856,1,1,"DSF0000798317, DSF0000789560"
SCA CIP,Scope,Queens,4.909609510490169,156,2016,0,1,0,0,0,1.2092968846201206,-120,1,"DSF0000798317, DSF0000789560"
SCA CIP,Scope,Queens,4.26394363421885,125,2019,0,1,0,0,0,1.1097859826825682,52,1,DSF0000902352
SCA CIP RESOA,Design,Queens,4.3222192947339195,140,2019,0,0,0,0,0,1.415,84,1,DSF0000890883
SCA CIP RESOA,Design,Queens,4.3222192947339195,155,2019,0,0,0,0,0,1.7455238095238095,64,1,DSF0000890882
SCA CIP,Design,Queens,4.423900918528417,0,2018,1,0,0,0,0,0.9114544084400904,0,0,DSF0000868320
SCA CIP,Design,Queens,4.359247174489695,181,2017,0,0,0,0,0,0.9501508592417683,-15,0,DSF0000867066
SCA CIP RESOA,Design,Queens,4.579657861593733,158,2018,0,0,0,0,0,1.6197846745110427,71,1,DSF0000866399
SCA CIP,Design,Queens,4.418152080563105,153,2019,1,0,0,0,0,0.6997441869344432,-26,0,"DSF0000912102, DSF0000912492"
SCA Capacity,OUTROS,Queens,6.857336115536872,827,2018,0,0,0,0,0,0.750203609414366,-20,0,DSF0000843833
SCA Capacity,Construction,Queens,7.708671885502591,827,2018,0,0,0,0,0,0.9287456918251171,-20,0,DSF0000843833
SCA Capacity,Design,Queens,6.561769015574392,226,2017,0,0,0,0,0,0.9017953149001536,31,0,DSF0000843833
SCA Capacity,Scope,Queens,6.056619037254486,140,2016,0,0,0,0,0,1.1228492429229757,0,1,DSF0000843833
SCA CIP,Design,Queens,4.387976794990437,156,2019,1,0,0,0,0,0.4572504399787173,12,0,DSF0000912716
SCA Capacity,Design,Queens,6.570243967677058,186,2017,0,0,0,0,0,0.6223543621416889,41,0,DSF0000843904
SCA Capacity,Scope,Queens,6.065093989357153,174,2017,0,0,0,0,0,0.7235792373246105,1,0,DSF0000843904
SCA CIP,Design,Queens,4.445635334378726,159,2019,1,0,0,0,0,0.31069457386567273,-92,0,"DSF0000912020, DSF0000912662"
SCA CIP,Scope,Queens,4.617241548837126,181,2020,0,0,0,0,0,4.365642276030225,-21,1,DSF0000960540
SCA CIP RESOA,Design,Queens,5.418369248116234,154,2018,0,0,0,0,0,0.6737571601390622,202,1,DSF0000867322
SCA CIP,Design,Queens,4.427226363584512,159,2019,1,0,0,0,0,0.45812144780137604,1,0,DSF0000912717
SCA CIP,Design,Queens,4.343782654669529,156,2019,0,0,1,0,0,0.26462458652408355,95,1,"DSF0000879647, DSF0000948069"
SCA CIP,Design,Queens,4.86223874654393,174,2019,0,0,0,1,1,1.516520640500975,106,1,"DSF0000912356, DSF0000914286"
SCA CIP,Scope,Queens,4.209032196836535,138,2019,0,0,0,1,1,1.8077493511308862,-27,1,"DSF0000912356, DSF0000914286"
SCA CIP RESOA,Design,Queens,4.477121254719663,273,2020,0,0,0,0,0,0.6324,-37,0,DSF0000913406
SCA CIP,Design,Queens,5.031973689091717,159,2019,1,0,0,0,0,0.13770903010033445,9,0,DSF0000912720
SCA CIP,Scope,Queens,4.378761175316373,126,2019,1,0,0,0,0,0.136747491638796,-78,0,DSF0000912720
SCA CIP RESOA,Design,Queens,4.702430536445525,94,2017,0,0,0,0,0,0.9965079365079365,13,0,DSF0000822884
SCA CIP,Scope,Queens,5.243548974676087,181,2020,0,0,1,0,0,1.418707121902218,-40,1,"DSF0000948166, DSF0000948168, DSF0000948169, DSF0000948170, DSF0001008553, DSF0000997080"
SCA CIP,Design,Queens,4.467001000905487,157,2019,1,0,0,0,0,0.38233989559520964,-43,0,"DSF0000912722, DSF0000914324"
SCA Capacity,OUTROS,Queens,7.143041044595266,1338,2017,0,0,0,0,0,0.544203012192069,-222,0,DSF0000798195
SCA Capacity,Construction,Queens,7.994376814560987,1338,2017,0,0,0,0,0,0.8693963625666018,-222,0,DSF0000798195
SCA Capacity,Design,Queens,6.847473944632788,213,2016,0,0,0,0,0,0.8750069618095022,33,0,DSF0000798195
SCA Capacity,Scope,Queens,6.342323966312882,231,2016,0,0,0,0,0,0.9868797453966811,-18,0,DSF0000798195
SCA CIP,Design,Queens,5.934416129487771,194,2019,0,0,1,0,0,0.518341267007584,-46,0,"DSF0000902669, DSF0000902670, DSF0000902671, DSF0000960662, DSF0000948236, DSF0000948250"
SCA CIP,Scope,Queens,4.3842458578199786,125,2018,0,0,0,0,0,1.475891677675033,90,1,DSF0000798195
SCA CIP,Scope,Queens,4.079181246047625,157,2020,0,1,0,0,0,0.09358333333333334,-152,0,DSF0000948238
SCA CIP,Scope,Queens,4.681241237375588,0,2020,0,0,0,0,0,0.0,0,0,DSF0001007720
SCA CIP,Scope,Queens,5.235447640417056,181,2019,0,0,1,0,0,1.7266061127651655,-34,1,"DSF0000902669, DSF0000902670, DSF0000902671, DSF0000960662, DSF0000948236, DSF0000948250"
SCA CIP,Design,Queens,5.715097061723223,124,2019,0,0,1,0,0,0.6082294629573958,106,1,"DSF0000902690, DSF0000902691, DSF0000902692, DSF0000902694"
SCA CIP,Scope,Queens,5.016130405079764,138,2019,0,0,1,0,0,1.064210282895244,39,0,"DSF0000902690, DSF0000902691, DSF0000902692, DSF0000902694"
SCA CIP RESOA,Design,Queens,4.8555373266048925,124,2019,0,0,0,0,0,0.581481946362077,156,1,DSF0000844833
SCA CIP,Design,Queens,5.7074168686367095,152,2015,0,1,0,0,0,0.5512063081087443,-5,0,"DSF0000798276, DSF0000789941"
SCA CIP,Scope,Queens,5.105356877308747,154,2014,0,1,0,0,0,0.7419324467459103,-78,0,"DSF0000798276, DSF0000789941"
SCA CIP,Design,Queens,4.975891136401793,135,2019,0,0,0,0,1,0.8569133192389007,-71,0,"DSF0000889667, DSF0000912514"
SCA CIP,Scope,Queens,4.41161970596323,91,2019,0,0,0,0,1,1.0503488372093024,-34,0,"DSF0000889667, DSF0000912514"
SCA CIP,Design,Queens,4.224740190060544,154,2019,1,0,0,0,0,1.2111097866253426,-13,1,DSF0000912104
SCA CIP,Design,Queens,5.332034277027518,152,2019,0,0,1,0,0,0.5105307262569833,-90,0,"DSF0000879918, DSF0000879919"
SCA CIP,Scope,Queens,4.729974285699556,141,2018,0,0,1,0,0,0.7519925512104283,-4,0,"DSF0000879918, DSF0000879919"
SCA CIP,Design,Queens,5.81967946691197,155,2019,0,0,1,0,0,0.6271542518547242,71,0,"DSF0000902814, DSF0000902816, DSF0000902817, DSF0000902818"
SCA CIP,Scope,Queens,5.1207120938344755,139,2019,0,0,1,0,0,1.1632207933839234,-8,1,"DSF0000902814, DSF0000902816, DSF0000902817, DSF0000902818"
SCA CIP RESOA,Design,Queens,4.420368379857524,124,2019,0,0,0,0,1,3.1604938271604937,-70,1,"DSF0000890891, DSF0000912302"
SCA CIP,Design,Queens,4.406063046057575,155,2019,1,0,0,0,0,0.47526695979899497,-28,0,DSF0000912105
SCA CIP,Design,Queens,4.406080095600492,159,2019,1,0,0,0,0,0.4907549169709104,-1,0,"DSF0000912724, DSF0000913019"
SCA CIP,Design,Queens,5.82386921834816,150,2019,0,0,1,0,0,0.41000381034674155,-104,0,"DSF0000880044, DSF0000880046, DSF0000880047, DSF0000880048, DSF0000880049"
SCA CIP,Scope,Queens,5.2228568789991705,141,2018,0,0,1,0,0,0.6524477115184312,12,0,"DSF0000880044, DSF0000880046, DSF0000880047, DSF0000880048, DSF0000880049"
SCA CIP,Scope,Queens,4.205853695464925,159,2019,0,0,0,0,0,2.6794696215139444,-56,1,DSF0000902936
SCA CIP RESOA,Design,Queens,4.550472957106564,154,2016,0,0,0,0,0,2.3456362612612613,-6,1,DSF0000822889
SCA CIP,Design,Queens,5.179523067035285,152,2019,1,0,0,0,0,0.5912031218995966,-67,0,"DSF0000868321, DSF0000880102, DSF0000912319"
SCA CIP,Scope,Queens,4.592831592732042,279,2018,1,0,0,0,0,0.5594882402512832,-119,0,"DSF0000868321, DSF0000880102, DSF0000912319"
SCA CIP,Design,Queens,5.560265397862715,156,2016,0,1,0,0,0,1.089551334984861,12,0,"DSF0000798369, DSF0000798370"
SCA CIP,Design,Queens,4.480725378988487,153,2019,1,0,0,0,0,0.4160330578512397,-104,0,DSF0000889062
SCA CIP,Scope,Queens,4.958205406534752,157,2016,0,1,0,0,0,1.2351334984860995,-112,1,"DSF0000798369, DSF0000798370"
SCA CIP,Design,Queens,4.621685084798319,152,2019,1,0,0,0,0,0.6229300580659036,-68,0,"DSF0000889063, DSF0000912321"
SCA CIP,Scope,Queens,4.057437868212939,282,2018,1,0,0,0,0,0.5739442789556685,-119,0,"DSF0000889063, DSF0000912321"
SCA CIP RESOA,Design,Queens,4.380211241711606,152,2019,0,0,0,0,0,0.9389166666666666,217,1,DSF0000890893
SCA CIP,Design,Queens,4.279210512601395,154,2019,1,0,0,0,0,0.8845425867507887,-16,0,"DSF0000912023, DSF0000912519"
SCA CIP,Design,Queens,5.229661368317959,152,2019,0,0,1,0,0,1.086356457581972,-54,0,"DSF0000880232, DSF0000880233, DSF0000912490"
SCA CIP,Scope,Queens,4.639097840998727,144,2018,0,0,1,0,0,1.8916461972865637,-31,1,"DSF0000880232, DSF0000880233, DSF0000912490"
SCA Capacity,Design,Queens,6.794768887899613,31,2019,0,0,0,1,0,0.3924738892818931,-31,0,"DSF0000798201, DSF0000798201, DSF0000960504"
SCA Capacity,Scope,Queens,6.141556374124269,440,2018,0,0,0,1,0,0.9444158112809852,0,0,"DSF0000798201, DSF0000798201, DSF0000960504"
SCA CIP,Design,Queens,4.537693194367391,152,2019,1,0,0,0,0,0.49875326181501883,-81,0,DSF0000911870
SCA CIP,Scope,Queens,4.7508091341240855,152,2019,0,1,0,0,0,1.0523083476810025,54,0,DSF0000911887
SCA CIP,Scope,Queens,4.377032909310364,152,2019,0,1,0,0,0,1.1980692549842602,54,1,DSF0000903103
SCA CIP,Design,Queens,5.827329848699871,215,2019,0,0,1,0,0,0.4489425379387117,-62,0,"DSF0000903136, DSF0000903137, DSF0000903138, DSF0000960585"
SCA CIP,Scope,Queens,5.12836372232786,136,2019,0,0,1,0,0,1.1822321767406558,0,1,"DSF0000903136, DSF0000903137, DSF0000903138, DSF0000960585"
SCA CIP RESOA,Design,Queens,4.615118523329026,94,2017,0,0,0,0,0,2.572766308435021,13,1,DSF0000822888
SCA CIP,Design,Queens,4.847954966075378,153,2019,1,0,0,0,0,0.8702137322244614,-141,0,"DSF0000891032, DSF0000912518"
SCA CIP,Scope,Queens,4.249173889407112,335,2018,1,0,0,0,0,0.8540199447856217,-123,0,"DSF0000891032, DSF0000912518"
SCA CIP RESOA,"CM,F&E",Queens,4.929025327703482,269,2019,0,0,0,0,0,0.31716967134934,0,0,DSF0000822885
SCA CIP RESOA,Construction,Queens,6.095354192472725,269,2019,0,0,0,0,0,0.7997583358088525,0,0,DSF0000822885
SCA CIP RESOA,Design,Queens,4.929025327703482,125,2018,0,0,0,0,0,1.2441388080967464,129,1,DSF0000822885
SCA CIP,Design,Queens,5.417943099342103,135,2014,0,0,0,0,0,1.0725674601961923,49,0,DSF0000777287
SCA CIP,Scope,Queens,4.718974753983151,94,2013,0,0,0,0,0,1.8555303015833604,0,1,DSF0000777287
SCA CIP,Design,Queens,5.997611774545234,150,2019,0,0,1,0,1,0.5162058730075735,-98,0,"DSF0000867084, DSF0000880356, DSF0000880357, DSF0000880358, DSF0000880359, DSF0000912509"
SCA CIP,Design,Queens,5.681418538092598,153,2016,0,1,0,0,0,1.13846429374672,17,1,"DSF0000798293, DSF0000790486"
SCA CIP,Scope,Queens,5.400114713018806,567,2017,0,0,1,0,1,0.7863047501542257,-15,0,"DSF0000867084, DSF0000880356, DSF0000880357, DSF0000880358, DSF0000880359, DSF0000912509"
SCA CIP,Scope,Queens,5.087767224947504,158,2015,0,1,0,0,0,0.948298964018432,-81,0,"DSF0000798293, DSF0000790486"
SCA CIP,"CM,F&E",Queens,4.805194909232818,269,2019,1,0,0,0,0,0.7285568866964216,50,0,DSF0000912107
SCA CIP,Construction,Queens,5.761470010094062,269,2019,1,0,0,0,0,1.0,50,0,DSF0000912107
SCA CIP,Design,Queens,4.4269989587565375,152,2019,1,0,0,0,0,0.4261129816685372,-32,0,DSF0000912107
SCA CIP RESOA,Design,Queens,4.8063156698081135,58,2019,0,0,0,0,1,0.9756638550452983,-56,0,"DSF0000890900, DSF0000912550"
SCA CIP RESOA,Design,Queens,4.41520713590843,176,2019,0,0,0,0,0,0.3532713154455293,-116,0,DSF0000890901
SCA CIP,"CM,F&E",Queens,4.836229142972787,269,2019,1,0,0,0,0,0.6231391703725304,20,0,DSF0000912026
SCA CIP,Construction,Queens,5.774725668887647,269,2019,1,0,0,0,0,1.0,20,0,DSF0000912026
SCA CIP,Design,Queens,5.551684161070876,153,2020,0,1,0,0,0,0.5684658835684125,-48,0,"DSF0000903387, DSF0000914329"
SCA CIP,Design,Queens,4.458033192496506,151,2019,1,0,0,0,0,0.29299895506792056,-30,0,DSF0000912026
SCA CIP,Scope,Queens,4.852711718186539,150,2020,0,1,0,0,0,0.5050815575956652,-76,0,"DSF0000903387, DSF0000914329"
SCA CIP,Design,Queens,5.598680004689403,150,2019,0,0,1,0,0,0.6131635504246672,-105,0,"DSF0000880545, DSF0000880546, DSF0000880547, DSF0000880548"
SCA CIP,Design,Queens,4.871923031882374,154,2019,1,0,0,0,0,0.5766317485898469,-8,0,DSF0000912761
SCA CIP,Scope,Queens,4.218719266900493,125,2019,1,0,0,0,0,0.6486976491206865,2,0,DSF0000912761
SCA CIP,Scope,Queens,5.0,141,2018,0,0,1,0,0,1.13064,12,1,"DSF0000880545, DSF0000880546, DSF0000880547, DSF0000880548"
SCA CIP,"CM,F&E",Queens,5.244277120801843,269,2018,1,0,0,0,0,0.5376752136752136,249,1,DSF0000888988
SCA CIP,Construction,Queens,5.879239282004893,269,2018,1,0,0,0,0,0.8998190822053483,249,1,DSF0000888988
SCA CIP,Design,Queens,4.854306041801081,153,2018,1,0,0,0,0,0.7141398601398602,-27,0,DSF0000888988
SCA CIP,Design,Queens,5.757107415601235,153,2018,0,1,0,0,0,1.0649102550645533,31,0,"DSF0000843951, DSF0000880580, DSF0000888785"
SCA CIP,Design,Queens,4.038659894302496,167,2020,0,0,0,0,1,5.338486872198335,43,1,DSF0000960584
SCA CIP,Scope,Queens,5.155047424273273,621,2016,0,1,0,0,0,1.1450404114621602,-75,1,"DSF0000843951, DSF0000880580, DSF0000888785"
SCA CIP,Scope,Queens,4.290034611362518,121,2018,1,0,0,0,0,0.6535897435897436,-86,0,DSF0000888988
SCA CIP,Design,Queens,4.582574665258312,153,2019,1,0,0,0,0,0.258726630932148,-7,0,DSF0000912028
SCA CIP,Design,Queens,5.610340711452157,159,2014,0,1,0,0,0,1.1129850380181505,83,1,"DSF0000798297, DSF0000790753"
SCA CIP,Scope,Queens,5.008284981025361,154,2014,0,1,0,0,0,1.0124207758569943,-112,0,"DSF0000798297, DSF0000790753"
SCA CIP RESOA,Design,Queens,5.050878347847936,147,2019,0,0,0,0,1,1.1229042328936485,1,1,"DSF0000844952, DSF0000912626"
SCA Capacity,Design,Queens,6.441185935211329,191,2018,0,0,0,0,0,0.7071005445802676,21,0,DSF0000843834
SCA Capacity,Scope,Queens,5.9360359568914225,112,2018,0,0,0,0,0,0.5657343143502694,0,0,DSF0000843834
SCA CIP,Design,Queens,5.499054421197101,152,2018,0,0,1,0,0,1.1312797109716677,-73,1,"DSF0000880645, DSF0000880643"
SCA CIP,Scope,Queens,4.896994429869139,137,2017,0,0,1,0,0,1.6863915826836535,-65,1,"DSF0000880645, DSF0000880643"
SCA CIP,Scope,Queens,4.832476978114369,139,2019,0,0,1,0,0,1.8139422016324729,55,1,"DSF0000903523, DSF0000903525, DSF0000949147"
SCA CIP,Design,Queens,4.891425942847994,135,2016,0,0,0,0,0,1.9044042116076014,-50,1,DSF0000843655
SCA CIP,Design,Queens,5.534559122932602,159,2017,0,1,0,0,0,0.8248320775655628,-27,0,"DSF0000790833, DSF0000798372"
SCA CIP,Scope,Queens,4.932499131604639,153,2017,0,1,0,0,0,0.6907890894223468,-89,0,"DSF0000790833, DSF0000798372"
SCA CIP,Scope,Queens,4.289365951520032,91,2016,0,0,0,0,0,4.143605546995378,-34,1,DSF0000843655
SCA CIP,Design,Queens,4.84664014640526,152,2019,1,0,0,0,0,0.4880923571865792,-68,0,"DSF0000890984, DSF0000912323"
SCA CIP,Design,Queens,5.567387539529023,151,2018,0,1,0,0,0,0.8577254154402706,13,0,"DSF0000790872, DSF0000798431"
SCA CIP,Scope,Queens,4.965328724170901,150,2018,0,1,0,0,0,0.7667746163094219,-90,0,"DSF0000790872, DSF0000798431"
SCA CIP,Scope,Queens,4.246990699241549,296,2018,1,0,0,0,0,0.48986409966024913,-118,0,"DSF0000890984, DSF0000912323"
SCA CIP RESOA,Design,Queens,4.477121254719663,154,2019,0,0,0,0,0,1.1829666666666667,153,1,DSF0000890907
SCA CIP,Scope,Queens,4.92434132369957,159,2020,0,1,0,0,0,0.30239727657953624,-22,0,"DSF0000948952, DSF0000798328"
SCA CIP,Design,Queens,5.366982975977851,152,2018,0,0,0,0,0,0.7900687285223368,-91,0,DSF0000880739
SCA CIP,Design,Queens,5.542521687950404,156,2019,0,1,0,0,0,0.5813376687426166,-55,0,"DSF0000912539, DSF0000897780"
SCA CIP,Scope,Queens,4.764922984649888,139,2017,0,0,0,0,0,0.6966838487972509,-69,0,DSF0000880739
SCA CIP,Scope,Queens,4.843556664655472,155,2019,0,1,0,0,0,0.5653744695492602,-98,0,"DSF0000912539, DSF0000897780"
SCA CIP,Scope,Queens,5.170956617207836,180,2020,0,0,1,0,0,0.8984801365381113,-62,0,"DSF0000949262, DSF0000949263, DSF0000961568"
SCA CIP,Design,Queens,5.983770576998997,156,2016,0,1,1,0,0,0.8948469875015571,-1,0,"DSF0000798368, DSF0000789227, DSF0000836272, DSF0000836276, DSF0000836273, DSF0000836274"
SCA CIP,Scope,Queens,5.384382091324033,440,2015,0,1,1,0,0,1.0583659353901518,-68,0,"DSF0000798368, DSF0000789227, DSF0000836272, DSF0000836276, DSF0000836273, DSF0000836274"
SCA Capacity,Design,Queens,6.498707441623394,199,2018,0,0,0,0,0,0.7833054223440157,35,0,DSF0000888762
SCA Capacity,Scope,Queens,5.993557463303488,161,2018,0,0,0,0,0,0.7557220065463957,1,0,DSF0000888762
SCA CIP,Scope,Queens,4.435732912484542,154,2018,0,1,0,0,0,0.8961610383896161,327,1,DSF0000889005
SCA CIP,Scope,Queens,4.993665442214145,154,2018,0,1,0,0,0,0.8098465784560435,327,1,DSF0000889003
SCA CIP,Design,Queens,4.825815444985204,157,2019,1,0,0,0,0,0.31845878136200717,-58,0,"DSF0000912108, DSF0000912637"
SCA CIP,Scope,Queens,4.17260293120986,151,2019,1,0,0,0,0,0.3582661290322581,-52,0,"DSF0000912108, DSF0000912637"
SCA CIP RESOA,Design,Queens,4.079181246047625,167,2020,0,0,0,0,0,2.027,-109,1,DSF0000913430
SCA CIP,Design,Queens,4.314077991779213,153,2019,1,0,0,0,0,0.48709364386220283,-26,0,"DSF0000912029, DSF0000912491"
SCA CIP RESOA,Design,Queens,4.553531081284317,94,2017,0,0,0,0,0,1.4071454530206033,13,1,DSF0000844798
SCA CIP,Design,Queens,6.013680118118975,141,2019,0,0,1,0,0,0.43476217561804686,-84,0,"DSF0000880910, DSF0000880911, DSF0000880912, DSF0000903778"
SCA CIP,Design,Queens,5.556356784184882,153,2015,0,1,0,0,0,0.7941951700481884,5,0,"DSF0000798301, DSF0000791100"
SCA CIP,Scope,Queens,4.954295586632462,154,2014,0,1,0,0,0,1.0036551088200332,-39,0,"DSF0000798301, DSF0000791100"
SCA CIP,Scope,Queens,5.411618022648023,141,2018,0,0,1,0,0,0.5302191093763929,2,0,"DSF0000880910, DSF0000880911, DSF0000880912, DSF0000903778"
SCA CIP,"CM,F&E",Queens,5.668441830834905,629,2018,0,1,0,0,0,2.182888469295799,277,1,"DSF0000798373, DSF0000791125"
SCA CIP,Construction,Queens,6.874496371249332,629,2018,0,1,0,0,0,0.9804955801881673,277,1,"DSF0000798373, DSF0000791125"
SCA CIP,Design,Queens,5.601495041204292,155,2017,0,1,0,0,0,1.124153900070091,-27,1,"DSF0000798373, DSF0000791125"
SCA CIP,Scope,Queens,4.999439398452555,78,2017,0,1,0,0,0,0.8666680017222217,-38,0,"DSF0000798373, DSF0000791125"
SCA CIP,"CM,F&E",Queens,5.541978411697019,539,2018,0,0,1,0,0,1.004329352319706,-7,0,DSF0000880952
SCA CIP,Construction,Queens,6.7480328941301435,539,2018,0,0,1,0,0,0.9324419435512683,-7,0,DSF0000880952
SCA CIP,Design,Queens,4.8175058730898055,138,2020,0,0,0,0,0,1.3231188442861275,-39,1,DSF0000949463
SCA CIP,Design,Queens,5.475031622066406,150,2018,0,0,1,0,0,0.7162814844587353,-88,0,DSF0000880952
SCA CIP,Scope,Queens,4.164293359314462,91,2020,0,0,0,0,0,3.193588162762022,-60,1,DSF0000949463
SCA CIP,Scope,Queens,4.872971630738443,139,2017,0,0,1,0,0,0.6328376205787781,-60,0,DSF0000880952
SCA CIP,Design,Queens,5.57292153158353,234,2020,0,1,0,0,0,0.5404004352440762,-134,0,"DSF0000914331, DSF0000798420, DSF0000903833"
SCA CIP,Scope,Queens,4.883928174668814,153,2020,0,1,0,0,0,0.5929820894352489,-61,0,"DSF0000914331, DSF0000798420, DSF0000903833"
SCA CIP,Design,Queens,5.38609391081451,153,2019,0,0,1,0,0,1.5415603046782833,-112,1,DSF0000889574
SCA CIP,Scope,Queens,4.784032134268399,91,2018,0,0,1,0,0,1.3386332993521655,140,1,DSF0000889574
SCA CIP,"CM,F&E",Queens,4.798940538627469,269,2020,1,0,0,0,0,0.7063645896221918,-3,0,"DSF0000912109, DSF0000912610"
SCA CIP,Construction,Queens,5.5309561718483256,269,2020,1,0,0,0,0,1.184365898978477,-3,1,"DSF0000912109, DSF0000912610"
SCA CIP,Design,Queens,4.420731171441572,154,2019,1,0,0,0,0,0.4124568262041219,-18,0,"DSF0000912109, DSF0000912610"
SCA CIP,Design,Queens,5.63630431046542,153,2014,1,1,0,0,0,2.3464674446706115,22,1,"DSF0000791232, DSF0000791229, DSF0000791225, DSF0000791231, DSF0000800307"
SCA CIP,Scope,Queens,5.044653414652883,153,2014,1,1,0,0,0,1.1062537783432134,-36,1,"DSF0000791232, DSF0000791229, DSF0000791225, DSF0000791231, DSF0000800307"
SCA CIP,Design,Queens,5.942504106168081,153,2019,0,0,1,0,0,0.4852876712328767,-76,0,"DSF0000881036, DSF0000881037, DSF0000881038"
SCA CIP,Scope,Queens,5.3404441148401185,141,2018,0,0,1,0,0,0.5540502283105023,-21,0,"DSF0000881036, DSF0000881037, DSF0000881038"
SCA CIP,Design,Queens,4.502631927572243,159,2019,1,0,0,0,0,0.40342605689140343,-41,0,"DSF0000912732, DSF0000914273"
SCA CIP,Scope,Queens,4.648184305764576,181,2020,0,0,1,0,0,3.266984398183535,-18,1,"DSF0000956474, DSF0000956473, DSF0001008581"
SCA CIP,Design,Queens,5.51566194105712,154,2018,0,0,0,0,0,1.2341142020497804,-10,1,DSF0000888956
SCA CIP,Design,Queens,4.963079160641827,154,2019,0,0,0,1,0,0.9823843222645617,-152,0,DSF0000881069
SCA CIP,Design,Queens,4.86421433046133,152,2019,1,0,0,0,0,0.27984962406015035,-109,0,"DSF0000868233, DSF0000912427"
SCA CIP,Scope,Queens,4.299942900022767,219,2018,1,0,0,0,0,0.256140350877193,-120,0,"DSF0000868233, DSF0000912427"
SCA CIP,Scope,Queens,4.913601949729157,133,2017,0,0,0,0,0,0.8237310883357736,217,1,DSF0000888956
SCA CIP,Scope,Queens,4.398807730203265,88,2018,0,0,0,1,0,1.625309381237525,340,1,DSF0000881069
SCA CIP,Design,Queens,4.1693216836818365,159,2019,1,0,0,0,0,0.5816630552546046,-5,0,"DSF0000912733, DSF0000914240"
SCA CIP RESOA,Design,Queens,4.9762215519329365,132,2019,0,0,0,0,0,0.7765548419807334,-31,0,DSF0000867230
SCA CIP,Design,Queens,5.985672968410068,159,2018,1,1,1,0,0,0.6752939644400439,71,0,"DSF0000881103, DSF0000888970, DSF0000881100, DSF0000881101, DSF0000891023"
SCA CIP,Scope,Queens,5.386821668221082,135,2018,1,1,1,0,0,0.9604072537456757,-2,0,"DSF0000881103, DSF0000888970, DSF0000881100, DSF0000881101, DSF0000891023"
SCA CIP,Design,Queens,5.21682805933988,154,2019,0,0,1,0,0,0.9836116320993499,62,0,"DSF0000910496, DSF0000910497, DSF0000960825"
SCA CIP,Scope,Queens,4.522222464996256,139,2019,0,0,1,0,0,1.4478562629570653,30,1,"DSF0000910496, DSF0000910497, DSF0000960825"
SCA CIP,Design,Queens,5.755234370699497,141,2018,0,0,0,0,1,0.9292835055169021,90,0,DSF0000881116
SCA CIP,Scope,Queens,5.153174379371534,87,2018,0,0,0,0,1,0.8925996204933586,67,0,DSF0000881116
SCA CIP,Design,Queens,4.582347494084358,153,2019,1,0,0,0,0,0.7402485284499672,-35,0,DSF0000868234
SCA CIP,Scope,Queens,4.018076063645795,127,2018,1,0,0,0,0,0.6106474820143885,-43,0,DSF0000868234
SCA CIP,Scope,Queens,5.124703067920954,138,2018,0,0,1,0,0,0.5696865549560637,-25,0,"DSF0000881133, DSF0000881134, DSF0000960543, DSF0000960831"
SCA CIP,Design,Queens,4.7903555464143865,141,2018,0,0,0,0,0,1.9196888672824501,-11,1,DSF0000889575
SCA CIP,Scope,Queens,4.226084115975824,91,2018,0,0,0,0,0,3.7795603089720737,-8,1,DSF0000889575
SCA CIP,Design,Queens,4.003762020828246,159,2019,1,0,0,0,0,0.4673341925250322,1,0,DSF0000912734
SCA CIP,Design,Queens,4.3354177792535475,181,2020,0,0,0,0,0,0.2753141167775314,-7,0,DSF0000960774
SCA CIP RESOA,Design,Queens,4.357934847000454,152,2019,0,0,0,0,0,1.7098684210526316,2,1,DSF0000890920
SCA CIP RESOA,Design,Queens,4.6674529528899535,138,2019,0,0,0,0,0,1.578516129032258,350,1,DSF0000867340
SCA CIP,Design,Queens,4.463818361529429,182,2018,0,0,0,0,0,2.26293177521911,63,1,DSF0000888828
SCA CIP,"CM,F&E",Queens,5.358012936794161,269,2019,0,0,0,0,0,0.513837423972005,174,1,DSF0000889576
SCA CIP,Construction,Queens,5.989051383355298,269,2019,0,0,0,0,0,1.011992554647961,174,1,DSF0000889576
SCA CIP,Design,Queens,4.964118143151485,135,2019,0,0,0,0,0,0.8125448028673835,-17,0,DSF0000889576
SCA CIP,Scope,Queens,4.399846712712923,130,2018,0,0,0,0,0,0.602389486260454,-52,0,DSF0000889576
SCA Capacity,Design,Queens,6.475985974026867,183,2019,0,0,0,0,0,0.261631365618508,210,1,DSF0000890641
SCA Capacity,Scope,Queens,5.822773315107749,166,2019,0,0,0,0,0,0.942599627627736,14,0,DSF0000890641
SCA Capacity,Scope,Queens,6.170537463520015,189,2016,0,0,0,0,0,0.8875153618647615,0,0,DSF0000843659
SCA Capacity,Scope,Queens,5.9525488405957745,123,2019,0,0,0,0,0,0.7104318252041,-4,0,DSF0000914311
SCA CIP,Design,Queens,5.048876657166098,118,2019,0,0,0,0,0,0.40846379298019875,5,0,DSF0000914311
SCA CIP,Scope,Queens,4.349898891403912,0,2019,0,0,0,0,0,1.274640335984273,0,1,DSF0000914311
SCA CIP,Design,Queens,5.715167357848458,162,2018,0,0,0,0,0,1.2863044315992294,40,1,DSF0000889562
SCA CIP,Scope,Queens,5.113107366520495,0,2018,0,0,0,0,0,0.09260115606936416,0,0,DSF0000889562
OUTROS,"CM,F&E",Queens,6.3869216395620825,430,2019,0,0,0,0,0,1.0226818157760964,6,0,DSF0000889304
OUTROS,Construction,Queens,7.238257450182409,430,2019,0,0,0,0,0,1.0545811775666885,6,0,DSF0000889304
OUTROS,Design,Queens,6.091354575235907,150,2018,0,0,0,0,0,0.5027598791681792,55,0,DSF0000889304
OUTROS,Scope,Queens,5.5862045969160015,35,2018,0,0,0,0,0,0.5965928538090546,-6,0,DSF0000889304
3K,"CM,F&E",Queens,6.023143769500139,195,2020,0,0,0,0,0,0.3287723183810925,-33,0,DSF0000912333
3K,Construction,Queens,6.870759506537283,195,2020,0,0,0,0,0,0.9645922113934166,-33,0,DSF0000912333
3K,Design,Queens,5.770006154447467,80,2019,0,0,0,0,0,0.5881342001046104,183,1,DSF0000912333
3K,Scope,Queens,5.116793640672123,28,2019,0,0,0,0,0,1.28135507733692,1,1,DSF0000912333
3K,Design,Queens,5.82980147854017,57,2019,0,0,0,0,0,0.8595210824920757,117,1,DSF0000912334
3K,Scope,Queens,5.176588964764826,35,2019,0,0,0,0,0,1.2867578509975228,43,1,DSF0000912334
OUTROS,Design,Queens,6.543633532576258,123,2016,0,0,0,0,0,0.8041747461747462,1053,1,DSF0000844699
OUTROS,Scope,Queens,5.8904210188009145,0,2016,0,0,0,0,0,0.2491158301158301,0,0,DSF0000844699
SCA Capacity,Design,Queens,6.732329415133332,150,2016,0,0,0,0,0,0.8366243147132909,35,0,"DSF0000843984, DSF0000843984"
SCA Capacity,Scope,Queens,6.227179436813427,161,2016,0,0,0,0,0,0.7585586012742629,48,0,"DSF0000843984, DSF0000843984"
SCA CIP,Design,Queens,5.755280150964325,156,2017,0,1,0,0,0,0.8302132743051895,-23,0,"DSF0000798303, DSF0000798305"
SCA CIP,Scope,Queens,5.153220159636364,154,2017,0,1,0,0,0,1.0919574154105618,-52,0,"DSF0000798303, DSF0000798305"
SCA CIP,Scope,Queens,5.1012004260805055,181,2020,0,0,0,0,1,1.7213425115453775,-48,1,"DSF0000949713, DSF0001007719"
SCA CIP,Design,Queens,4.793301353613115,155,2019,0,0,0,0,0,0.549251569290198,5,0,DSF0000904068
SCA CIP,Scope,Queens,4.0943313492770965,91,2019,0,0,0,0,0,0.6865443425076453,-49,0,DSF0000904068
SCA CIP RESOA,Design,Queens,4.891024252224102,152,2019,0,0,0,0,0,1.303362122146823,-96,1,DSF0000890692
SCA CIP,Design,Queens,4.967220259782968,157,2018,1,0,0,0,0,0.1267766634314677,-1,0,DSF0000868291
SCA CIP,Scope,Queens,4.402948829344405,125,2018,1,0,0,0,0,0.1158956109134045,-77,0,DSF0000868291
SCA CIP,Design,Queens,4.7551809542904975,152,2020,1,0,0,0,0,0.27016816320792847,-85,0,"DSF0000868292, DSF0000960830"
SCA CIP,Scope,Queens,4.425925300652474,182,2018,1,0,0,0,0,0.019951995199519953,142,1,"DSF0000891081, DSF0000960565, DSF0000949768"
SCA CIP,Scope,Queens,5.048787392389632,156,2020,0,1,0,0,0,0.46544343054277004,-16,0,"DSF0000948984, DSF0000960978"
SCA CIP,Scope,Queens,4.189770956346874,123,2020,1,0,0,0,0,0.2483204134366925,-122,0,"DSF0000868292, DSF0000960830"
SCA Capacity,Design,Queens,6.732966007962813,120,2017,0,0,0,0,0,0.7215489946588942,98,1,DSF0000798196
SCA Capacity,Scope,Queens,6.227816029642907,148,2016,0,0,0,0,0,0.5732412078888577,96,1,DSF0000798196
SCA CIP,Design,Queens,4.646932792140526,158,2019,1,0,0,0,0,0.508928168823556,-12,0,DSF0000912735
SCA Capacity,Design,Queens,6.74122725881311,240,2018,0,0,0,0,0,0.7246245663187539,50,0,DSF0000843825
SCA Capacity,Scope,Queens,6.236077280493204,170,2018,0,0,0,0,0,0.6831425377792617,0,0,DSF0000843825
SCA CIP,Design,Queens,4.687921165116413,181,2018,0,0,0,0,0,0.9671344165435746,173,1,DSF0000889026
SCA CIP,Design,Queens,4.9451730461739,153,2015,0,0,0,0,0,1.8398797367823916,126,1,DSF0000799991
SCA CIP,Scope,Queens,4.343113054845937,136,2014,0,0,0,0,0,3.6439301111867484,78,1,DSF0000799991
SCA CIP,Scope,Queens,4.034708651341069,120,2018,0,0,0,0,0,1.0542836041358936,-71,0,DSF0000889026
SCA Capacity,Design,Queens,6.560862694727465,208,2017,0,0,0,0,0,0.8731684991753711,5,0,DSF0000821799
SCA Capacity,Scope,Queens,6.055712716407559,164,2017,0,0,0,0,0,0.7415441451346894,0,0,DSF0000821799
SCA CIP,Design,Queens,4.495544337546448,180,2017,0,0,0,0,0,0.6556230031948882,-104,0,DSF0000867059
SCA CIP,Design,Queens,4.836577274840649,153,2018,1,0,0,0,0,0.6053030303030303,-71,0,DSF0000868293
SCA CIP,Design,Queens,5.040364955860061,92,2016,0,0,0,0,0,1.0821578275924912,-6,0,DSF0000843892
SCA CIP,Scope,Queens,4.2345172835126865,126,2017,1,0,0,0,0,0.5898018648018648,-82,0,DSF0000868293
SCA CIP,Scope,Queens,4.438304964532098,92,2016,0,0,0,0,0,1.0396573719701112,69,0,DSF0000843892
SCA CIP RESOA,Design,Queens,4.468745989253668,152,2020,0,0,0,0,0,1.072348523464845,-42,0,DSF0000866329
SCA Capacity,OUTROS,Queens,6.692115137949611,778,2018,0,0,0,0,0,0.7001391795517808,-27,0,DSF0000843866
SCA Capacity,Construction,Queens,7.543450907915331,778,2018,0,0,0,0,0,0.940832296146242,-27,0,DSF0000843866
SCA Capacity,Design,Queens,6.396548037987132,28,2017,0,0,0,0,0,1.1654863563402889,168,1,DSF0000843866
SCA Capacity,Scope,Queens,5.891398059667226,157,2016,0,0,0,0,0,1.214890529695024,179,1,DSF0000843866
SCA CIP,Design,Queens,5.848558572123763,154,2013,0,0,1,0,0,0.5760544217687075,21,0,"SCA0000021454, DSF0000791601"
SCA CIP,Design,Queens,4.526326351766489,175,2018,0,0,0,0,0,0.5495996904669782,22,0,DSF0000868137
SCA CIP,Design,Queens,4.769746467179454,156,2018,1,0,0,0,0,0.29750212404418014,-29,0,DSF0000868238
SCA CIP,Scope,Queens,5.246498580795801,152,2012,0,0,1,0,0,0.24256802721088436,84,0,"SCA0000021454, DSF0000791601"
SCA CIP,Scope,Queens,4.205475036740891,125,2018,1,0,0,0,0,0.2722741433021807,-124,0,DSF0000868238
3K,"CM,F&E",Queens,6.410334111347057,430,2019,0,0,0,0,0,0.3041039133500805,-41,0,DSF0000890627
3K,Construction,Queens,7.219073340108109,430,2019,0,0,0,0,0,0.9098055396408417,-41,0,DSF0000890627
3K,Design,Queens,6.072170459690019,176,2018,0,0,0,0,0,0.8274934280952316,107,1,DSF0000890627
3K,Scope,Queens,5.567020481370113,56,2018,0,0,0,0,0,0.7849645659155273,0,0,DSF0000890627
SCA CIP,Design,Queens,5.004235366359468,152,2019,1,0,0,0,0,0.14263220439691027,-117,0,"DSF0000868322, DSF0000912325"
SCA CIP,Scope,Queens,4.439963935920905,309,2018,1,0,0,0,0,0.13420479302832244,-119,0,"DSF0000868322, DSF0000912325"
SCA CIP,Design,Queens,4.631342286483933,181,2016,0,0,0,0,0,1.423627015657864,27,1,DSF0000845578
SCA CIP,Design,Queens,4.91638550887557,155,2020,0,0,0,0,0,0.3082788803084122,-30,0,DSF0000949917
SCA CIP,Scope,Queens,4.06707085604537,1,2016,0,0,0,0,0,1.2862896315338475,0,1,DSF0000845578
SCA CIP,Scope,Queens,4.263186157413705,270,2020,0,0,0,0,0,0.3467895914025421,-186,0,DSF0000949917
SCA CIP,Design,Queens,5.116607743988248,145,2016,0,0,0,0,0,1.7576758409785933,235,1,DSF0000822192
SCA CIP,Design,Queens,6.114611317791555,150,2015,0,0,1,0,0,0.5468029594447316,138,1,"DSF0000791664, DSF0000814902, DSF0000814906, DSF0000814904"
SCA CIP,Scope,Queens,5.5125509929042105,136,2014,0,0,1,0,0,0.6059600614439324,95,1,"DSF0000791664, DSF0000814902, DSF0000814906, DSF0000814904"
SCA CIP,Scope,Queens,4.514547752660286,122,2015,0,0,0,0,0,1.44651376146789,354,1,DSF0000822192
SCA CIP,Design,Queens,4.871497044126882,150,2019,1,0,0,0,0,0.8677322650463118,-43,0,"DSF0000868294, DSF0000912221"
SCA CIP,Scope,Queens,4.273603076590536,420,2018,1,0,0,0,0,1.3558265871325097,-114,1,"DSF0000868294, DSF0000912221"
SCA CIP,Scope,Queens,4.539038441569298,123,2018,0,0,0,0,0,1.6222215799057722,309,1,"DSF0000889656, DSF0000949980"
SCA CIP,Design,Queens,5.7419390777291985,150,2018,0,0,1,0,0,0.7383858695652173,-91,0,"DSF0000881482, DSF0000881483, DSF0000881481"
SCA CIP,Scope,Queens,5.139879086401237,137,2017,0,0,1,0,0,0.7485507246376811,-46,0,"DSF0000881482, DSF0000881483, DSF0000881481"
3K,Design,Queens,5.829743635080101,123,2019,0,0,0,0,0,0.266220600162206,124,1,DSF0000912744
3K,Scope,Queens,5.176531121304757,25,2019,0,0,0,0,0,1.1378403218072353,0,1,DSF0000912744
SCA CIP RESOA,Design,Queens,4.363611979892144,135,2018,0,0,0,0,0,2.5806493506493506,53,1,DSF0000844906
SCA Capacity,Design,Queens,6.5827903678639075,206,2018,0,0,0,0,0,0.6666540351243989,-21,0,DSF0000888760
SCA Capacity,Scope,Queens,6.077640389544002,147,2018,0,0,0,0,0,0.5184152205728623,10,0,DSF0000888760
SCA CIP,Design,Queens,5.265148138815467,156,2016,0,0,0,0,0,1.1353643966547193,510,1,DSF0000845574
SCA CIP,Design,Queens,4.774414766767753,154,2018,1,0,0,0,0,0.3750798507211781,-8,0,DSF0000868296
SCA CIP,Design,Queens,4.729812507160935,142,2019,0,0,0,0,0,1.348640089418778,-14,1,DSF0000889657
SCA CIP,Scope,Queens,4.210131168184136,123,2018,1,0,0,0,0,0.35055168587807434,-45,0,DSF0000868296
SCA CIP,Scope,Queens,4.165541076722373,94,2018,0,0,0,0,0,1.2538251366120219,10,1,DSF0000889657
SCA CIP,Scope,Queens,4.663088147487504,0,2016,0,0,0,0,0,1.5835994352123384,0,1,DSF0000845574
SCA CIP RESOA,Design,Queens,4.912487761332324,158,2018,0,0,0,0,0,1.0861284403669724,28,0,DSF0000868043
SCA Capacity,Scope,Queens,6.620583449793141,207,2018,0,0,0,0,0,0.33916313593327546,0,0,DSF0000866092
SCA CIP,Scope,Queens,5.076276255404218,129,2019,1,0,0,0,0,0.3664010067114094,-47,0,"DSF0000914309, DSF0000950068"
SCA CIP,Scope,Queens,4.0287338793493355,134,2020,0,0,0,0,1,1.0,168,1,DSF0000960723
SCA CIP RESOA,Design,Queens,5.169968173996892,154,2018,0,0,0,0,0,1.9009871534820826,0,1,DSF0000866331
SCA CIP,Design,Queens,6.154620228652967,153,2018,0,0,1,0,0,0.42353736398054137,122,1,"DSF0000791828, DSF0000904450, DSF0000904451, DSF0000904452, DSF0000904447"
SCA CIP,Design,Queens,4.9041202134762,154,2018,1,0,0,0,0,0.22391819428856466,-34,0,DSF0000868298
SCA CIP,Design,Queens,4.909449046981266,183,2017,0,0,0,0,0,1.0704114313870412,1,0,DSF0000845623
SCA CIP,Scope,Queens,4.345177616542704,181,2017,0,0,0,0,0,0.9652213188798555,-82,0,DSF0000845623
SCA CIP,Scope,Queens,4.339848783037637,125,2018,1,0,0,0,0,0.23040695016003657,-5,0,DSF0000868298
SCA CIP,Scope,Queens,5.554433431055532,138,2014,0,0,1,0,0,0.7072344010668036,46,0,"DSF0000791828, DSF0000904450, DSF0000904451, DSF0000904452, DSF0000904447"
3K,"CM,F&E",Queens,6.35701709757798,301,2019,0,0,0,0,0,0.33125013460432046,-14,0,DSF0000890611
3K,Construction,Queens,7.207892982337456,301,2019,0,0,0,0,0,0.9705512674161603,-14,0,DSF0000890611
3K,Design,Queens,6.107139730407469,146,2018,0,0,0,0,0,0.44794822287666836,202,1,DSF0000890611
3K,Scope,Queens,5.4539265379367095,58,2018,0,0,0,0,0,0.9437619111245508,0,0,DSF0000890611
SCA CIP,Design,Queens,4.394276526767821,176,2018,0,0,0,0,0,0.6878983461073014,0,0,DSF0000868126
SCA CIP,Design,Queens,5.026369811573718,155,2018,1,0,0,0,0,0.4785526068134764,22,0,DSF0000868240
SCA CIP,Scope,Queens,4.4620983811351556,123,2018,1,0,0,0,0,0.4157004830917874,-35,0,DSF0000868240
SCA CIP RESOA,Design,Queens,4.694789406005941,152,2018,0,0,0,0,0,0.873084146119828,-87,0,DSF0000866355
SCA CIP,Design,Queens,4.554077081375389,53,2018,0,0,0,0,0,1.5025686843868662,-3,1,DSF0000891039
SCA Capacity,Scope,Queens,6.15653491690001,171,2019,0,0,0,0,0,0.5336409212854256,1,0,DSF0000911869
SCA CIP,Design,Queens,4.843786975405818,121,2019,0,0,0,0,0,0.951596956540429,96,1,DSF0000911869
SCA CIP,Scope,Queens,4.190583795977179,0,2019,0,0,0,0,0,0.23786188664646335,0,0,DSF0000911869
SCA CIP,Design,Queens,4.8736634834854655,152,2020,1,0,0,0,0,0.40284112949611417,-29,0,DSF0000950146
SCA CIP,Scope,Queens,4.220448065070318,125,2019,1,0,0,0,0,0.4531993017516403,-54,0,DSF0000950146
SCA CIP RESOA,Design,Queens,4.380211241711606,151,2019,0,0,0,0,0,1.6662083333333333,123,1,DSF0000890929
SCA CIP RESOA,Design,Queens,4.477121254719663,178,2019,0,0,0,0,0,1.2729,96,1,DSF0000890928
SCA CIP,Design,Queens,4.524538915944734,176,2018,0,0,0,0,0,0.6402976599623442,14,0,DSF0000868125
SCA Capacity,Design,Queens,6.830460350030967,195,2016,0,0,0,0,0,0.592938829787234,29,0,DSF0000798215
SCA Capacity,Scope,Queens,6.325310371711061,140,2016,0,0,0,0,0,0.45853144208037827,31,0,DSF0000798215
SCA CIP,Design,Queens,4.961814865683337,135,2015,0,0,0,0,0,0.6054507932694932,63,0,DSF0000800312
SCA CIP,Scope,Queens,4.397540273842457,94,2014,0,0,0,0,0,1.0642591183889178,27,0,DSF0000800312
SCA CIP,Design,Queens,5.101657732031697,154,2019,0,0,1,0,0,0.4575782993337237,37,0,"DSF0000904581, DSF0000904583, DSF0000950236"
SCA CIP,Scope,Queens,4.448458964362637,139,2019,0,0,1,0,0,2.8948511608033045,5,1,"DSF0000904581, DSF0000904583, DSF0000950236"
SCA CIP RESOA,Design,Queens,4.037027879755775,177,2020,0,0,0,0,0,1.7961432506887052,-162,1,DSF0000867964
SCA CIP,Design,Queens,4.425240679100199,180,2020,0,0,0,0,0,0.6293291262865299,1,0,DSF0000960776
SCA CIP,Design,Queens,6.059374437866039,175,2014,0,0,1,1,1,1.0628930982179692,42,0,"DSF0000769206, DSF0000769189, DSF0000769190, DSF0000769191, DSF0000769187, DSF0000769202, DSF0000791972, DSF0000799902"
SCA CIP,Design,Queens,4.766524381029522,153,2019,1,0,0,0,0,0.2335530257639305,-145,0,DSF0000868301
SCA CIP,Scope,Queens,5.462107372646257,568,2013,0,0,1,1,1,0.9812322726237552,-33,0,"DSF0000769206, DSF0000769189, DSF0000769190, DSF0000769191, DSF0000769187, DSF0000769202, DSF0000791972, DSF0000799902"
SCA CIP,Scope,Queens,4.202243037624806,323,2018,1,0,0,0,0,0.213859770259243,-121,0,DSF0000868301
SCA CIP,Design,Queens,4.751325303066616,153,2020,1,0,0,0,0,0.37980002127433254,-132,0,"DSF0000866938, DSF0000960708"
SCA CIP,Design,Queens,4.938634787963591,142,2020,0,0,1,0,0,0.8450640959192841,-45,0,DSF0000961191
SCA CIP,Scope,Queens,4.178660458538169,351,2019,1,0,0,0,0,0.3549605673006826,-120,0,"DSF0000866938, DSF0000960708"
SCA CIP,Scope,Queens,4.285422274188247,126,2019,0,0,1,0,0,3.2421478179745,-27,1,DSF0000961191
SCA CIP RESOA,Design,Queens,4.477121254719663,153,2019,0,0,0,0,0,1.8261333333333334,191,1,DSF0000890934
SCA CIP RESOA,Design,Queens,4.6146336078417916,154,2017,0,0,1,0,0,1.6665695203400122,210,1,DSF0000823594
SCA CIP RESOA,Design,Queens,4.653212513775344,150,2019,0,0,0,0,0,1.434511111111111,82,1,DSF0000890936
SCA CIP,Design,Queens,5.232996110392154,183,2018,0,0,0,0,0,0.6605263157894737,-22,0,DSF0000889660
SCA CIP,Scope,Queens,4.630936119064192,91,2018,0,0,0,0,0,1.4647719298245614,-22,1,DSF0000889660
SCA CIP RESOA,Design,Queens,4.88024177589548,141,2018,0,0,0,0,0,0.6628853754940711,31,0,DSF0000867327
SCA CIP RESOA,Design,Queens,4.6306312440205,141,2019,0,0,0,0,0,1.0177668539325844,87,0,DSF0000867314
SCA CIP,Design,Queens,6.65057763440786,246,2014,0,1,0,1,1,0.6066512087222692,43,0,"DSF0000769305, DSF0000769310, DSF0000769311, DSF0000769320, DSF0000769303, DSF0000799911, DSF0000799912, DSF0000822123, DSF0000822124, DSF0000822125"
SCA CIP,Scope,Queens,6.049366898115359,156,2013,0,1,0,1,1,0.3609985504969725,41,0,"DSF0000769305, DSF0000769310, DSF0000769311, DSF0000769320, DSF0000769303, DSF0000799911, DSF0000799912, DSF0000822123, DSF0000822124, DSF0000822125"
SCA CIP,Scope,Queens,5.369419964965584,153,2012,0,0,0,0,0,0.5784844731109308,144,1,DSF0000754281
SCA CIP,Design,Queens,5.5247854493212225,156,2016,0,1,0,0,0,1.6457825567502986,84,1,"DSF0000798374, DSF0000792110"
SCA CIP,Scope,Queens,4.92272545799326,122,2015,0,1,0,0,0,1.2334408602150537,-38,1,"DSF0000798374, DSF0000792110"
SCA CIP,Design,Queens,5.414833014775466,138,2018,0,0,0,0,0,0.11794579787315902,-138,0,DSF0000843866
SCA CIP,Scope,Queens,4.8127730234475035,91,2018,0,0,0,0,0,0.019221594669046924,-91,0,DSF0000843866
SCA CIP,Design,Queens,4.93864979390599,174,2019,0,0,0,0,1,0.2689516964964412,106,1,DSF0000914287
SCA CIP,Scope,Queens,4.285444782907415,138,2019,0,0,0,0,1,0.3188909043793729,-27,0,DSF0000914287
SCA CIP RESOA,Design,Staten Island,4.110589710299249,138,2019,0,0,0,0,0,2.5326356589147285,100,1,DSF0000890693
SCA CIP RESOA,Design,Staten Island,4.3222192947339195,178,2020,0,0,0,0,0,0.596047619047619,-136,0,DSF0000913112
SCA CIP,Design,Staten Island,4.484328316739793,156,2019,1,0,0,0,0,0.24693462723755819,0,0,"DSF0000912736, DSF0000912924"
SCA CIP,Design,Staten Island,5.549781595215152,157,2019,0,1,0,0,0,0.607351220268727,-50,0,"DSF0000798310, DSF0000904972"
SCA CIP,Design,Staten Island,4.752325078306666,183,2018,0,0,0,0,0,1.1960874487052497,-21,1,DSF0000888889
SCA CIP,Scope,Staten Island,4.053347392169267,122,2018,0,0,0,0,0,1.89263288228531,40,1,DSF0000888889
SCA CIP,Scope,Staten Island,4.850811590879133,154,2019,0,1,0,0,0,0.9475940051038392,-46,0,"DSF0000798310, DSF0000904972"
SCA CIP,Design,Staten Island,5.55848656772609,156,2019,0,1,0,0,0,0.7327805646532067,6,0,"DSF0000912534, DSF0000904988"
SCA CIP,Scope,Staten Island,4.859516563390072,154,2019,0,1,0,0,0,1.1891988999903265,-86,1,"DSF0000912534, DSF0000904988"
SCA CIP,"CM,F&E",Staten Island,5.2886739197645145,539,2019,0,0,1,0,0,1.117876433972941,-22,1,DSF0000882160
SCA CIP,Construction,Staten Island,6.494728402197639,539,2019,0,0,1,0,0,0.940126595446725,-22,0,DSF0000882160
SCA CIP,Design,Staten Island,5.221727130133901,150,2018,0,0,1,0,0,0.8575081022686352,56,0,DSF0000882160
SCA CIP,Scope,Staten Island,4.619667138805939,140,2017,0,0,1,0,0,1.332493098067459,-54,1,DSF0000882160
SCA CIP,"CM,F&E",Staten Island,5.195849857830673,729,2018,0,0,0,0,0,2.768540342204839,41,1,DSF0000815645
SCA CIP,Construction,Staten Island,6.401904340263798,729,2018,0,0,0,0,0,1.0279096683413103,41,0,DSF0000815645
SCA CIP,Design,Staten Island,5.12890306820006,169,2015,0,0,0,0,0,0.40780046969291595,-93,0,DSF0000815645
SCA CIP,Scope,Staten Island,4.5268430768720975,106,2015,0,0,0,0,0,0.06765956181812777,-106,0,DSF0000815645
SCA CIP RESOA,"CM,F&E",Staten Island,5.097684104079659,269,2019,0,0,0,0,0,1.0017967945185788,214,1,DSF0000890698
SCA CIP RESOA,Construction,Staten Island,5.57287160220048,269,2019,0,0,0,0,0,0.6294331550802139,214,1,DSF0000890698
SCA CIP RESOA,Design,Staten Island,4.4065401804339555,179,2019,0,0,0,0,0,0.28215686274509805,-76,0,DSF0000890698
SCA CIP,Design,Staten Island,5.579985839317355,150,2019,0,0,1,0,0,0.6318372757952218,-84,0,"DSF0000882218, DSF0000882219, DSF0000882220, DSF0000882221, DSF0000882222"
SCA CIP,Scope,Staten Island,4.988915520512687,143,2018,0,0,1,0,0,0.9116023799753795,-6,0,"DSF0000882218, DSF0000882219, DSF0000882220, DSF0000882221, DSF0000882222"
SCA CIP,Design,Staten Island,5.301878212514026,153,2020,0,0,1,0,0,0.7675644115753701,-13,0,"DSF0000905094, DSF0000905095, DSF0000905096"
SCA CIP,Design,Staten Island,4.851527405600252,183,2018,0,0,0,0,0,0.6761302854568999,-21,0,DSF0000888890
SCA CIP,Scope,Staten Island,4.607530079972254,139,2019,0,0,1,0,0,1.6169304070901325,84,1,"DSF0000905094, DSF0000905095, DSF0000905096"
SCA CIP,Scope,Staten Island,4.198327117723478,122,2018,0,0,0,0,0,0.6041297187737522,40,0,DSF0000888890
SCA CIP,Scope,Staten Island,4.6263609009076765,136,2019,0,0,1,0,0,3.045482483097726,98,1,"DSF0000912505, DSF0000905112, DSF0000950850"
SCA CIP RESOA,Design,Staten Island,4.5301996982030825,135,2018,0,0,0,0,0,1.2306194690265486,-50,1,DSF0000867331
SCA CIP RESOA,"CM,F&E",Staten Island,5.158121150337495,269,2019,0,0,0,0,0,0.998742356864925,214,1,DSF0000890699
SCA CIP RESOA,Construction,Staten Island,5.512194605159389,269,2019,0,0,0,0,0,0.6037886684315552,214,1,DSF0000890699
SCA CIP RESOA,Design,Staten Island,4.345863628503764,179,2019,0,0,0,0,0,0.46989853438556933,-76,0,DSF0000890699
SCA CIP,Design,Staten Island,5.685924372513511,152,2020,0,0,1,0,0,0.602692887939918,-43,0,"DSF0000905200, DSF0000905202, DSF0000905203, DSF0000905204"
SCA CIP,Scope,Staten Island,4.993365679470871,140,2019,0,0,1,0,0,1.384387311644531,78,1,"DSF0000905200, DSF0000905202, DSF0000905203, DSF0000905204"
SCA CIP RESOA,Design,Staten Island,4.312262005983347,177,2019,0,0,0,0,0,0.7724615084778795,-70,0,DSF0000890701
SCA CIP,Design,Staten Island,4.387870132407363,156,2019,1,0,0,0,0,0.2720759814958857,3,0,"DSF0000912738, DSF0000912925"
SCA CIP RESOA,Design,Staten Island,5.2765812761675805,170,2018,0,0,0,0,1,1.0624061104881197,127,1,"DSF0000800087, DSF0000867082"
SCA CIP RESOA,Design,Staten Island,4.477121254719663,153,2019,0,0,0,0,0,1.3562666666666667,232,1,DSF0000890702
SCA CIP,Design,Staten Island,5.018779529742716,137,2019,0,0,0,0,0,1.0,-87,0,DSF0000912168
SCA CIP,Scope,Staten Island,4.267594079761292,91,2019,0,0,0,0,0,5.386866832271304,-22,1,DSF0000912168
SCA CIP,Design,Staten Island,4.641771470653959,159,2019,1,0,0,0,0,0.2603467944330367,0,0,DSF0000912739
SCA CIP RESOA,Design,Staten Island,4.176091259055681,119,2019,0,0,0,0,1,2.1126,-35,1,"DSF0000890704, DSF0000912351"
SCA CIP,Design,Staten Island,5.803006198688662,152,2018,0,0,1,0,0,0.4883070481946674,-76,0,"DSF0000882465, DSF0000882463, DSF0000882464"
SCA CIP,Scope,Staten Island,5.200946207360699,141,2017,0,0,1,0,0,1.1958699279126137,26,1,"DSF0000882465, DSF0000882463, DSF0000882464"
SCA CIP RESOA,Design,Staten Island,4.380211241711606,175,2020,0,0,0,0,0,0.2515833333333333,-105,0,DSF0000913131
SCA CIP,Design,Staten Island,5.3855848264276664,152,2020,0,0,1,0,0,0.52810015309398,-4,0,"DSF0000961017, DSF0000951095, DSF0000951094"
SCA CIP,Scope,Staten Island,4.686618396693641,120,2019,0,0,1,0,0,0.8493559405736861,88,0,"DSF0000961017, DSF0000951095, DSF0000951094"
SCA CIP,"CM,F&E",Staten Island,5.15253906177103,364,2019,0,0,0,0,0,2.358081952675216,79,1,DSF0000792723
SCA CIP,Construction,Staten Island,6.193541988566217,364,2019,0,0,0,0,0,1.064495036823567,79,0,DSF0000792723
SCA CIP,Design,Staten Island,6.14450695680577,159,2018,0,0,1,0,0,0.5615901817055544,93,1,"DSF0000912526, DSF0000889305, DSF0000890989, DSF0000882522"
SCA CIP,Design,Staten Island,4.9205407165024795,156,2014,0,0,0,0,0,2.13916906820365,30,1,DSF0000792723
SCA CIP,Scope,Staten Island,5.542446965477808,136,2015,0,0,1,0,0,0.747482047399454,32,0,"DSF0000912526, DSF0000889305, DSF0000890989, DSF0000882522"
SCA CIP,Scope,Staten Island,4.318480725174517,106,2014,0,0,0,0,0,1.548030739673391,-12,1,DSF0000792723
SCA CIP RESOA,Design,Staten Island,4.380211241711606,151,2019,0,0,0,0,0,0.767375,-47,0,DSF0000890706
SCA CIP RESOA,Design,Staten Island,4.477121254719663,107,2020,0,0,0,0,1,1.4331,-58,1,"DSF0000890707, DSF0000912943"
SCA CIP RESOA,Design,Staten Island,4.3222192947339195,153,2019,0,0,0,0,0,1.8785238095238095,17,1,DSF0000890718
SCA CIP,Design,Staten Island,4.096284178244864,157,2019,1,0,0,0,0,0.4875821182502804,-23,0,"DSF0000912740, DSF0000914239"
SCA CIP,"CM,F&E",Staten Island,4.7432509923805855,239,2020,1,0,0,0,0,0.7070095905503279,0,0,"DSF0000912038, DSF0000912401"
SCA CIP,Construction,Staten Island,5.703789885564209,239,2020,1,0,0,0,0,1.0,0,0,"DSF0000912038, DSF0000912401"
SCA CIP,Design,Staten Island,4.365057220766325,152,2019,1,0,0,0,0,0.4229624196401605,-32,0,"DSF0000912038, DSF0000912401"
SCA CIP RESOA,Design,Staten Island,4.769820257763592,135,2018,0,0,0,0,0,0.9567448182127081,154,1,DSF0000866371
SCA CIP RESOA,Design,Staten Island,4.477121254719663,152,2019,0,0,0,0,0,1.4366666666666668,-12,1,DSF0000890715
SCA CIP,Design,Staten Island,5.361066449753943,186,2018,0,0,0,0,0,1.161097322011757,-24,1,"DSF0000888836, DSF0000888891, DSF0000905516"
SCA CIP,Scope,Staten Island,4.780036334288524,135,2018,0,0,0,0,0,1.3664227278007335,40,1,"DSF0000888836, DSF0000888891, DSF0000905516"
SCA CIP RESOA,Design,Staten Island,4.653212513775344,139,2019,0,0,0,0,0,0.9961111111111111,112,1,DSF0000890710
SCA CIP,Design,Staten Island,5.921166050637739,150,2019,0,1,1,0,0,0.921279376498801,-64,0,"DSF0000860113, DSF0000905572, DSF0000798346, DSF0000792908, DSF0000905571, DSF0000905573"
SCA CIP,Scope,Staten Island,5.319106059309776,506,2017,0,1,1,0,0,1.1907817745803357,18,1,"DSF0000860113, DSF0000905572, DSF0000798346, DSF0000792908, DSF0000905571, DSF0000905573"
SCA CIP,"CM,F&E",Staten Island,4.9027478453514854,209,2019,1,0,0,0,0,0.576141211203823,204,1,DSF0000911976
SCA CIP,Construction,Staten Island,5.634767374662799,209,2019,1,0,0,0,0,1.2222296933835395,204,1,DSF0000911976
SCA CIP,Design,Staten Island,5.124699808932117,154,2018,0,0,0,0,0,1.4727900345189855,10,1,DSF0000882722
SCA CIP,Design,Staten Island,4.524551894875205,150,2019,1,0,0,0,0,0.21460163767856075,-28,0,DSF0000911976
SCA CIP,Scope,Staten Island,4.522639817604155,135,2018,0,0,0,0,0,2.2960528290559807,99,1,DSF0000882722
SCA CIP RESOA,Design,Staten Island,4.217483944213907,176,2020,0,0,0,0,0,0.711030303030303,-138,0,DSF0000913142
SCA CIP,Design,Staten Island,5.942504106168081,150,2019,0,0,1,0,0,0.6909885844748859,-84,0,"DSF0000882893, DSF0000882894, DSF0000882895, DSF0000882896"
SCA CIP,Design,Staten Island,4.425534220498263,152,2019,1,0,0,0,0,0.518918918918919,-18,0,"DSF0000912114, DSF0000912377"
SCA CIP,Scope,Staten Island,5.340446097915417,143,2018,0,0,1,0,0,0.5819790777211062,-6,0,"DSF0000882893, DSF0000882894, DSF0000882895, DSF0000882896"
OUTROS,Scope,Staten Island,4.8158499271419295,109,2019,0,0,0,0,0,0.04452865940312648,35,0,DSF0000911854
SCA Capacity,Design,Staten Island,6.793957925803385,202,2017,0,0,0,0,0,0.5992178259192594,96,1,DSF0000843832
SCA Capacity,Scope,Staten Island,6.288807947483479,164,2017,0,0,0,0,0,0.530595011571098,0,0,DSF0000843832
SCA CIP,Design,Staten Island,5.679936395687243,153,2019,0,1,0,0,0,0.812314025409562,-35,0,"DSF0000890598, DSF0000877738"
SCA CIP,Scope,Staten Island,5.07787640435928,156,2018,0,1,0,0,0,0.8237128050819124,-83,0,"DSF0000890598, DSF0000877738"
SCA CIP RESOA,Design,Staten Island,4.3222192947339195,176,2019,0,0,0,0,0,0.5606190476190476,-79,0,DSF0000890717
3K,Design,Staten Island,5.9369910030119675,73,2018,0,0,0,0,0,0.3237666917162842,190,1,DSF0000891022
3K,Scope,Staten Island,5.283778238184767,28,2018,0,0,0,0,0,1.164168543943895,9,1,DSF0000891022
SCA CIP,Design,Staten Island,4.980911937776844,154,2016,0,0,0,0,0,1.1031661442006269,62,1,DSF0000838444
SCA CIP,Scope,Staten Island,5.128515582019909,141,2018,0,0,1,0,0,1.7557871403493113,0,1,"DSF0000882956, DSF0000882958, DSF0000882959, DSF0000882960, DSF0000905848, DSF0000912593"
SCA CIP,Scope,Staten Island,4.378851946448881,121,2016,0,0,0,0,0,0.9170741901776385,17,0,DSF0000838444
SCA CIP RESOA,Design,Staten Island,4.799340549453582,152,2018,0,0,0,0,0,1.8505555555555555,280,1,DSF0000845593
SCA Capacity,Design,Staten Island,6.795844507975592,217,2018,0,0,0,0,0,0.7557944337529037,35,0,DSF0000844161
SCA Capacity,Scope,Staten Island,6.290694460162881,189,2017,0,0,0,0,0,0.867042676136029,-1,0,DSF0000844161
SCA Capacity,OUTROS,Staten Island,6.764079844386121,864,2018,0,0,0,0,0,0.986880396204873,-24,0,DSF0000821871
SCA Capacity,Construction,Staten Island,7.615415614351841,864,2018,0,0,0,0,0,0.9520789829467756,-24,0,DSF0000821871
SCA Capacity,Design,Staten Island,6.468512744423642,178,2017,0,0,0,0,0,1.0702035279077358,18,0,DSF0000821871
SCA Capacity,Scope,Staten Island,5.963362766103736,153,2016,0,0,0,0,0,0.8788967468175389,35,0,DSF0000821871
3K,"CM,F&E",Staten Island,6.191693246329797,266,2019,0,0,0,0,0,0.3312501969621839,13,0,DSF0000889341
3K,Construction,Staten Island,7.042569133816189,266,2019,0,0,0,0,0,0.8987053119003199,13,0,DSF0000889341
3K,Design,Staten Island,5.941815928287029,92,2018,0,0,0,0,0,0.7024238148758365,280,1,DSF0000889341
3K,Scope,Staten Island,5.288602421398209,23,2018,0,0,0,0,0,1.0320439601148397,0,0,DSF0000889341
SCA CIP,Design,Staten Island,5.787687127002862,177,2018,0,0,0,0,0,0.8112763320941759,69,0,DSF0000889564
SCA CIP,Scope,Staten Island,5.185627135674899,0,2018,0,0,0,0,0,0.27466901454379444,0,0,DSF0000889564
SCA CIP,Design,Staten Island,5.693128722827975,182,2018,0,0,0,0,0,1.0659592151139219,46,0,DSF0000889565
SCA CIP,Scope,Staten Island,5.0910687315000125,0,2018,0,0,0,0,0,0.14918511311116517,0,0,DSF0000889565
3K,"CM,F&E",Staten Island,6.075353858148397,255,2019,0,0,0,0,0,0.30816051841532915,6,0,DSF0000889653
3K,Construction,Staten Island,6.8948508461310265,255,2019,0,0,0,0,0,0.9574269458804585,6,0,DSF0000889653
3K,Design,Staten Island,5.7940974940412096,100,2018,0,0,0,0,0,0.4978969860548808,266,1,DSF0000889653
3K,Scope,Staten Island,5.1408849802658665,30,2018,0,0,0,0,0,1.034535858877964,-3,0,DSF0000889653
3K,"CM,F&E",Staten Island,6.021661389340059,233,2020,0,0,0,0,0,0.32420548317924697,7,0,DSF0000889655
3K,Construction,Staten Island,6.863201359656099,233,2020,0,0,0,0,0,0.9932117997938601,7,0,DSF0000889655
3K,Design,Staten Island,5.762448229072101,111,2018,0,0,0,0,0,0.8283027442875583,12,0,DSF0000889655
3K,Scope,Staten Island,5.1092342143446725,49,2018,0,0,0,0,0,1.1866203206892798,0,1,DSF0000889655
3K,Scope,Staten Island,5.266149347025585,96,2018,0,0,0,0,0,1.2530869883238966,0,1,DSF0000891030
3K,Design,Staten Island,6.008852585285847,83,2019,0,0,0,0,0,0.5463999851066977,192,1,DSF0000912368
3K,Scope,Staten Island,5.355639220446647,28,2019,0,0,0,0,0,0.9371246660023457,0,0,DSF0000912368
3K,"CM,F&E",Staten Island,6.462972683298228,225,2020,0,0,0,0,0,0.33125,11,0,DSF0000912366
3K,Construction,Staten Island,7.313848562171445,225,2020,0,0,0,0,0,0.9712165789646788,11,0,DSF0000912366
3K,Design,Staten Island,6.213095210081629,78,2019,0,0,0,0,0,0.45170471590109035,159,1,DSF0000912366
3K,Scope,Staten Island,5.559882696306285,50,2019,0,0,0,0,0,0.8433054162763789,4,0,DSF0000912366
OUTROS,Scope,Staten Island,5.419731112268774,46,2020,0,0,0,0,0,1.0,203,1,DSF0000960719
SCA CIP,Design,Staten Island,6.2775276188634574,153,2020,0,0,1,0,0,0.5111926039931513,16,0,"DSF0000905874, DSF0000905875, DSF0000951581"
SCA CIP,Design,Staten Island,4.544130081987965,177,2018,0,0,0,0,0,0.393829452935295,-27,0,DSF0000868093
SCA CIP,Design,Staten Island,4.954416192497789,153,2020,0,1,0,0,0,0.7242880625527567,21,0,"DSF0000951585, DSF0000960626"
SCA CIP,Scope,Staten Island,5.578557843749587,139,2019,0,0,1,0,0,1.0734807839991134,18,0,"DSF0000905874, DSF0000905875, DSF0000951581"
SCA CIP,Scope,Staten Island,4.2742502425162145,119,2019,0,1,0,0,0,1.137523931078494,178,1,"DSF0000951585, DSF0000960626"
SCA CIP,Design,Staten Island,5.358479278510912,158,2018,0,0,1,0,0,0.6429873053976153,99,1,"DSF0000821877, DSF0000883015, DSF0000889671"
SCA CIP,Scope,Staten Island,4.766673048376084,136,2015,0,0,1,0,0,1.3762642252074955,140,1,"DSF0000821877, DSF0000883015, DSF0000889671"
SCA CIP,"CM,F&E",Staten Island,5.426547044454438,269,2019,0,0,0,0,0,0.9581982008973043,294,1,DSF0000868094
SCA CIP,Construction,Staten Island,5.54647356567763,269,2019,0,0,0,0,0,0.8860216398063329,294,1,DSF0000868094
SCA CIP,Design,Staten Island,4.521543410431505,181,2018,0,0,0,0,0,0.6651319551021636,-27,0,DSF0000868094
SCA CIP,Design,Staten Island,5.971860082778998,140,2016,0,0,0,0,0,0.8662249535881186,305,1,DSF0000843757
SCA CIP,Scope,Staten Island,5.369800091451036,0,2016,0,0,0,0,0,0.5818534878262168,0,0,DSF0000843757
SCA CIP,Design,Staten Island,5.979937426577453,153,2020,0,1,0,0,0,0.6132878814060774,21,0,"DSF0000912617, DSF0000912616"
SCA CIP,Design,Staten Island,4.594392550375427,176,2018,0,0,0,0,0,0.3216030534351145,9,0,DSF0000868096
SCA CIP,Design,Staten Island,4.803443458374496,150,2019,0,0,0,0,0,1.1055850812918646,21,1,DSF0000883080
SCA CIP,Scope,Staten Island,4.104487111312395,120,2018,0,0,0,0,0,2.3187106918238993,261,1,DSF0000883080
SCA CIP,Scope,Staten Island,5.280967422241434,158,2019,0,1,0,0,0,0.12205518115315939,-3,0,"DSF0000912617, DSF0000912616"
SCA CIP,Scope,Staten Island,4.030113752707593,120,2018,0,0,0,0,0,0.2642284008210487,-109,0,DSF0000868096
SCA CIP RESOA,Design,Staten Island,5.176091259055681,154,2019,0,0,0,0,0,0.62004,211,1,DSF0000890945
SCA CIP,"CM,F&E",Staten Island,6.368937374244523,729,2017,0,0,1,0,0,0.5583211460337824,378,1,"DSF0000747719, SCA0000025813, DSF0000793347, DSF0000793346, DSF0000793345"
SCA CIP,"CM,F&E",Staten Island,5.561473476616473,269,2019,0,0,0,0,0,0.9396835679307846,294,1,DSF0000868099
SCA CIP,Construction,Staten Island,5.605279181679714,269,2019,0,0,0,0,0,0.8842759866592551,294,1,DSF0000868099
SCA CIP,Construction,Staten Island,7.512876425026557,729,2017,0,0,1,0,0,1.0235218453755095,378,1,"DSF0000747719, SCA0000025813, DSF0000793347, DSF0000793346, DSF0000793345"
SCA CIP,Design,Staten Island,4.5803432471725865,180,2018,0,0,0,0,0,0.37619911167179165,-28,0,DSF0000868099
SCA CIP,Design,Staten Island,6.25835684002552,157,2013,0,0,1,0,0,0.6422254939655092,-27,0,"DSF0000747719, SCA0000025813, DSF0000793347, DSF0000793346, DSF0000793345"
SCA CIP,Scope,Staten Island,4.016071816734024,121,2018,0,0,0,0,0,0.3448010022164402,-107,0,DSF0000868099
SCA CIP,Scope,Staten Island,5.660061574107569,485,2012,0,0,1,0,0,0.7293006936408598,0,0,"DSF0000747719, SCA0000025813, DSF0000793347, DSF0000793346, DSF0000793345"
SCA CIP,Design,Staten Island,5.941283293584415,152,2018,0,0,1,0,0,0.511676040391922,-38,0,"DSF0000888902, DSF0000883142, DSF0000883141, DSF0000883139"
SCA CIP,Scope,Staten Island,5.339222805090629,139,2017,0,0,1,0,0,0.9479222474071022,-21,0,"DSF0000888902, DSF0000883142, DSF0000883141, DSF0000883139"
SCA CIP,Design,Staten Island,5.716620938751289,142,2018,0,0,0,0,0,0.8092214924914545,34,0,DSF0000889035
SCA CIP,Scope,Staten Island,5.1145609474233265,55,2018,0,0,0,0,0,1.1827783538810155,-24,1,DSF0000889035
SCA CIP,Design,Staten Island,5.620760489994206,156,2018,0,0,0,0,0,1.0010201149425286,34,0,DSF0000889036
SCA CIP,Scope,Staten Island,5.018700498666243,63,2018,0,0,0,0,0,1.2732662835249042,-30,1,DSF0000889036
SCA CIP,Design,Staten Island,5.679936395687243,157,2018,0,0,0,0,0,0.7776746907388833,29,0,DSF0000889287
SCA CIP,Scope,Staten Island,5.07787640435928,58,2018,0,0,0,0,0,1.4990304246071549,-36,1,DSF0000889287
SCA CIP,Design,Staten Island,6.070221155638003,153,2013,0,1,1,0,1,0.7744501044665401,574,1,"DSF0000726449, DSF0000726448, DSF0000732118, DSF0000770707, DSF0000770710, DSF0000770715, DSF0000777261, DSF0000770705, DSF0000770719, DSF0000770711, DSF0000770718"
SCA CIP,Scope,Staten Island,5.377808750839212,143,2011,0,1,1,0,1,1.3073245738993446,9,1,"DSF0000726449, DSF0000726448, DSF0000732118, DSF0000770707, DSF0000770710, DSF0000770715, DSF0000777261, DSF0000770705, DSF0000770719, DSF0000770711, DSF0000770718"
SCA CIP,Design,Staten Island,5.345177616542704,155,2018,0,0,1,0,0,0.6523261065943993,15,0,DSF0000860575
SCA CIP,Scope,Staten Island,4.743117625214742,141,2017,0,0,1,0,0,3.7683107497741646,239,1,DSF0000860575
SCA CIP,Design,Staten Island,5.351684241372155,155,2019,0,0,1,0,0,0.764676829431081,62,0,"DSF0000906107, DSF0000960661"
SCA CIP,Scope,Staten Island,4.655608985767061,137,2019,0,0,1,0,0,1.986099140312493,-10,1,"DSF0000906107, DSF0000960661"
SCA CIP RESOA,Design,Staten Island,4.596849902362875,138,2016,0,0,0,0,0,1.2894264099385169,-24,1,DSF0000800366
SCA CIP RESOA,Design,Staten Island,4.176091259055681,176,2020,0,0,0,0,0,0.6620666666666667,-125,0,DSF0000913160
SCA CIP,Design,Staten Island,4.847683686151682,159,2019,0,0,1,0,0,0.6759351302223863,135,1,DSF0000883245
SCA CIP,Scope,Staten Island,4.194458837443526,141,2018,0,0,1,0,0,0.9680470347648262,185,1,DSF0000883245
SCA CIP,"CM,F&E",Staten Island,4.3932241163612975,239,2020,1,0,0,0,0,0.6954710877476749,0,0,"DSF0000912926, DSF0000912934"
SCA CIP,Construction,Staten Island,5.385670608756108,239,2020,1,0,0,0,0,1.0,0,0,"DSF0000912926, DSF0000912934"
SCA CIP,Design,Staten Island,5.41655896547065,152,2019,0,0,1,0,0,0.466685316400397,-39,0,"DSF0000882638, DSF0000906153, DSF0000912209"
SCA CIP,Design,Staten Island,4.015024263324626,159,2019,1,0,0,0,0,0.3166537867078825,-119,0,"DSF0000912926, DSF0000912934"
SCA CIP,Scope,Staten Island,4.838987539371281,121,2018,0,0,1,0,0,0.6423169424241546,124,1,"DSF0000882638, DSF0000906153, DSF0000912209"
SCA CIP RESOA,Design,Staten Island,4.608739919068788,139,2019,0,0,0,0,0,1.0227720334810437,-41,0,DSF0000890719
SCA CIP,Design,Bronx,4.867544086643139,153,2020,1,0,0,0,0,0.44279842090269017,-32,0,DSF0000906271
SCA CIP,Scope,Bronx,4.214340410319735,96,2019,1,0,0,0,0,0.4981380868078872,-34,0,DSF0000906271
SCA CIP RESOA,Design,Bronx,4.871502882399199,154,2017,0,0,0,0,0,0.7282357369468194,18,0,DSF0000844234
SCA CIP,Design,Bronx,5.058699270670859,145,2019,0,0,0,0,0,0.07202634705430148,223,1,DSF0000843908
SCA CIP,Design,Bronx,4.913421751144818,157,2019,1,0,0,0,0,0.820777286819813,64,0,DSF0000912668
SCA CIP,Scope,Bronx,4.214446445718394,122,2019,1,0,0,0,0,1.5547757094903876,0,1,DSF0000912668
SCA CIP,Scope,Bronx,4.359721678483211,90,2016,0,0,0,0,0,0.9199353542412859,-68,0,DSF0000843908
SCA CIP,Scope,Bronx,4.4818867290486315,139,2019,0,0,1,0,0,1.1953446968448123,21,1,"DSF0000906328, DSF0000952061, DSF0000952060"
SCA CIP,Scope,Bronx,5.029716474028271,138,2019,0,0,1,0,0,1.9668851907883678,66,1,"DSF0000906343, DSF0000906346, DSF0000906347, DSF0000906348"
SCA CIP,Design,Bronx,5.557752551077539,216,2019,0,0,1,0,0,0.8864630513504834,-48,0,"DSF0000906381, DSF0000906382, DSF0000906383, DSF0000960575"
SCA CIP,Scope,Bronx,4.8823024958187755,136,2019,0,0,1,0,0,1.9389202869094295,-1,1,"DSF0000906381, DSF0000906382, DSF0000906383, DSF0000960575"
SCA CIP,Design,Bronx,5.981987944472243,154,2018,0,0,1,0,0,0.659868831133635,-1,0,"DSF0000912493, DSF0000906399, DSF0000906398"
SCA CIP,Design,Bronx,5.641785342489789,153,2014,0,1,0,0,0,1.3617497958084843,15,1,"DSF0000752356, DSF0000752357"
SCA CIP,Scope,Bronx,5.3799288585138845,138,2018,0,0,1,0,0,0.7392304998248862,6,0,"DSF0000912493, DSF0000906399, DSF0000906398"
SCA CIP,Scope,Bronx,5.048705873740859,154,2013,0,1,0,0,0,1.1603854542854077,-92,1,"DSF0000752356, DSF0000752357"
SCA CIP,Design,Bronx,5.4529205643990695,150,2017,0,0,1,0,0,1.2089976739268344,88,1,"DSF0000843972, DSF0000866166, DSF0000866177"
SCA CIP,Design,Bronx,4.2087637326616365,178,2020,0,0,0,0,0,1.081375216423448,-1,0,DSF0000960788
SCA CIP,Scope,Bronx,4.850860573071108,135,2016,0,0,1,0,0,1.970057094523155,215,1,"DSF0000843972, DSF0000866166, DSF0000866177"
SCA CIP,Design,Bronx,5.793930006772684,154,2018,0,0,1,0,0,0.6395612343297975,-5,0,"DSF0000883578, DSF0000883579, DSF0000883580, DSF0000906449"
SCA CIP,Scope,Bronx,5.191870015444723,138,2018,0,0,1,0,0,0.7368884603021536,27,0,"DSF0000883578, DSF0000883579, DSF0000883580, DSF0000906449"
SCA CIP,Design,Bronx,5.278593568241133,168,2019,0,0,0,0,0,1.2666245458853262,-143,1,DSF0000911806
SCA CIP,Scope,Bronx,4.676529003683365,90,2019,0,0,0,0,0,1.7964913019670612,-22,1,DSF0000911806
SCA CIP,Design,Bronx,4.9688890341233565,153,2019,1,0,0,0,0,0.6194420273507579,-138,0,"DSF0000891034, DSF0000912508"
SCA CIP,Scope,Bronx,4.402794248640903,338,2018,1,0,0,0,0,0.4834065108184012,-120,0,"DSF0000891034, DSF0000912508"
SCA Capacity,OUTROS,Bronx,6.905178581853866,1149,2017,0,0,0,0,0,0.8987566936689952,-28,0,DSF0000821591
SCA Capacity,Construction,Bronx,7.756514351819586,1149,2017,0,0,0,0,0,0.9465752694179037,-28,0,DSF0000821591
SCA Capacity,Design,Bronx,6.609611481891387,187,2016,0,0,0,0,0,1.0282121587357744,45,0,DSF0000821591
SCA Capacity,Scope,Bronx,6.104461503571481,116,2016,0,0,0,0,0,0.8193745700414725,4,0,DSF0000821591
SCA CIP,"CM,F&E",Bronx,4.758669709493661,269,2019,1,0,0,0,0,0.6820875749546785,171,1,DSF0000868244
SCA CIP,Construction,Bronx,5.569226388323705,269,2019,1,0,0,0,0,1.0,171,1,DSF0000868244
SCA CIP,Design,Bronx,4.36869587763823,155,2018,1,0,0,0,0,0.4731302413143933,-14,0,DSF0000868244
SCA CIP RESOA,"CM,F&E",Bronx,4.812077370856514,364,2019,0,0,0,0,0,1.34295183044316,133,1,DSF0000866373
SCA CIP RESOA,Construction,Bronx,5.978408792623039,364,2019,0,0,0,0,0,0.9318066211245402,133,1,DSF0000866373
SCA CIP RESOA,Design,Bronx,4.812077370856514,154,2018,0,0,0,0,0,2.0657109826589597,0,1,DSF0000866373
SCA CIP,Design,Bronx,5.360404054729939,153,2019,0,0,1,0,0,0.34540776275621454,117,1,DSF0000883723
SCA CIP,Scope,Bronx,4.66143405039392,143,2018,0,0,1,0,0,0.5367858700392499,31,0,DSF0000883723
SCA CIP,Design,Bronx,5.65117136609885,156,2016,0,1,0,1,0,0.9271517560115207,33,0,"DSF0000843694, DSF0000843978, DSF0000798382, DSF0000799754"
SCA CIP,Scope,Bronx,5.058262753711701,387,2016,0,1,0,1,0,1.0075028201159526,-112,0,"DSF0000843694, DSF0000843978, DSF0000798382, DSF0000799754"
SCA CIP RESOA,Design,Bronx,4.4257135092850675,136,2019,0,0,0,0,0,0.29721211211586807,-33,0,DSF0000890948
SCA CIP,Design,Bronx,5.657529109814633,152,2019,0,0,1,0,0,0.5176360576023938,-73,0,"DSF0000883791, DSF0000883792, DSF0000883793"
SCA CIP,Scope,Bronx,5.062055247375354,141,2018,0,0,1,0,0,0.6913141470180305,-29,0,"DSF0000883791, DSF0000883792, DSF0000883793"
SCA CIP,Design,Bronx,4.499274581892218,152,2019,1,0,0,0,0,0.3317706683560342,-97,0,"DSF0000868245, DSF0000912421"
SCA CIP,Design,Bronx,5.792451225789749,170,2018,0,0,0,0,1,0.7969617068627688,-20,0,"DSF0000861172, DSF0000889384"
SCA CIP,Scope,Bronx,5.192034711788002,448,2017,0,0,0,0,1,0.8199847052548375,7,0,"DSF0000861172, DSF0000889384"
SCA CIP,Design,Bronx,5.592178978845336,46,2019,0,0,1,0,0,0.7957529629004455,-1,0,"DSF0000883893, DSF0000883894, DSF0000883895, DSF0000883896"
SCA CIP,Scope,Bronx,5.006705586922654,141,2018,0,0,1,0,0,0.7124739060222931,26,0,"DSF0000883893, DSF0000883894, DSF0000883895, DSF0000883896"
SCA CIP RESOA,Design,Bronx,4.681241237375588,152,2019,0,0,0,0,0,0.9295208333333334,322,1,DSF0000890949
SCA CIP,Scope,Bronx,4.188084373714938,270,2020,0,0,0,0,0,0.2529182879377432,-204,0,DSF0000952532
SCA CIP,Design,Bronx,4.292787535198329,178,2018,0,0,0,0,0,0.945067264573991,-12,0,DSF0000868101
SCA CIP,Design,Bronx,4.976698375448151,156,2018,0,0,0,0,0,0.7047142736557779,109,1,DSF0000864950
SCA CIP,Scope,Bronx,4.374638384120188,141,2017,0,0,0,0,0,1.1608424073605133,-52,1,DSF0000864950
SCA CIP,Scope,Bronx,5.077324291932966,153,2018,0,1,0,0,0,0.11171833154793787,-100,0,"DSF0000798350, DSF0000798348"
SCA CIP RESOA,Design,Bronx,4.544254130684011,175,2016,0,0,0,0,0,7.025046408681994,-1,1,DSF0000822346
SCA CIP RESOA,Design,Bronx,4.495613708121136,137,2018,0,0,0,0,0,1.4185912793483468,-85,1,DSF0000867347
SCA CIP,Design,Bronx,5.751695488204576,153,2019,0,0,1,0,0,0.8132128578792328,-116,0,"DSF0000883981, DSF0000883984, DSF0000883985, DSF0000883986, DSF0000906844"
SCA CIP,Scope,Bronx,5.154767742253127,141,2018,0,0,1,0,0,0.788282579317009,26,0,"DSF0000883981, DSF0000883984, DSF0000883985, DSF0000883986, DSF0000906844"
SCA CIP RESOA,Design,Bronx,4.477121254719663,176,2020,0,0,0,0,0,0.7153,-78,0,DSF0000913483
SCA CIP,Design,Bronx,6.120187171151688,153,2017,0,1,1,0,0,0.7708558754952325,206,1,"DSF0000817455, DSF0000839445, DSF0000861382, DSF0000861385, DSF0000861379, DSF0000861387"
SCA CIP,Scope,Bronx,5.520494013325809,478,2015,0,1,1,0,0,1.39677473846785,11,1,"DSF0000817455, DSF0000839445, DSF0000861382, DSF0000861385, DSF0000861379, DSF0000861387"
SCA CIP,Design,Bronx,4.142514604999374,105,2020,0,0,0,0,1,0.26390089311437626,55,0,DSF0000960515
SCA CIP,Design,Bronx,4.597695185925512,152,2019,1,0,0,0,0,0.29363636363636364,-89,0,DSF0000868247
SCA CIP,Design,Bronx,4.765497186938374,137,2019,0,0,1,0,0,0.5491875010724643,74,0,"DSF0000906920, DSF0000952638"
SCA CIP,Scope,Bronx,4.033423755486949,120,2019,1,0,0,0,0,0.26731481481481484,-91,0,DSF0000868247
SCA CIP,Scope,Bronx,4.112269768417271,120,2019,0,0,1,0,0,0.7845559845559845,97,1,"DSF0000906920, DSF0000952638"
SCA CIP,Design,Bronx,5.765059519697803,154,2015,0,0,1,0,0,0.5619195338922641,197,1,"DSF0000794346, DSF0000794342, DSF0000794345, DSF0000794344"
SCA CIP,Scope,Bronx,5.172813022876572,137,2014,0,0,1,0,0,1.5602665376968134,0,1,"DSF0000794346, DSF0000794342, DSF0000794345, DSF0000794344"
SCA CIP,Design,Bronx,4.832981270317962,174,2019,1,0,0,0,1,0.7207010018509269,96,1,"DSF0000912345, DSF0000906948"
SCA CIP,Scope,Bronx,4.134017645675983,135,2019,1,0,0,0,1,1.08666911494675,0,0,"DSF0000912345, DSF0000906948"
SCA CIP,Design,Bronx,4.299529089146387,159,2019,1,0,0,0,0,0.3491044102152426,-13,0,DSF0000911981
SCA CIP,Design,Bronx,4.648184305764576,135,2019,0,0,0,0,0,0.7941639314779012,82,0,DSF0000888826
SCA CIP,Design,Bronx,5.137797043058186,157,2018,0,0,0,0,0,1.2083224115334208,23,1,DSF0000861535
SCA CIP,Design,Bronx,4.725993258924722,154,2019,0,0,0,0,0,0.5671302386769405,-7,0,DSF0000907014
SCA CIP,Scope,Bronx,4.027023254588704,90,2019,0,0,0,0,0,0.7088893065213305,-5,0,DSF0000907014
SCA CIP,Scope,Bronx,4.535737051730224,141,2017,0,0,0,0,0,2.51277122469783,210,1,DSF0000861535
SCA CIP RESOA,Design,Bronx,4.732956369575625,138,2018,0,0,0,0,0,1.230220085074903,191,1,DSF0000867333
SCA CIP RESOA,Design,Bronx,4.431363764158987,176,2020,0,0,0,0,0,1.0452592592592593,-77,0,DSF0000913488
SCA CIP,Design,Bronx,5.654600037261985,152,2018,0,0,1,0,0,0.8473861421229842,39,0,"DSF0000884191, DSF0000884190"
SCA CIP,Scope,Bronx,5.052540045934022,141,2017,0,0,1,0,0,1.4030214424951266,-36,1,"DSF0000884191, DSF0000884190"
SCA CIP RESOA,"CM,F&E",Bronx,4.681241237375588,273,2019,0,0,0,0,0,1.0787291666666667,176,1,DSF0000866341
SCA CIP RESOA,Construction,Bronx,5.847572659142112,273,2019,0,0,0,0,0,0.733734375,176,1,DSF0000866341
SCA CIP RESOA,Design,Bronx,4.681241237375588,155,2018,0,0,0,0,0,1.4741666666666666,133,1,DSF0000866341
SCA CIP RESOA,Design,Bronx,4.497275286357995,135,2018,0,0,0,0,0,0.7805887032617342,-56,0,DSF0000867351
SCA CIP,Design,Bronx,5.977398448463259,234,2015,0,0,1,0,0,0.6727108393755747,-30,0,"DSF0000839646, DSF0000839645, DSF0000839643, DSF0000839644"
SCA CIP,Scope,Bronx,5.375337999640571,185,2015,0,0,1,0,0,0.7741549456013349,-27,0,"DSF0000839646, DSF0000839645, DSF0000839643, DSF0000839644"
SCA CIP,Design,Bronx,4.313255404185037,158,2019,1,0,0,0,0,0.6198531913859316,0,0,DSF0000912123
SCA CIP,Design,Bronx,6.049259123595866,168,2019,0,0,1,0,1,0.40407782834838846,-34,0,"DSF0000861625, DSF0000889385, DSF0000884273, DSF0000912156, DSF0000912157, DSF0000907120"
SCA CIP,Design,Bronx,4.307731306161607,154,2019,1,0,0,0,0,1.1936389148737137,-22,1,"DSF0000912124, DSF0000912606"
SCA CIP,Scope,Bronx,5.452854743302605,378,2017,0,0,1,0,1,0.7428876583115084,1,0,"DSF0000861625, DSF0000889385, DSF0000884273, DSF0000912156, DSF0000912157, DSF0000907120"
SCA CIP RESOA,Design,Bronx,4.273001272063738,138,2019,0,0,0,0,0,1.41552,79,1,DSF0000867334
SCA CIP,Design,Bronx,5.571813608721824,153,2019,0,0,1,0,0,0.9129647002063845,-62,0,"DSF0000884327, DSF0000884329, DSF0000884330, DSF0000884331"
SCA CIP,Scope,Bronx,4.9804488065224435,140,2018,0,0,1,0,0,1.0957342203811795,-46,0,"DSF0000884327, DSF0000884329, DSF0000884330, DSF0000884331"
SCA CIP RESOA,Design,Bronx,4.705007959333336,154,2018,0,0,0,0,1,1.240414201183432,1,1,"DSF0000866342, DSF0000912433"
SCA CIP,Scope,Bronx,5.242029314904115,179,2020,0,0,1,0,0,1.5731812089762536,-10,1,"DSF0000952964, DSF0000952961, DSF0000952965, DSF0000952966, DSF0001008582"
SCA CIP RESOA,Design,Bronx,5.568358980621108,153,2019,0,0,1,0,0,1.1889396813046087,-32,1,"DSF0000822351, DSF0000884419, DSF0000912407, DSF0000907260"
SCA CIP RESOA,Design,Bronx,4.638069735584359,168,2020,0,0,0,0,1,1.0,-28,0,DSF0000912915
SCA CIP RESOA,Scope,Bronx,4.035989756936426,137,2019,0,0,0,0,1,1.0,-10,0,DSF0000912915
SCA CIP,Design,Bronx,4.306317781104433,156,2019,1,0,0,0,0,0.6572487033835515,-28,0,"DSF0000912128, DSF0000912922"
SCA CIP,Design,Bronx,5.211601044145239,175,2018,0,0,0,0,0,0.6530101978129992,-12,0,DSF0000890620
SCA CIP,Design,Bronx,6.105627683851212,137,2019,0,0,1,0,0,0.4656261639007484,-87,0,"DSF0000884454, DSF0000884456, DSF0000884457, DSF0000884458, DSF0000884459, DSF0000911807, DSF0000912446, DSF0000912512"
SCA CIP,Scope,Bronx,4.609541052817278,152,2018,0,0,0,0,0,0.6179628947045092,-72,0,DSF0000890620
SCA CIP,Scope,Bronx,5.504745353150784,215,2018,0,0,1,0,0,0.784627559414705,-46,0,"DSF0000884454, DSF0000884456, DSF0000884457, DSF0000884458, DSF0000884459, DSF0000911807, DSF0000912446, DSF0000912512"
SCA CIP,Design,Bronx,5.447246432292673,153,2020,0,0,1,0,0,0.979732697272341,-7,0,"DSF0000912612, DSF0000953049, DSF0000960795"
SCA CIP,Scope,Bronx,4.748273326473508,137,2019,0,0,1,0,0,1.7662959061612897,41,1,"DSF0000912612, DSF0000953049, DSF0000960795"
SCA CIP,Scope,Bronx,4.010808597512207,138,2019,0,0,1,0,0,1.0900312134217713,-3,0,"SCA0000057329, DSF0000960627"
SCA CIP,Design,Bronx,4.448165046555691,154,2019,1,0,0,0,0,0.25505077498663814,-6,0,"DSF0000912039, DSF0000912774"
SCA CIP,Scope,Bronx,4.498393268670701,91,2019,0,0,0,0,0,2.305624325525297,1,1,DSF0000912613
SCA CIP RESOA,Design,Bronx,4.623249290397901,155,2019,0,0,0,0,0,1.3386666666666667,-1,1,DSF0000844951
SCA CIP,Design,Bronx,4.184691430817598,154,2019,1,0,0,0,0,0.7573856209150327,-68,0,DSF0000912129
SCA CIP,Scope,Bronx,5.255807804930573,143,2018,0,0,1,0,0,0.8705651918189788,206,1,"DSF0000884587, DSF0000884588, DSF0000884589, DSF0000884590"
SCA CIP,Design,Bronx,6.158083126782577,161,2019,0,0,1,0,0,0.5709407577372672,167,1,"DSF0000961194, DSF0000907450, DSF0000907451, DSF0000907447, DSF0000912919"
SCA CIP,Scope,Bronx,5.459113424233909,121,2018,0,0,1,0,0,1.1158660945398955,45,1,"DSF0000961194, DSF0000907450, DSF0000907451, DSF0000907447, DSF0000912919"
SCA CIP RESOA,Design,Bronx,4.653212513775344,147,2018,0,0,0,0,0,1.0522222222222222,-52,0,DSF0000890952
SCA CIP,Design,Bronx,5.488349032953685,159,2018,0,0,1,0,0,1.087433451245221,-5,0,"DSF0000888834, DSF0000884629, DSF0000891025, DSF0000891026"
SCA CIP,Scope,Bronx,4.90759407001401,138,2018,0,0,1,0,0,2.089553900586387,-38,1,"DSF0000888834, DSF0000884629, DSF0000891025, DSF0000891026"
SCA Capacity,Design,Bronx,6.8955396681968795,190,2019,0,0,0,0,0,0.17892820257131664,49,0,DSF0000798238
SCA Capacity,Scope,Bronx,6.242327209660385,152,2019,0,0,0,0,0,0.5910237199351167,0,0,DSF0000798238
SCA CIP,Design,Bronx,4.869783041010452,190,2019,0,0,0,0,0,2.6363268280832455,49,1,DSF0000798238
SCA CIP,Design,Bronx,5.494417596601276,100,2020,0,0,0,0,0,0.9431145876376169,94,1,DSF0000798238
SCA CIP,Scope,Bronx,4.1708188980336685,0,2019,0,0,0,0,0,9.225048923679061,0,1,DSF0000798238
SCA CIP,Scope,Bronx,4.7954489833898215,0,2020,0,0,0,0,0,3.1405874627630608,0,1,DSF0000798238
SCA CIP,Design,Bronx,5.864874028020992,152,2018,0,0,1,0,0,0.5133276550206658,100,1,"DSF0000840069, DSF0000884673, DSF0000888963"
SCA CIP,Scope,Bronx,5.267035549866072,136,2016,0,0,1,0,0,1.1521233684073926,406,1,"DSF0000840069, DSF0000884673, DSF0000888963"
SCA CIP RESOA,Design,Bronx,4.489958479424835,182,2019,0,0,0,0,0,0.38336569579288027,5,0,DSF0000890982
SCA CIP,Design,Bronx,5.428167202855482,152,2019,0,0,0,0,0,0.6966420416386837,-39,0,DSF0000889293
SCA CIP,Scope,Bronx,4.826107211527519,136,2018,0,0,0,0,0,2.1626147302440115,90,1,DSF0000889293
SCA CIP RESOA,Design,Bronx,4.380211241711606,176,2020,0,0,0,0,0,1.05125,-77,0,DSF0000913497
SCA CIP,Design,Bronx,5.922475290446732,154,2018,0,0,1,0,0,0.6881860282743467,61,0,"DSF0000862088, DSF0000889084, DSF0000884745"
SCA CIP,Design,Bronx,4.3149621163751855,180,2020,0,0,0,0,0,0.5537478210342824,-7,0,DSF0000960752
SCA CIP,Scope,Bronx,5.323382059596115,141,2017,0,0,1,0,0,0.752444636522086,19,0,"DSF0000862088, DSF0000889084, DSF0000884745"
SCA CIP RESOA,Design,Bronx,4.380211241711606,139,2019,0,0,0,0,0,1.5495,190,1,DSF0000890722
SCA CIP,"CM,F&E",Bronx,5.14547610488496,269,2019,0,0,0,0,1,1.297303097503398,166,1,DSF0000867087
SCA CIP,Construction,Bronx,6.351530587318084,269,2019,0,0,0,0,1,1.0102487063929226,166,1,DSF0000867087
SCA CIP,Design,Bronx,5.078529315254346,168,2018,0,0,0,0,1,0.6444750459021866,233,1,DSF0000867087
SCA CIP,Scope,Bronx,4.476469323926384,140,2017,0,0,0,0,1,0.6381572358537807,-2,0,DSF0000867087
SCA CIP,Design,Bronx,5.864341364538081,152,2015,1,0,1,1,0,0.928264321852527,39,0,"DSF0000795070, DSF0000795069, DSF0000795068, DSF0000821925, DSF0000795066, DSF0000907656"
SCA CIP,Scope,Bronx,5.2752952265958095,139,2014,1,0,1,1,0,0.7386109829012218,-10,0,"DSF0000795070, DSF0000795069, DSF0000795068, DSF0000821925, DSF0000795066, DSF0000907656"
SCA Capacity,Design,Bronx,6.668355067638694,189,2019,0,0,0,0,0,0.2149684881050564,92,1,DSF0000889274
SCA Capacity,Scope,Bronx,6.01514255386335,143,2019,0,0,0,0,0,0.7182374971269418,0,0,DSF0000889274
SCA CIP,Design,Bronx,5.048298050818717,74,2019,0,0,0,0,0,0.0739063912028131,75,0,DSF0000889274
SCA CIP,Scope,Bronx,4.349335818117248,0,2019,0,0,0,0,0,0.0923813358385899,0,0,DSF0000889274
SCA CIP,Design,Bronx,4.115810141409786,156,2019,1,0,0,0,0,0.5451133578431373,-6,0,"DSF0000912743, DSF0000914242"
SCA CIP RESOA,Design,Bronx,4.2552725051033065,167,2020,0,0,0,0,0,0.6422222222222222,-91,0,DSF0000913500
SCA CIP,Design,Bronx,4.057590038670664,155,2019,1,0,0,0,0,0.3582939218777369,4,0,DSF0000912132
SCA CIP,Design,Bronx,4.310204588898006,157,2019,1,0,0,0,0,0.4804915063396485,-9,0,DSF0000912766
SCA CIP RESOA,Design,Bronx,5.056904851336473,92,2019,0,0,0,0,1,0.1197719298245614,-6,0,"DSF0000890953, DSF0000912624"
SCA CIP RESOA,Design,Bronx,4.477121254719663,135,2019,0,0,0,0,0,1.3324,-7,1,DSF0000890975
SCA Capacity,Design,Bronx,6.658621843187422,196,2017,0,0,0,0,0,0.6703827583179703,25,0,DSF0000798178
SCA Capacity,Scope,Bronx,6.153471864867516,144,2017,0,0,0,0,0,0.6120347642875955,25,0,DSF0000798178
SCA CIP,Scope,Bronx,4.329377537222727,138,2019,0,0,1,0,0,0.2459131575249426,21,0,"DSF0000911189, DSF0000957572, DSF0000960881"
SCA CIP,Design,Bronx,5.580448244052066,159,2018,0,0,1,0,0,0.9556311123489813,21,0,"DSF0000907906, DSF0000885074"
SCA CIP,Design,Bronx,5.599664778788417,154,2017,0,1,0,0,0,0.8520387129210658,28,0,"DSF0000798384, DSF0000795357"
SCA CIP,Scope,Bronx,4.997604787460454,154,2017,0,1,0,0,0,1.0510708898944192,-101,0,"DSF0000798384, DSF0000795357"
SCA CIP,Scope,Bronx,4.978385970453145,110,2017,0,0,1,0,0,1.0674023858321509,101,1,"DSF0000907906, DSF0000885074"
SCA CIP,Design,Bronx,4.532881719407397,157,2019,1,0,0,0,0,0.3088243916739959,-9,0,DSF0000912767
SCA CIP,Design,Bronx,5.579692156573962,151,2018,0,0,1,0,0,0.6945409559907348,-25,0,"DSF0000885117, DSF0000885118, DSF0000885114"
SCA CIP,Scope,Bronx,4.977627592738439,184,2017,0,0,1,0,0,1.7258446603986144,39,1,"DSF0000885117, DSF0000885118, DSF0000885114"
SCA CIP,Design,Bronx,4.348733103798286,156,2019,1,0,0,0,0,0.25459188244780934,-3,0,DSF0000912134
SCA Capacity,Scope,Bronx,5.94784184530313,154,2019,0,0,0,0,0,0.9432745511274389,45,0,DSF0000911831
SCA CIP,Scope,Bronx,4.188928483760853,0,2019,0,0,0,0,0,0.0656957928802589,0,0,DSF0000911831
SCA CIP,Design,Bronx,4.737478896355815,154,2019,1,0,0,0,0,0.2043341386631525,8,0,DSF0000911985
SCA CIP,Scope,Bronx,4.0842544591112295,121,2019,1,0,0,0,0,0.2293056585124784,-100,0,DSF0000911985
SCA CIP RESOA,Design,Bronx,4.64855515566267,155,2019,0,0,0,0,0,1.0088050314465409,160,1,DSF0000866340
SCA CIP,Scope,Bronx,4.833344763389635,154,2020,0,1,0,0,0,0.730064141139863,-76,0,"DSF0000951090, DSF0000960979"
SCA CIP,Design,Bronx,5.587498815905725,152,2020,0,1,0,0,0,0.5460573768584658,-20,0,"DSF0000960651, DSF0000798407"
SCA CIP,Design,Bronx,4.4038751599094,153,2019,1,0,0,0,0,0.288510101010101,-26,0,DSF0000911987
SCA CIP,Scope,Bronx,4.888527688811968,153,2020,0,1,0,0,0,0.5661048059770947,-110,0,"DSF0000960651, DSF0000798407"
SCA CIP,Scope,Bronx,5.432465794448094,181,2020,0,0,1,0,0,0.8649468387726,-29,0,"DSF0000953838, DSF0000953840, DSF0000953841, DSF0000953842, DSF0000953843"
SCA CIP RESOA,Design,Bronx,4.588529405160941,142,2017,0,0,0,0,0,1.3884662007066773,-36,1,DSF0000844109
SCA CIP,Design,Bronx,5.600972895686748,154,2018,0,1,0,0,0,0.6846040100250627,-21,0,"DSF0000798352, DSF0000795596"
SCA CIP,Scope,Bronx,4.9664937207214805,178,2020,0,0,1,0,0,1.8265082365649474,-56,1,"DSF0000953858, DSF0000953860, DSF0000953861, DSF0001007718"
SCA CIP,Scope,Bronx,4.998912904358786,159,2018,0,1,0,0,0,0.6176541353383459,-111,0,"DSF0000798352, DSF0000795596"
SCA CIP,Design,Bronx,4.605455891473379,154,2019,1,0,0,0,0,1.3770898447189561,94,1,DSF0000885344
SCA CIP RESOA,Design,Bronx,4.681241237375588,154,2019,0,0,0,0,0,0.977125,109,1,DSF0000890726
SCA CIP,Design,Bronx,6.02220559894059,154,2018,0,0,1,0,0,0.5752788704558843,-1,0,"DSF0000908219, DSF0000908215, DSF0000908218, DSF0000908217"
SCA CIP,Design,Bronx,4.316054258988606,177,2020,0,0,0,0,0,0.7769996136012365,4,0,DSF0000960754
SCA CIP,Design,Bronx,4.891882971772194,151,2019,1,0,0,0,0,0.2613452707729407,19,0,DSF0000911988
SCA CIP,Scope,Bronx,4.238673243283844,121,2019,1,0,0,0,0,0.294025974025974,-87,0,DSF0000911988
SCA CIP,Scope,Bronx,5.4201456076126275,123,2018,0,0,1,0,0,0.9122284932443988,78,0,"DSF0000908219, DSF0000908215, DSF0000908218, DSF0000908217"
SCA CIP RESOA,Design,Bronx,4.639954398597823,154,2019,0,0,0,0,0,1.2097509565376772,1,1,DSF0000890959
SCA CIP,Design,Bronx,4.769724327559141,152,2018,0,0,1,0,0,0.9752578721090285,63,0,"DSF0000862747, DSF0000885410"
SCA CIP,Design,Bronx,5.166959707049158,135,2019,0,0,0,0,0,1.245440124183852,-100,1,DSF0000912169
SCA CIP,Design,Bronx,5.5733358400660675,153,2018,0,1,0,0,0,1.2813114316239316,10,1,"DSF0000795691, DSF0000798497"
SCA CIP,Design,Bronx,4.332983510816226,153,2019,1,0,0,0,0,0.8261253309796999,-104,0,DSF0000868324
SCA CIP,Scope,Bronx,4.205447977051676,143,2017,0,0,1,0,0,1.0734625210293476,-3,0,"DSF0000862747, DSF0000885410"
SCA CIP,Scope,Bronx,4.564902672529205,90,2019,0,0,0,0,0,1.1769607843137255,-48,1,DSF0000912169
SCA CIP,Scope,Bronx,4.971275848738105,152,2018,0,1,0,0,0,1.466474358974359,-57,1,"DSF0000795691, DSF0000798497"
SCA CIP,Design,Bronx,5.672235516707562,155,2018,0,0,1,0,0,1.6336374213281322,-6,1,"DSF0000908259, DSF0000908257, DSF0000908258"
SCA CIP,Scope,Bronx,5.070174601640649,139,2018,0,0,1,0,0,1.2887261032696087,-57,1,"DSF0000908259, DSF0000908257, DSF0000908258"
SCA CIP,Scope,Bronx,4.909898195484523,154,2020,0,1,0,0,0,0.5612571372317385,-86,0,"DSF0000961021, DSF0000961020"
SCA CIP,Design,Bronx,5.623378525477534,159,2019,0,1,0,0,0,0.6384433204403451,-3,0,"DSF0000912535, DSF0000908275"
SCA CIP,Design,Bronx,5.441329011685139,152,2019,0,0,1,0,0,0.7474761734119529,-48,0,"DSF0000885448, DSF0000885450, DSF0000885451, DSF0000908280"
SCA CIP,Scope,Bronx,4.924408521141515,154,2019,0,1,0,0,0,0.724141624516513,-62,0,"DSF0000912535, DSF0000908275"
SCA CIP,Scope,Bronx,4.84914290072915,143,2018,0,0,1,0,0,1.0058311513693299,-52,0,"DSF0000885448, DSF0000885450, DSF0000885451, DSF0000908280"
SCA CIP,Design,Bronx,5.508556651127315,159,2019,0,0,1,0,0,0.6748170656083343,118,1,"DSF0000862800, DSF0000908299, DSF0000908301"
SCA CIP,Scope,Bronx,4.809586646791296,140,2017,0,0,1,0,0,0.06832134441274959,432,1,"DSF0000862800, DSF0000908299, DSF0000908301"
SCA CIP,Design,Bronx,5.784133523031772,153,2020,0,1,0,0,0,0.5645447641216329,-33,0,"DSF0000862816, DSF0000866311, DSF0000862814"
SCA CIP,Scope,Bronx,5.085165660456585,144,2017,0,1,0,0,0,0.6032712776887355,7,0,"DSF0000862816, DSF0000866311, DSF0000862814"
SCA CIP,Design,Bronx,5.718966459034445,156,2019,0,1,0,1,0,0.6629135151654061,-52,0,"DSF0000890604, DSF0000885500, DSF0000912409"
SCA CIP,Design,Bronx,4.363611979892144,152,2019,1,0,0,0,0,0.3567965367965368,-110,0,DSF0000912223
SCA CIP,Scope,Bronx,5.121973261145805,156,2018,0,1,0,1,0,0.6083926117227735,-64,0,"DSF0000890604, DSF0000885500, DSF0000912409"
SCA CIP,Design,Bronx,4.393890939002799,154,2019,1,0,0,0,0,0.6779715762273901,-7,0,DSF0000912138
SCA CIP,Design,Bronx,5.859165327230241,159,2017,0,0,1,0,1,0.6038199558810309,64,0,"DSF0000801085, DSF0000862874, DSF0000862873, DSF0000862875, DSF0000862872"
SCA CIP,Scope,Bronx,5.261769448433053,942,2015,0,0,1,0,1,0.49400425804403625,-24,0,"DSF0000801085, DSF0000862874, DSF0000862873, DSF0000862875, DSF0000862872"
SCA CIP,Scope,Bronx,5.023334782538309,157,2020,0,1,0,0,0,0.37914139499620925,-67,0,"DSF0000961022, DSF0000954086"
SCA CIP RESOA,Design,Bronx,4.732393759822968,158,2018,0,0,0,0,0,1.0841851851851851,8,0,DSF0000867246
SCA CIP,Design,Bronx,5.588188762685704,159,2019,0,1,0,0,0,0.5311672422604575,-29,0,"DSF0000912536, DSF0000908405"
SCA CIP,Design,Bronx,4.293693950745766,155,2019,1,0,0,0,0,0.5179252479023646,-8,0,"DSF0000911990, DSF0000912649"
SCA CIP,Scope,Bronx,4.889217637374215,154,2019,0,1,0,0,0,0.6436858746854229,-58,0,"DSF0000912536, DSF0000908405"
SCA CIP,Design,Bronx,5.2227372751753665,143,2018,0,0,0,0,0,0.630945822954589,0,0,DSF0000889289
SCA CIP,Design,Bronx,4.375645327492456,157,2019,1,0,0,0,0,0.6211629963366878,-44,0,"DSF0000912139, DSF0000913022"
SCA CIP,Scope,Bronx,4.620677283847404,91,2018,0,0,0,0,0,0.6285447403717187,-21,0,DSF0000889289
SCA CIP,Design,Bronx,5.724804076447299,156,2016,0,1,0,0,0,0.8315540521440888,26,0,"DSF0000798387, DSF0000795961, DSF0000865946"
SCA CIP,Scope,Bronx,5.1277363346641005,157,2016,0,1,0,0,0,0.9316666045679795,-113,0,"DSF0000798387, DSF0000795961, DSF0000865946"
SCA CIP RESOA,Design,Bronx,4.778151250383644,150,2019,0,0,0,0,0,0.7561,181,1,DSF0000890725
SCA Capacity,Scope,Bronx,5.923837528740572,188,2019,0,0,0,0,0,0.8184773567412583,225,1,DSF0000911814
SCA CIP,Scope,Bronx,4.141606530118251,0,2019,0,0,0,0,0,0.1657163478888488,0,0,DSF0000911814
SCA CIP,Design,Bronx,5.0949600024366655,152,2019,0,0,1,0,0,0.6693908711025394,-40,0,"DSF0000885710, DSF0000885711, DSF0000885712"
SCA CIP,Scope,Bronx,4.508920071861401,140,2018,0,0,1,0,0,0.810186189163233,-76,0,"DSF0000885710, DSF0000885711, DSF0000885712"
SCA CIP,Design,Bronx,4.4361626470407565,154,2019,1,0,0,0,0,0.16336996336996337,6,0,DSF0000911991
SCA CIP,Design,Bronx,5.686443206586563,152,2019,0,0,1,0,0,0.8293974276633236,-68,0,"DSF0000885744, DSF0000885745, DSF0000908573"
SCA CIP,Scope,Bronx,5.093897747123846,150,2018,0,0,1,0,0,0.7834713539988399,-20,0,"DSF0000885744, DSF0000885745, DSF0000908573"
SCA CIP,Design,Bronx,5.621321714903542,152,2015,0,1,0,0,0,0.4882910030133448,93,1,"DSF0000798326, DSF0000798327"
SCA CIP,Scope,Bronx,5.019261723575579,154,2014,0,1,0,0,0,0.7396948390491223,-48,0,"DSF0000798326, DSF0000798327"
SCA CIP,Design,Bronx,4.283278608610214,156,2019,1,0,0,0,0,0.3195478931194333,6,0,DSF0000912141
SCA CIP,Design,Bronx,5.53059537923987,203,2019,0,0,1,0,0,0.5303130774603679,-66,0,"DSF0000908640, DSF0000908642"
SCA CIP,Scope,Bronx,4.837051550831765,181,2019,0,0,1,0,0,0.9380775667612603,-35,0,"DSF0000908640, DSF0000908642"
SCA CIP RESOA,Design,Bronx,4.556302500767287,152,2020,0,0,0,0,0,0.6735555555555556,-56,0,DSF0000890973
SCA CIP,Scope,Bronx,5.065758922247337,140,2018,0,0,1,0,0,0.7751572867604084,-33,0,"DSF0000885831, DSF0000885832, DSF0000885833, DSF0000885834"
SCA CIP,Scope,Bronx,4.14097916347697,139,2019,1,0,0,0,1,0.10177087097940007,-15,0,"DSF0000912341, DSF0000954398"
SCA CIP,Design,Bronx,4.294730690484331,178,2018,0,0,0,0,0,0.834466314935065,-12,0,DSF0000868104
SCA CIP,"CM,F&E",Bronx,5.3634803555596005,449,2019,0,0,1,0,0,2.772099770493223,-211,1,"DSF0000863244, DSF0000885886"
SCA CIP,Construction,Bronx,6.569534837992725,449,2019,0,0,1,0,0,0.9108890909703277,-211,0,"DSF0000863244, DSF0000885886"
SCA CIP,Design,Bronx,5.296533565928987,136,2018,0,0,1,0,0,0.9337829645347074,6,0,"DSF0000863244, DSF0000885886"
SCA CIP,Scope,Bronx,4.694473574601025,129,2017,0,0,1,0,0,0.9073052440133373,52,0,"DSF0000863244, DSF0000885886"
SCA CIP,Scope,Bronx,5.035357683353344,156,2020,1,1,0,0,0,0.3829944138198042,-42,0,"DSF0000961024, DSF0000954449, DSF0001003581"
SCA CIP RESOA,"CM,F&E",Bronx,5.305647964376237,269,2019,0,0,0,0,0,1.0,207,1,DSF0000867218
SCA CIP RESOA,Construction,Bronx,6.010702679778368,269,2019,0,0,0,0,0,1.0,207,1,DSF0000867218
SCA CIP RESOA,Design,Bronx,4.844483388783956,126,2019,0,0,0,0,0,1.0,-36,0,DSF0000867218
SCA CIP RESOA,Design,Bronx,4.176091259055681,153,2017,0,0,0,0,0,2.5949333333333335,185,1,DSF0000822353
SCA CIP RESOA,Scope,Bronx,4.231087120584823,60,2018,0,0,0,0,0,1.0,-10,0,DSF0000867218
SCA CIP,Design,Bronx,5.77668811138251,193,2019,0,0,1,0,0,0.4482743627734614,-61,0,"DSF0000908750, DSF0000908751, DSF0000954492"
SCA CIP,Scope,Bronx,5.077716654510435,179,2019,0,0,1,0,0,1.2264540620087627,-28,1,"DSF0000908750, DSF0000908751, DSF0000954492"
SCA CIP,Design,Bronx,5.056432203746807,155,2019,0,0,1,0,0,0.8912764761670589,53,0,"DSF0000908768, DSF0000908767, DSF0000912506, DSF0000954505, DSF0000960653"
SCA CIP,Scope,Bronx,4.357458385645036,138,2019,0,0,1,0,0,1.1624588364434687,-11,1,"DSF0000908768, DSF0000908767, DSF0000912506, DSF0000954505, DSF0000960653"
SCA CIP RESOA,Design,Bronx,4.663512470415156,137,2019,0,0,0,0,0,1.0532552083333333,-41,0,DSF0000890960
SCA CIP,Design,Bronx,4.723939775929715,173,2019,0,0,0,1,1,0.3443607318869314,64,0,"DSF0000889382, DSF0000954548"
SCA CIP,Scope,Bronx,4.070739562849198,139,2018,0,0,0,1,1,0.4809244625711615,286,1,"DSF0000889382, DSF0000954548"
SCA CIP,Design,Bronx,5.796185653088172,152,2019,0,0,1,0,0,0.6599689818367869,-104,0,"DSF0000886017, DSF0000886018, DSF0000886019"
SCA CIP,Scope,Bronx,5.19412566176021,141,2018,0,0,1,0,0,0.8603159375799437,29,0,"DSF0000886017, DSF0000886018, DSF0000886019"
SCA CIP,Design,Bronx,4.572859989893312,150,2019,1,0,0,0,0,0.6679857750207224,-92,0,"DSF0000868308, DSF0000912222"
SCA CIP,Scope,Bronx,4.008600171761918,420,2018,1,0,0,0,0,0.5923529411764706,-115,0,"DSF0000868308, DSF0000912222"
SCA CIP,Design,Bronx,4.307624381848118,177,2018,0,0,0,0,0,0.3242391411405496,-2,0,DSF0000868105
SCA CIP,Design,Bronx,5.179672411769186,158,2019,0,0,1,0,0,1.0881633408709221,84,0,"DSF0000908893, DSF0000908894"
SCA CIP,Scope,Bronx,4.480696664354479,136,2019,0,0,1,0,0,3.23370140174557,-7,1,"DSF0000908893, DSF0000908894"
SCA CIP RESOA,Design,Bronx,4.477121254719663,150,2019,0,0,0,0,0,1.0033333333333334,49,0,DSF0000890724
SCA CIP,Design,Bronx,4.2681097298084785,154,2019,1,0,0,0,0,0.5110571736785329,-21,0,DSF0000912143
SCA CIP,Design,Bronx,6.032617149365422,169,2018,1,0,0,0,1,0.3872825131076553,1,0,"DSF0000889383, DSF0000908908"
SCA CIP,Scope,Bronx,5.43055715803746,139,2018,1,0,0,0,1,0.4599534692150991,-28,0,"DSF0000889383, DSF0000908908"
SCA CIP,Design,Bronx,4.523629425582633,184,2020,1,0,0,0,0,1.4995657512503369,-94,1,DSF0000912145
SCA CIP RESOA,Design,Bronx,5.033423755486949,156,2019,0,0,0,0,0,0.6166203703703703,-78,0,DSF0000890967
SCA CIP,Scope,Bronx,4.3460202792045575,141,2019,0,0,1,0,0,1.58603435062886,42,1,DSF0000908962
SCA CIP RESOA,Design,Bronx,4.653212513775344,138,2019,0,0,0,0,0,0.9198,42,0,DSF0000890961
SCA CIP,Design,Bronx,4.012119835804513,156,2019,1,0,0,0,0,0.6681902168627832,0,0,DSF0000912146
SCA CIP RESOA,Design,Bronx,4.431363764158987,175,2019,0,0,0,0,0,0.4031851851851852,-97,0,DSF0000890962
SCA CIP,Design,Bronx,5.845587276269622,153,2018,0,0,0,0,0,1.0009389416785937,122,1,"DSF0000912363, DSF0000889317, DSF0000886320"
SCA CIP,Design,Bronx,5.2820281484475196,150,2019,0,0,1,0,0,0.5673429517650623,-99,0,"DSF0000886314, DSF0000886315"
SCA CIP,Scope,Bronx,5.249508980923275,121,2017,0,0,0,0,0,1.4007498859970613,73,1,"DSF0000912363, DSF0000889317, DSF0000886320"
SCA CIP,Scope,Bronx,4.692194547361108,141,2018,0,0,1,0,0,0.7336976394588226,6,0,"DSF0000886314, DSF0000886315"
SCA CIP,Design,Bronx,5.620354709372832,152,2018,0,0,1,0,0,0.7921502360921359,178,1,"DSF0000886329, DSF0000886331, DSF0000886330, DSF0000889085"
SCA CIP,Scope,Bronx,5.030081335414012,137,2017,0,0,1,0,0,1.1893125069980965,-57,1,"DSF0000886329, DSF0000886331, DSF0000886330, DSF0000889085"
SCA CIP,Design,Bronx,4.363912685794346,180,2020,0,0,0,0,0,0.2041875757051393,0,0,DSF0000960761
SCA CIP,Design,Bronx,4.199096656305616,281,2018,0,0,0,0,0,1.0053743045017705,-42,0,DSF0000868106
SCA CIP,Scope,Bronx,4.257462573630329,141,2019,0,0,0,0,0,4.1102205516555195,19,1,DSF0000912948
SCA CIP,Design,Bronx,6.005951430120939,209,2019,0,0,1,0,0,0.5602723619498164,-48,0,"DSF0000909220, DSF0000909221, DSF0000909222, DSF0000909223, DSF0000955032"
SCA CIP,Scope,Bronx,5.306982282551364,181,2019,0,0,1,0,0,1.3414282896034722,-41,1,"DSF0000909220, DSF0000909221, DSF0000909222, DSF0000909223, DSF0000955032"
SCA CIP,Design,Bronx,4.399119686027934,154,2019,1,0,0,0,0,0.2473272698260731,5,0,DSF0000911993
SCA CIP,Scope,Bronx,4.42646246149016,140,2019,0,0,1,0,0,1.5135033898939956,19,1,"DSF0000909253, DSF0000909255"
SCA CIP,Design,Bronx,5.162376191381581,153,2019,0,0,1,0,0,0.5860861308544968,-64,0,"DSF0000886458, DSF0000886459, DSF0000886460, DSF0000886461"
SCA CIP,Scope,Bronx,4.582756316679422,141,2018,0,0,1,0,0,1.3647839836909648,-19,1,"DSF0000886458, DSF0000886459, DSF0000886460, DSF0000886461"
SCA CIP,Design,Bronx,5.236743779359659,72,2017,0,0,0,0,0,1.1386985308611912,5,1,DSF0000865776
SCA CIP,Scope,Bronx,4.634688823826319,125,2016,0,0,0,0,0,0.8500034785835208,-20,0,DSF0000865776
SCA CIP RESOA,Design,Bronx,4.577146984827525,119,2019,0,0,0,0,0,1.5829494307651575,-39,1,DSF0000890964
OUTROS,Scope,Bronx,5.424409533862346,175,2019,0,0,0,0,0,1.1549653570985017,-5,1,DSF0000911830
SCA CIP,Scope,Bronx,5.4917691790420395,141,2018,0,0,1,0,0,0.6262572875139788,180,1,"DSF0000886521, DSF0000886522, DSF0000886523, DSF0000886524"
SCA Capacity,Design,Bronx,6.661207658249597,189,2018,0,0,0,0,0,0.5085312668398926,99,1,DSF0000798179
SCA Capacity,Scope,Bronx,6.007995144474253,133,2017,0,0,0,0,0,0.6678837204736005,0,0,DSF0000798179
SCA Capacity,Design,Bronx,6.555616739452875,164,2018,0,0,0,0,0,0.7478516103185026,18,0,DSF0000798177
SCA Capacity,Scope,Bronx,6.050466761132969,203,2017,0,0,0,0,0,0.6642889892942198,0,0,DSF0000798177
SCA CIP,Design,Bronx,6.366836507481111,158,2016,0,0,1,0,0,0.5915078752930004,132,1,"DSF0000800334, DSF0000842000, DSF0000844751, DSF0000844752, DSF0000844753"
SCA CIP,Scope,Bronx,5.768011733020802,141,2014,0,0,1,0,0,0.7198893123650099,0,0,"DSF0000800334, DSF0000842000, DSF0000844751, DSF0000844752, DSF0000844753"
SCA CIP,Design,Bronx,4.663097581391381,62,2007,0,0,0,0,0,1.954970023459901,0,1,SCA0000003832
SCA CIP,Design,Bronx,5.874988874945512,156,2019,0,0,1,0,0,0.5352745457576262,84,0,"DSF0000886581, DSF0000886582, DSF0000886583, DSF0000886584"
SCA CIP,Scope,Bronx,5.177666336013047,140,2018,0,0,1,0,0,1.6259922282374042,196,1,"DSF0000886581, DSF0000886582, DSF0000886583, DSF0000886584"
SCA CIP,Scope,Bronx,4.1859668927678415,18,2007,0,0,0,0,0,1.2367546432062562,0,1,SCA0000003832
SCA CIP,Design,Bronx,6.305781151254982,150,2018,0,0,1,0,0,0.6782002967359051,-107,0,"DSF0000886604, DSF0000886605, DSF0000886606, DSF0000886603"
SCA CIP,Scope,Bronx,5.70372115992702,137,2017,0,0,1,0,0,0.6599366963402572,-39,0,"DSF0000886604, DSF0000886605, DSF0000886606, DSF0000886603"
SCA CIP,Design,Bronx,5.992408139601618,157,2016,0,0,1,0,0,0.65437872899475,92,1,"DSF0000797012, DSF0000842105, DSF0000842108, DSF0000844686, DSF0000844687"
SCA CIP,Design,Bronx,4.6372995589616295,146,2019,0,0,0,0,0,0.9121735321915124,-40,0,DSF0000912170
SCA CIP,Scope,Bronx,5.393362829605086,135,2014,0,0,1,0,0,0.8170782483557618,209,1,"DSF0000797012, DSF0000842105, DSF0000842108, DSF0000844686, DSF0000844687"
SCA CIP,Design,Bronx,4.514760199518823,155,2018,1,0,0,0,0,0.8077087663528548,-14,0,DSF0000868311
SCA CIP RESOA,Design,Bronx,5.169968173996892,141,2019,0,0,0,0,0,1.0391413116970927,75,0,DSF0000866163
SCA CIP,Design,Bronx,5.609503699430964,233,2020,0,0,0,0,0,1.1303146848850496,3,1,DSF0000960480
SCA CIP,Design,Bronx,5.272989690723135,210,2019,0,0,0,0,0,2.4431051494706524,0,1,DSF0000886685
SCA CIP,Scope,Bronx,4.574019686387116,182,2018,0,0,0,0,0,6.330435478279421,-17,1,DSF0000886685
SCA CIP,Scope,Bronx,4.910533695094945,91,2018,0,0,0,0,0,1.3711094454615829,-91,1,DSF0000960480
SCA CIP,Design,Bronx,6.320815498052247,180,2019,1,0,1,0,0,0.24858412123314144,-31,0,"DSF0000909503, DSF0000909505, DSF0000909506, DSF0000909507, DSF0000955325, DSF0000955327"
SCA CIP,Scope,Bronx,5.624532697056529,181,2019,1,0,1,0,0,0.8109238610493231,-26,0,"DSF0000909503, DSF0000909505, DSF0000909506, DSF0000909507, DSF0000955325, DSF0000955327"
SCA CIP,Design,Bronx,4.549432437097535,154,2019,1,0,0,0,0,0.18199520248342035,-5,0,DSF0000912147
SCA CIP,Design,Bronx,5.841973556529815,141,2018,0,0,0,0,1,1.0,13,0,"DSF0000774374, DSF0000912933"
SCA CIP,Scope,Bronx,5.210016040661033,119,2013,0,0,0,0,1,1.0,-18,0,"DSF0000774374, DSF0000912933"
SCA CIP,Design,Bronx,4.622379831685271,178,2018,0,0,0,0,0,0.452786525431816,-2,0,DSF0000868107
SCA CIP,Scope,Bronx,4.058122215782914,120,2018,0,0,0,0,0,0.40920223932820154,-70,0,DSF0000868107
SCA Capacity,Design,Bronx,6.5721277878771,188,2018,0,0,0,0,0,0.5749761624169702,47,0,DSF0000798176
SCA Capacity,Scope,Bronx,6.066977809557193,171,2017,0,0,0,0,0,0.6574107563745447,7,0,DSF0000798176
SCA CIP RESOA,Design,Bronx,4.079181246047625,153,2019,0,0,0,0,0,2.9130833333333332,-15,1,DSF0000890732
SCA Capacity,Scope,Bronx,5.852691599640452,147,2019,0,0,0,0,0,1.1377966075522181,1,1,DSF0000889040
SCA Capacity,Scope,Bronx,5.949601246848135,163,2019,0,0,0,0,0,0.911357732698586,7,0,DSF0000889039
SCA CIP,Scope,Bronx,4.016155511951455,0,2019,0,0,0,0,0,0.11099335196068985,0,0,DSF0000889039
SCA CIP,Design,Bronx,5.009408399151867,137,2019,0,0,0,0,0,1.710881690967805,323,1,DSF0000889643
SCA CIP,Scope,Bronx,4.097014231178033,138,2020,0,0,0,0,1,0.9688874670079181,-4,0,DSF0000960593
SCA CIP,Scope,Bronx,4.407356907485948,96,2018,0,0,0,0,0,4.713911069359637,45,1,DSF0000889643
SCA CIP,Design,Bronx,5.715969935082,156,2018,0,0,0,0,0,0.9876182783291022,15,0,DSF0000889038
SCA CIP,Scope,Bronx,5.113909943754037,90,2018,0,0,0,0,0,0.9345949688437573,-48,0,DSF0000889038
SCA CIP,Design,Bronx,5.694605198933568,154,2018,0,0,0,0,0,1.0273939393939393,69,0,DSF0000889566
SCA CIP,Scope,Bronx,5.092545207605606,0,2018,0,0,0,0,0,0.23233131313131314,0,0,DSF0000889566
SCA CIP,Design,Bronx,5.713204839614709,176,2018,0,0,0,0,0,1.1637150156776217,59,1,DSF0000889568
SCA CIP,Scope,Bronx,5.111144848286746,0,2018,0,0,0,0,0,0.24615801494212827,0,0,DSF0000889568
SCA CIP,Design,Bronx,6.116453655004792,208,2019,0,0,0,0,0,0.34952383720218794,148,1,DSF0000889569
SCA CIP,Scope,Bronx,5.514393663676829,141,2018,0,0,0,0,0,1.1208196179684538,31,1,DSF0000889569
3K,"CM,F&E",Bronx,6.1106132760271095,416,2019,0,0,0,0,0,0.33544303797468356,-19,0,DSF0000891031
3K,Construction,Bronx,6.96194904599283,416,2019,0,0,0,0,0,0.989475206661187,-19,0,DSF0000891031
3K,Design,Bronx,5.81504617606463,69,2019,0,0,0,0,0,1.2532853643600734,43,1,DSF0000891031
3K,Scope,Bronx,5.309896197744725,45,2018,0,0,0,0,0,1.1447985303123087,7,1,DSF0000891031
SCA Capacity,Design,Bronx,6.781921953857376,216,2019,0,0,0,0,0,0.4738013730600211,0,0,DSF0000889308
SCA Capacity,Scope,Bronx,6.128709368325343,158,2019,0,0,0,0,0,0.7361810016654771,-9,0,DSF0000889308
SCA CIP,Design,Bronx,4.787814567063023,150,2019,0,0,0,0,0,0.8197881010594947,35,0,DSF0000889308
SCA CIP,Scope,Bronx,4.0888445627270045,0,2019,0,0,0,0,0,1.0247758761206194,0,0,DSF0000889308
3K,Design,Bronx,5.84297910595821,70,2019,0,0,0,0,0,0.5339028672409858,164,1,DSF0000912335
3K,Scope,Bronx,5.189765345270809,38,2019,0,0,0,0,0,0.8783317613922661,0,0,DSF0000912335
3K,Design,Bronx,5.897611148542155,99,2019,0,0,0,0,0,1.0166601052443698,211,1,DSF0000912336
3K,Scope,Bronx,5.244398359886708,35,2019,0,0,0,0,0,1.2789021868538129,0,1,DSF0000912336
SCA Capacity,Scope,Bronx,6.148813581861781,169,2019,0,0,0,0,0,0.7565323379835364,6,0,DSF0000889664
SCA CIP,Design,Bronx,4.612910948701885,126,2019,0,0,0,0,0,1.5448405344777139,2,1,DSF0000889664
SCA CIP,Scope,Bronx,4.301029995663981,0,2019,0,0,0,0,0,0.0233,0,0,DSF0000889664
SCA CIP,Design,Bronx,5.739306465364184,172,2014,0,0,0,0,0,1.5507778895644693,46,1,"DSF0000775834, DSF0000799356"
SCA CIP,Design,Bronx,5.9238897974794495,156,2019,0,0,1,0,0,0.001441768633072266,77,0,"DSF0000960895, DSF0000909675, DSF0000909677, DSF0000914246"
SCA CIP,Design,Bronx,4.419889691073568,180,2020,0,0,0,0,0,0.19493459081229084,0,0,DSF0000960764
SCA CIP,Scope,Bronx,5.224918758179947,140,2018,0,0,1,0,0,0.792408653015508,131,1,"DSF0000960895, DSF0000909675, DSF0000909677, DSF0000914246"
SCA CIP,Scope,Bronx,5.137246474036221,439,2013,0,0,0,0,0,0.5622457460303574,-16,0,"DSF0000775834, DSF0000799356"
SCA CIP RESOA,Design,Bronx,4.3329431601256925,141,2018,0,0,0,0,0,1.949082462253194,64,1,DSF0000866349
SCA CIP,Design,Bronx,5.3952092837992325,138,2019,0,0,0,0,0,0.875197739430752,-18,0,DSF0000889644
SCA CIP,Scope,Bronx,4.793147544332513,94,2018,0,0,0,0,0,1.372158176080376,17,1,DSF0000889644
SCA CIP,Design,Bronx,5.243236537941076,175,2018,0,0,0,0,0,0.5977667352067626,-12,0,DSF0000890619
SCA CIP,Scope,Bronx,4.641176546613114,152,2018,0,0,0,0,0,0.5532785012565684,-72,0,DSF0000890619
SCA CIP,Design,Bronx,5.802068022143412,151,2013,0,0,1,0,0,0.8484705088103677,147,1,"DSF0000775579, DSF0000775995, DSF0000775993, DSF0000775994, DSF0000776000"
SCA CIP,Scope,Bronx,5.209539141343665,140,2012,0,0,1,0,0,0.926689258004185,-8,0,"DSF0000775579, DSF0000775995, DSF0000775993, DSF0000775994, DSF0000776000"
SCA CIP,Design,Bronx,4.653289714821126,152,2018,0,0,1,0,0,0.46625044436544616,65,0,DSF0000886964
SCA CIP,Scope,Bronx,4.089021500795006,121,2017,0,0,1,0,0,0.6376374745417516,157,1,DSF0000886964
SCA CIP,Design,Bronx,4.693639026161549,153,2018,1,0,0,0,0,1.1266450698521968,-55,1,DSF0000888991
SCA CIP,Scope,Bronx,4.129367595722986,121,2018,1,0,0,0,0,0.9930215293244247,-79,0,DSF0000888991
SCA CIP RESOA,Design,Bronx,4.355643050220869,96,2019,0,0,0,0,1,2.430114638447972,-6,1,"DSF0000890963, DSF0000912303"
SCA CIP,Design,Bronx,4.865216532975346,143,2018,0,0,0,0,0,1.4264515337088612,0,1,DSF0000912253
SCA CIP,Scope,Bronx,4.300943128080553,91,2018,0,0,0,0,0,4.9433386677335465,-21,1,DSF0000912253
SCA CIP,Design,Bronx,4.282078054577154,159,2019,1,0,0,0,0,0.37078240885824715,0,0,DSF0000912770
SCA CIP,Design,Bronx,5.847604736527137,152,2014,0,0,1,0,1,1.171875088771852,107,1,"DSF0000751712, SCA0000025015, DSF0000797406, DSF0000797408, DSF0000797407, DSF0000797414"
SCA CIP,Scope,Bronx,5.247656631256657,442,2012,0,0,1,0,1,1.3178927014603863,113,1,"DSF0000751712, SCA0000025015, DSF0000797406, DSF0000797408, DSF0000797407, DSF0000797414"
SCA CIP RESOA,"CM,F&E",Bronx,4.863138394526509,269,2019,0,0,0,0,0,1.1696610889555838,233,1,DSF0000867212
SCA CIP RESOA,Construction,Bronx,5.739830945576675,269,2019,0,0,0,0,0,0.7817584061952171,233,1,DSF0000867212
SCA CIP RESOA,Design,Bronx,4.5734982061519345,159,2018,0,0,0,0,0,1.6591819298339296,-28,1,DSF0000867212
SCA CIP,Scope,Bronx,4.197528655522771,139,2019,0,0,1,0,0,1.1658734691287518,-29,1,DSF0000909948
SCA CIP,Design,Bronx,4.955860856466825,51,2020,0,0,1,0,0,1.1164541268154446,-2,1,DSF0000960658
SCA CIP,Scope,Bronx,4.256886044558126,139,2019,0,0,1,0,0,1.8343941993690154,-84,1,DSF0000960658
